	comment	HMT	level	type	source	max Segata oral sites	max Dewhirst oral site	max Eren oral site	max any oral site	Abundance category	Eren et al. 2014 abundance data																				
Headers											BM		KG		HP		TD		PT		Throat		Saliva		SupP		SubP		Stool		
HOMD taxonomy											mean	prevalence	mean	prevalence	mean	prevalence	mean	prevalence	mean	prevalence	mean	prevalence	mean	prevalence	mean	prevalence	mean	prevalence	mean	prevalence	notes
Bacteria;Actinobacteria;Actinomycetia;Actinomycetales;Actinomycetaceae;Actinomyces;gerencseriae		618	Species				0.042	0.235	0.234802767	2	0.003	7.792	0.011	2.597	0.006	6.494	0	1.299	0.001	3.896	0.003	5.195	0.009	9.091	0.135	61.039	0.235	59.74	0	0	
Bacteria;Actinobacteria;Actinomycetia;Actinomycetales;Actinomycetaceae;Actinomyces;graevenitzii		866	Species				0.842	2.506	2.506473969	1	0.142	59.74	0.02	20.779	0.925	85.714	2.506	93.506	1.455	88.312	1.778	85.714	0.455	79.221	0.001	3.896	0.005	3.896	0	0	
Bacteria;Actinobacteria;Actinomycetia;Actinomycetales;Actinomycetaceae;Actinomyces;israelii		645	Species				0.051		0.050648785	3																					
Bacteria;Actinobacteria;Actinomycetia;Actinomycetales;Actinomycetaceae;Actinomyces;johnsonii		849	Species				0.074	0.085	0.085182195	3	0.017	20.779	0	2.597	0.007	12.987	0	0	0.001	2.597	0.003	2.597	0.001	3.896	0.081	32.468	0.085	37.662	0	0	
Bacteria;Actinobacteria;Actinomycetia;Actinomycetales;Actinomycetaceae;Actinomyces;massiliensis		852	Species				0.182	0.536	0.536045073	2	0.008	18.182	0.024	20.779	0.005	14.286	0	1.299	0.001	5.195	0.003	2.597	0.004	9.091	0.536	80.519	0.446	77.922	0	0	
Bacteria;Actinobacteria;Actinomycetia;Actinomycetales;Actinomycetaceae;Actinomyces;naeslundii		176	Species				0.777	1.008	1.007797052	1	0.07	61.039	0.014	28.571	0.028	41.558	0.003	11.688	0.012	28.571	0.02	25.974	0.057	44.156	0.958	85.714	1.008	90.909	0.001	2.597	
Bacteria;Actinobacteria;Actinomycetia;Actinomycetales;Actinomycetaceae;Actinomyces;oricola		708	Species						0	4																					
Bacteria;Actinobacteria;Actinomycetia;Actinomycetales;Actinomycetaceae;Actinomyces;oris		893	Species				0.739	1.97	1.96978888	1	0.42	72.727	0.232	62.338	0.102	79.221	0.011	28.571	0.025	35.065	0.125	32.468	0.12	59.74	1.97	93.506	1.813	92.208	0	0	
Bacteria;Actinobacteria;Actinomycetia;Actinomycetales;Actinomycetaceae;Actinomyces;radicidentis		746	Species						0	4																					
Bacteria;Actinobacteria;Actinomycetia;Actinomycetales;Actinomycetaceae;Actinomyces;sp. HMT 169		169	Species				2.899	3.847	3.846565497	1	1.005	80.519	0.286	58.442	0.135	71.429	0.013	25.974	0.043	41.558	0.044	40.26	0.205	64.935	3.847	92.208	3.108	89.61	0	1.299	includes some A. sp. HMT 175
Bacteria;Actinobacteria;Actinomycetia;Actinomycetales;Actinomycetaceae;Actinomyces;sp. HMT 170		170	Species				0.149	1.156	1.15579796	1	0.167	61.039	0.064	32.468	0.04	33.766	0.001	1.299	0.005	12.987	0.125	18.182	0.042	36.364	1.156	83.117	0.714	80.519	0	0	
Bacteria;Actinobacteria;Actinomycetia;Actinomycetales;Actinomycetaceae;Actinomyces;sp. HMT 171		171	Species				0.792	0.408	0.792426575	2	0.036	27.273	0.004	10.39	0.008	18.182	0.001	2.597	0.001	2.597	0.008	9.091	0.014	22.078	0.408	74.026	0.358	70.13	0	0	
Bacteria;Actinobacteria;Actinomycetia;Actinomycetales;Actinomycetaceae;Actinomyces;sp. HMT 175		175	Species				0.319	0.106	0.319192835	2	0.021	14.286	0.026	11.688	0.006	10.39	0.001	1.299	0	1.299	0.002	2.597	0.003	9.091	0.106	24.675	0.065	18.182	0	0	this is pure A. sp. HMT 175; more may be included as A. sp. HMT 169
Bacteria;Actinobacteria;Actinomycetia;Actinomycetales;Actinomycetaceae;Actinomyces;sp. HMT 414		414	Species				0.022		0.022076011	3																					
Bacteria;Actinobacteria;Actinomycetia;Actinomycetales;Actinomycetaceae;Actinomyces;sp. HMT 448		448	Species				0.871	0.612	0.870914111	2	0.01	9.091	0.002	3.896	0.002	5.195	0	1.299	0.001	1.299	0.002	6.494	0.003	7.792	0.23	33.766	0.612	27.273	0	0	
Bacteria;Actinobacteria;Actinomycetia;Actinomycetales;Actinomycetaceae;Actinomyces;sp. HMT 525		525	Species				0.045		0.045492957	3																					
Bacteria;Actinobacteria;Actinomycetia;Actinomycetales;Actinomycetaceae;Actinomyces;sp. HMT 896		896	Species				0.009		0.009412422	4																					
Bacteria;Actinobacteria;Actinomycetia;Actinomycetales;Actinomycetaceae;Actinomyces;sp. HMT 897		897	Species				0.012		0.011530065	3																					
Bacteria;Actinobacteria;Actinomycetia;Actinomycetales;Actinomycetaceae;Actinomyces;timonensis		179	Species				0.004		0.004001433	4																					
Bacteria;Actinobacteria;Actinomycetia;Actinomycetales;Actinomycetaceae;Actinomyces;viscosus		688	Species				0.139	1.58	1.580022168	1	0.069	45.455	0.017	16.883	0.027	41.558	0.002	9.091	0.007	19.481	0.173	16.883	0.062	38.961	1.58	88.312	1.456	85.714	0.001	1.299	includes some A. sp. HMT 171
Bacteria;Actinobacteria;Actinomycetia;Actinomycetales;Actinomycetaceae;Arcanobacterium;haemolyticum		811	Species						0	4																					
Bacteria;Actinobacteria;Actinomycetia;Actinomycetales;Actinomycetaceae;Mobiluncus;mulieris		830	Species						0	4																					
Bacteria;Actinobacteria;Actinomycetia;Actinomycetales;Actinomycetaceae;Peptidiphaga;gingivicola		848	Species				0.579		0.578972923	2																					
Bacteria;Actinobacteria;Actinomycetia;Actinomycetales;Actinomycetaceae;Peptidiphaga;sp. HMT 183		183	Species				0.323	0.518	0.518481747	2	0.109	16.883	0.003	7.792	0.004	10.39	0	1.299	0.001	3.896	0.004	7.792	0.025	19.481	0.496	63.636	0.518	64.935	0	0	
Bacteria;Actinobacteria;Actinomycetia;Actinomycetales;Actinomycetaceae;Schaalia;cardiffensis		850	Species				0.008		0.008145181	4																					
Bacteria;Actinobacteria;Actinomycetia;Actinomycetales;Actinomycetaceae;Schaalia;georgiae		617	Species				0.01		0.010407098	3																					
Bacteria;Actinobacteria;Actinomycetia;Actinomycetales;Actinomycetaceae;Schaalia;lingnae [Not Validly Published]		181	Species				0.632	1.448	1.448475663	1	0.2	79.221	0.036	33.766	0.788	96.104	1.448	100	0.564	97.403	0.614	96.104	0.536	89.61	0.005	12.987	0.009	16.883	0.002	9.091	
Bacteria;Actinobacteria;Actinomycetia;Actinomycetales;Actinomycetaceae;Schaalia;meyeri		671	Species				0.029		0.028716514	3																					
Bacteria;Actinobacteria;Actinomycetia;Actinomycetales;Actinomycetaceae;Schaalia;odontolytica		701	Species				1.007		1.007333629	1																					
Bacteria;Actinobacteria;Actinomycetia;Actinomycetales;Actinomycetaceae;Schaalia;sp. HMT 172		172	Species				0.53	5.112	5.111540666	1	0.363	77.922	0.127	49.351	1.7	96.104	5.112	98.701	2.891	96.104	3.463	97.403	1.252	89.61	0.127	58.442	0.193	55.844	0.002	7.792	includes some S. sp. HMT 180
Bacteria;Actinobacteria;Actinomycetia;Actinomycetales;Actinomycetaceae;Schaalia;sp. HMT 178		178	Species				0.041		0.040509166	3																					
Bacteria;Actinobacteria;Actinomycetia;Actinomycetales;Actinomycetaceae;Schaalia;sp. HMT 180		180	Species				1.213	0.297	1.21349573	1	0.001	5.195	0.001	2.597	0.025	14.286	0.04	14.286	0.147	19.481	0.297	24.675	0.034	14.286	0	0	0	0	0	0	this is pure S. sp. HMT 180; more may be included as S. sp. HMT 172
Bacteria;Actinobacteria;Actinomycetia;Actinomycetales;Micrococcaceae;Rothia;aeria		188	Species				1.808	9.777	9.777368782	1	1.588	97.403	0.262	63.636	0.387	93.506	0.037	49.351	0.123	59.74	0.28	59.74	0.83	88.312	9.777	97.403	7.342	96.104	0.001	5.195	includes R. aeria and R. dentocariosa, which cannot be distinguished with this data
Bacteria;Actinobacteria;Actinomycetia;Actinomycetales;Micrococcaceae;Rothia;dentocariosa		587	Species				2.337	9.777	9.777368782	1	1.588	97.403	0.262	63.636	0.387	93.506	0.037	49.351	0.123	59.74	0.28	59.74	0.83	88.312	9.777	97.403	7.342	96.104	0.001	5.195	includes R. aeria and R. dentocariosa, which cannot be distinguished with this data
Bacteria;Actinobacteria;Actinomycetia;Actinomycetales;Micrococcaceae;Rothia;mucilaginosa		681	Species				3.498	4.895	4.894695632	1	2.264	94.805	0.466	64.935	3.623	98.701	4.895	100	1.799	97.403	2.388	94.805	1.499	94.805	0.073	48.052	0.051	50.649	0.002	3.896	
Bacteria;Actinobacteria;Actinomycetia;Corynebacteriales;Corynebacteriaceae;Corynebacterium;durum		595	Species				0.243	2.843	2.843170117	1	0.086	72.727	0.029	37.662	0.126	72.727	0.008	22.078	0.017	28.571	0.126	37.662	0.134	59.74	2.843	93.506	2.025	90.909	0	0	
Bacteria;Actinobacteria;Actinomycetia;Corynebacteriales;Corynebacteriaceae;Corynebacterium;matruchotii		666	Species				3.121	5.686	5.686030182	1	0.158	55.844	0.286	23.377	0.037	45.455	0.009	19.481	0.015	27.273	0.065	27.273	0.043	40.26	5.686	85.714	4.042	85.714	0.002	3.896	
Bacteria;Actinobacteria;Actinomycetia;Corynebacteriales;Corynebacteriaceae;Corynebacterium;singulare		63	Species	eHOMD expansion for skin and nasal taxa				0.099	0.099405825	3	0.003	5.195	0.001	1.299	0.047	5.195	0.099	6.494	0.008	3.896	0.017	3.896	0.018	3.896	0.001	3.896	0	1.299	0	0	
Bacteria;Actinobacteria;Actinomycetia;Propionibacterales;Propionibacteriaceae;Arachnia;propionica		739	Species				0.209	0.455	0.455295947	2	0.014	24.675	0.008	10.39	0.007	15.584	0.002	6.494	0.007	6.494	0.005	6.494	0.008	16.883	0.451	79.221	0.455	80.519	0	0	
Bacteria;Actinobacteria;Actinomycetia;Propionibacterales;Propionibacteriaceae;Arachnia;rubra		194	Species				0.268	0.451	0.450803076	2	0.028	15.584	0.004	6.494	0.004	10.39	0.001	3.896	0.002	3.896	0.003	3.896	0.013	14.286	0.451	40.26	0.27	36.364	0	0	
Bacteria;Actinobacteria;Actinomycetia;Propionibacterales;Propionibacteriaceae;Cutibacterium;acnes		530	Species				0.012	0.203	0.202909363	2	0.03	35.065	0.01	23.377	0.038	42.857	0.007	12.987	0.022	25.974	0.041	35.065	0.203	46.753	0.008	12.987	0.015	28.571	0.002	5.195	
Bacteria;Actinobacteria;Coriobacteriia;Coriobacteriales;Coriobacteriaceae;Atopobium;parvulum		723	Species				1.303	0.983	1.303463313	1	0.094	62.338	0.013	16.883	0.46	90.909	0.983	90.909	0.561	89.61	0.84	88.312	0.712	83.117	0.027	33.766	0.115	55.844	0	1.299	
Bacteria;Bacteroidetes;Bacteroidetes [C-1];Bacteroidetes [O-1];Bacteroidetes[F-1];Bacterioidetes [G-5];bacterium HMT 511		511	Species				0.076	0.409	0.408708877	2	0.016	10.39	0	1.299	0.002	5.195	0.001	3.896	0.026	12.987	0.002	6.494	0.021	11.688	0.088	9.091	0.409	14.286	0	0	
Bacteria;Bacteroidetes;Bacteroidia;Bacteroidales;Bacteroidales [F-2];Bacteroidales [G-2];bacterium HMT 274		274	Species				1.368	1.202	1.367720719	1	0.048	23.377	0.001	3.896	0.007	9.091	0.003	7.792	0.197	27.273	0.02	19.481	0.111	49.351	0.363	38.961	1.202	55.844	0	1.299	
Bacteria;Bacteroidetes;Bacteroidia;Bacteroidales;Porphyromonadaceae;Porphyromonas;asaccharolytica		547	Species						0	4																					
Bacteria;Bacteroidetes;Bacteroidia;Bacteroidales;Porphyromonadaceae;Porphyromonas;catoniae		283	Species				0.382		0.382208327	2																					
Bacteria;Bacteroidetes;Bacteroidia;Bacteroidales;Porphyromonadaceae;Porphyromonas;endodontalis		273	Species				0.682	0.328	0.681682523	2	0.006	12.987	0	0	0.005	12.987	0.004	10.39	0.327	36.364	0.042	16.883	0.089	32.468	0.045	16.883	0.328	29.87	0	0	
Bacteria;Bacteroidetes;Bacteroidia;Bacteroidales;Porphyromonadaceae;Porphyromonas;gingivalis		619	Species				0.387	0.236	0.386587124	2	0.001	2.597	0	0	0	1.299	0	1.299	0.045	3.896	0.004	3.896	0.014	5.195	0.026	5.195	0.236	3.896	0	0	
Bacteria;Bacteroidetes;Bacteroidia;Bacteroidales;Porphyromonadaceae;Porphyromonas;pasteri		279	Species				6.05	4.207	6.04967015	1	2.247	97.403	1.312	81.818	3.016	93.506	3.913	89.61	3.047	89.61	2.479	89.61	4.207	90.909	1.196	74.026	1.281	76.623	0.003	10.39	
Bacteria;Bacteroidetes;Bacteroidia;Bacteroidales;Porphyromonadaceae;Porphyromonas;sp. HMT 275		275	Species				0.157	0.442	0.442448153	2	0.077	28.571	0.031	14.286	0.04	24.675	0.008	14.286	0.012	11.688	0.008	14.286	0.151	49.351	0.318	58.442	0.442	57.143	0	0	includes both P. sp. HMT 275 and P. sp. HMT 284
Bacteria;Bacteroidetes;Bacteroidia;Bacteroidales;Porphyromonadaceae;Porphyromonas;sp. HMT 277		277	Species				0.041	0.162	0.161506624	2	0.045	25.974	0.005	3.896	0.007	11.688	0.001	3.896	0.003	7.792	0.005	6.494	0.162	31.169	0.121	35.065	0.151	35.065	0	0	includes both P. sp. HMT 277 and P. sp. HMT 278
Bacteria;Bacteroidetes;Bacteroidia;Bacteroidales;Porphyromonadaceae;Porphyromonas;sp. HMT 278		278	Species				0.064	0.162	0.161506624	2	0.045	25.974	0.005	3.896	0.007	11.688	0.001	3.896	0.003	7.792	0.005	6.494	0.162	31.169	0.121	35.065	0.151	35.065	0	0	includes both P. sp. HMT 277 and P. sp. HMT 278
Bacteria;Bacteroidetes;Bacteroidia;Bacteroidales;Porphyromonadaceae;Porphyromonas;sp. HMT 284		284	Species				0.127	0.392	0.392485031	2	0.026	36.364	0.078	11.688	0.013	23.377	0.003	7.792	0.004	11.688	0.003	6.494	0.136	46.753	0.392	58.442	0.354	53.247	0	0	would add some from P. sp. HMT 275 + P. sp. HMT 284
Bacteria;Bacteroidetes;Bacteroidia;Bacteroidales;Porphyromonadaceae;Porphyromonas;sp. HMT 285		285	Species				0.06		0.059980755	3																					
Bacteria;Bacteroidetes;Bacteroidia;Bacteroidales;Porphyromonadaceae;Porphyromonas;sp. HMT 930		930	Species				0.058	2.467	2.467109287	1	0.582	42.857	2.467	50.649	0.213	46.753	0.009	19.481	0.153	41.558	0.097	31.169	0.106	40.26	0.034	29.87	0.033	29.87	0	1.299	
Bacteria;Bacteroidetes;Bacteroidia;Bacteroidales;Porphyromonadaceae;Porphyromonas;uenonis		785	Species						0	4																					
Bacteria;Bacteroidetes;Bacteroidia;Bacteroidales;Porphyromonadaceae;Tannerella;forsythia		613	Species				0.261		0.261087247	2																					
Bacteria;Bacteroidetes;Bacteroidia;Bacteroidales;Porphyromonadaceae;Tannerella;sp. HMT 286		286	Species				0.498	0.202	0.497569914	2	0.039	37.662	0.003	10.39	0.02	25.974	0.095	32.468	0.202	45.455	0.156	40.26	0.044	29.87	0.113	40.26	0.126	44.156	0	0	
Bacteria;Bacteroidetes;Bacteroidia;Bacteroidales;Porphyromonadaceae;Tannerella;sp. HMT 808		808	Species				0.052		0.05232114	3																					
Bacteria;Bacteroidetes;Bacteroidia;Bacteroidales;Porphyromonadaceae;Tannerella;sp. HMT 916		916	Species						0	4																					
Bacteria;Bacteroidetes;Bacteroidia;Bacteroidales;Prevotellaceae;Alloprevotella;rava		302	Species				0.17	0.12	0.169787122	2	0.004	11.688	0	0	0.024	16.883	0.03	16.883	0.078	27.273	0.12	32.468	0.07	27.273	0	0	0.002	5.195	0	0	
Bacteria;Bacteroidetes;Bacteroidia;Bacteroidales;Prevotellaceae;Alloprevotella;sp. HMT 308		308	Species				0.332	0.154	0.331508102	2	0.016	31.169	0.018	19.481	0.051	53.247	0.126	59.74	0.111	61.039	0.154	64.935	0.097	44.156	0.002	5.195	0.005	10.39	0	0	
Bacteria;Bacteroidetes;Bacteroidia;Bacteroidales;Prevotellaceae;Alloprevotella;sp. HMT 473		473	Species				0.932	3.702	3.701811784	1	0.35	48.052	3.702	59.74	0.168	51.948	0.113	41.558	0.17	55.844	0.194	54.545	0.218	54.545	0.032	15.584	0.028	24.675	0.001	2.597	
Bacteria;Bacteroidetes;Bacteroidia;Bacteroidales;Prevotellaceae;Alloprevotella;sp. HMT 912		912	Species				0.012		0.012032021	3																					
Bacteria;Bacteroidetes;Bacteroidia;Bacteroidales;Prevotellaceae;Alloprevotella;sp. HMT 913		913	Species				0.011		0.010757913	3																					
Bacteria;Bacteroidetes;Bacteroidia;Bacteroidales;Prevotellaceae;Alloprevotella;sp. HMT 914		914	Species				0.17	0.113	0.170292097	2	0.024	9.091	0.113	7.792	0.004	10.39	0.001	3.896	0.007	9.091	0.002	3.896	0.012	15.584	0.02	12.987	0.04	14.286	0	0	
Bacteria;Bacteroidetes;Bacteroidia;Bacteroidales;Prevotellaceae;Alloprevotella;tannerae		466	Species				0.71	0.348	0.709882857	2	0.014	29.87	0.001	2.597	0.026	36.364	0.041	29.87	0.348	51.948	0.179	46.753	0.087	51.948	0.028	20.779	0.271	32.468	0	1.299	
Bacteria;Bacteroidetes;Bacteroidia;Bacteroidales;Prevotellaceae;Prevotella;aurantiaca		943	Species				0.073	0.11	0.110173373	2	0.01	7.792	0.001	2.597	0.063	15.584	0.11	14.286	0.022	11.688	0.051	11.688	0.074	10.39	0	0	0	1.299	0	1.299	
Bacteria;Bacteroidetes;Bacteroidia;Bacteroidales;Prevotellaceae;Prevotella;denticola		291	Species				0.992	0.242	0.992464745	2	0.016	24.675	0	2.597	0.018	16.883	0.004	6.494	0.242	28.571	0.069	18.182	0.037	27.273	0.055	14.286	0.198	42.857	0	1.299	includes P. denticola and P. multiformis
Bacteria;Bacteroidetes;Bacteroidia;Bacteroidales;Prevotellaceae;Prevotella;enoeca		600	Species				0.023		0.022563846	3																					
Bacteria;Bacteroidetes;Bacteroidia;Bacteroidales;Prevotellaceae;Prevotella;fusca		782	Species					0.033	0.033408611	3	0.001	3.896	0	1.299	0.002	3.896	0.001	1.299	0.033	6.494	0.015	6.494	0.025	6.494	0.026	1.299	0.033	2.597	0	0	
Bacteria;Bacteroidetes;Bacteroidia;Bacteroidales;Prevotellaceae;Prevotella;histicola		298	Species				2.72	2.659	2.720431	1	0.452	70.13	0.054	33.766	1.29	85.714	1.943	83.117	2.173	92.208	2.659	93.506	1.683	81.818	0.135	33.766	0.111	45.455	0.001	3.896	includes P. histicola, P. veroralis, P. sp. HMT 313
Bacteria;Bacteroidetes;Bacteroidia;Bacteroidales;Prevotellaceae;Prevotella;intermedia		643	Species				1.057	0.203	1.057077662	1	0.008	6.494	0.002	2.597	0.001	2.597	0	2.597	0.203	14.286	0.037	10.39	0.021	14.286	0.01	5.195	0.193	11.688	0	0	
Bacteria;Bacteroidetes;Bacteroidia;Bacteroidales;Prevotellaceae;Prevotella;loescheii		658	Species				0.138		0.137674833	2																					
Bacteria;Bacteroidetes;Bacteroidia;Bacteroidales;Prevotellaceae;Prevotella;maculosa		289	Species				0.204	0.17	0.20387752	2	0.001	3.896	0	0	0.004	7.792	0.002	5.195	0.109	7.792	0.057	5.195	0.027	14.286	0.016	10.39	0.17	14.286	0	0	
Bacteria;Bacteroidetes;Bacteroidia;Bacteroidales;Prevotellaceae;Prevotella;marshii		665	Species				0.007		0.007453676	4																					
Bacteria;Bacteroidetes;Bacteroidia;Bacteroidales;Prevotellaceae;Prevotella;melaninogenica		469	Species				8.644	4.37	8.644295308	1	0.526	93.506	0.137	53.247	2.999	100	4.37	100	2.504	98.701	3.122	98.701	3.515	98.701	0.081	53.247	0.348	61.039	0.002	6.494	
Bacteria;Bacteroidetes;Bacteroidia;Bacteroidales;Prevotellaceae;Prevotella;micans		378	Species				0.05		0.049981345	3																					
Bacteria;Bacteroidetes;Bacteroidia;Bacteroidales;Prevotellaceae;Prevotella;multiformis		685	Species				0.109	0.242	0.241943991	2	0.016	24.675	0	2.597	0.018	16.883	0.004	6.494	0.242	28.571	0.069	18.182	0.037	27.273	0.055	14.286	0.198	42.857	0	1.299	includes P. denticola and P. multiformis
Bacteria;Bacteroidetes;Bacteroidia;Bacteroidales;Prevotellaceae;Prevotella;multisaccharivorax		794	Species						0	4																					
Bacteria;Bacteroidetes;Bacteroidia;Bacteroidales;Prevotellaceae;Prevotella;nanceiensis		299	Species				0.946	0.989	0.988967764	2	0.192	80.519	0.419	48.052	0.494	88.312	0.756	89.61	0.42	87.013	0.384	83.117	0.989	88.312	0.013	25.974	0.012	31.169	0	1.299	
Bacteria;Bacteroidetes;Bacteroidia;Bacteroidales;Prevotellaceae;Prevotella;nigrescens		693	Species				0.027	1.046	1.045631823	1	0.047	45.455	0.017	14.286	0.035	48.052	0.015	22.078	1.046	57.143	0.264	36.364	0.198	59.74	0.304	44.156	0.882	59.74	0.001	1.299	
Bacteria;Bacteroidetes;Bacteroidia;Bacteroidales;Prevotellaceae;Prevotella;oralis		705	Species				0.013		0.013076954	3																					
Bacteria;Bacteroidetes;Bacteroidia;Bacteroidales;Prevotellaceae;Prevotella;oris		311	Species				2.626	0.966	2.626174931	1	0.094	50.649	0.002	9.091	0.033	35.065	0.011	19.481	0.416	64.935	0.153	42.857	0.292	79.221	0.192	57.143	0.966	74.026	0	1.299	
Bacteria;Bacteroidetes;Bacteroidia;Bacteroidales;Prevotellaceae;Prevotella;oulorum		288	Species				0.183	0.041	0.18269547	2	0.009	10.39	0	0	0.002	3.896	0.003	5.195	0.031	15.584	0.011	9.091	0.027	27.273	0.041	16.883	0.028	18.182	0	0	
Bacteria;Bacteroidetes;Bacteroidia;Bacteroidales;Prevotellaceae;Prevotella;pallens		714	Species				1.492	1.354	1.491593264	1	0.169	58.442	0.02	24.675	0.936	85.714	0.833	88.312	0.892	87.013	1.354	88.312	1.228	85.714	0.011	6.494	0.011	19.481	0	0	
Bacteria;Bacteroidetes;Bacteroidia;Bacteroidales;Prevotellaceae;Prevotella;pleuritidis		303	Species				0.185	0.396	0.396010411	2	0.014	14.286	0.001	3.896	0.006	11.688	0.002	5.195	0.135	25.974	0.046	12.987	0.074	29.87	0.032	11.688	0.396	23.377	0	0	
Bacteria;Bacteroidetes;Bacteroidia;Bacteroidales;Prevotellaceae;Prevotella;saccharolytica		781	Species				0.135	0.103	0.135399607	2	0.003	9.091	0.002	2.597	0.001	5.195	0.001	2.597	0.018	7.792	0.005	11.688	0.019	28.571	0.074	37.662	0.103	55.844	0	0	
Bacteria;Bacteroidetes;Bacteroidia;Bacteroidales;Prevotellaceae;Prevotella;salivae		307	Species				1.543	1.235	1.542910156	1	0.099	55.844	0.022	27.273	0.325	87.013	0.598	85.714	0.745	84.416	0.943	89.61	1.235	90.909	0.007	9.091	0.03	16.883	0	1.299	
Bacteria;Bacteroidetes;Bacteroidia;Bacteroidales;Prevotellaceae;Prevotella;scopos		885	Species				0.034		0.033636496	3																					
Bacteria;Bacteroidetes;Bacteroidia;Bacteroidales;Prevotellaceae;Prevotella;shahii		795	Species				0.224	0.211	0.223563398	2	0.02	23.377	0.004	10.39	0.075	38.961	0.153	35.065	0.17	44.156	0.211	40.26	0.102	40.26	0.034	15.584	0.039	16.883	0	0	
Bacteria;Bacteroidetes;Bacteroidia;Bacteroidales;Prevotellaceae;Prevotella;sp. HMT 306		306	Species				1.395	0.389	1.39485845	1	0.031	25.974	0.001	6.494	0.169	62.338	0.166	70.13	0.364	59.74	0.389	68.831	0.175	61.039	0.001	2.597	0.004	11.688	0	1.299	includes P. sp. HMT 306 and P. sp. HMT 314
Bacteria;Bacteroidetes;Bacteroidia;Bacteroidales;Prevotellaceae;Prevotella;sp. HMT 309		309	Species				0.139	0.241	0.241342137	2	0.009	15.584	0	1.299	0.04	24.675	0.062	35.065	0.115	40.26	0.176	37.662	0.241	36.364	0	1.299	0.001	3.896	0	0	
Bacteria;Bacteroidetes;Bacteroidia;Bacteroidales;Prevotellaceae;Prevotella;sp. HMT 313		313	Species				2.562	2.659	2.658731855	1	0.452	70.13	0.054	33.766	1.29	85.714	1.943	83.117	2.173	92.208	2.659	93.506	1.683	81.818	0.135	33.766	0.111	45.455	0.001	3.896	includes P. histicola, P. veroralis, P. sp. HMT 313
Bacteria;Bacteroidetes;Bacteroidia;Bacteroidales;Prevotellaceae;Prevotella;sp. HMT 314		314	Species				0.805	0.389	0.805147315	2	0.031	25.974	0.001	6.494	0.169	62.338	0.166	70.13	0.364	59.74	0.389	68.831	0.175	61.039	0.001	2.597	0.004	11.688	0	1.299	includes P. sp. HMT 306 and P. sp. HMT 314
Bacteria;Bacteroidetes;Bacteroidia;Bacteroidales;Prevotellaceae;Prevotella;sp. HMT 315		315	Species				0.01		0.009503847	4																					
Bacteria;Bacteroidetes;Bacteroidia;Bacteroidales;Prevotellaceae;Prevotella;sp. HMT 317		317	Species				0.331	0.328	0.331415978	2	0.021	28.571	0.008	12.987	0.006	15.584	0.001	5.195	0.035	16.883	0.024	18.182	0.033	36.364	0.328	49.351	0.31	63.636	0	0	includes P. sp. HMT 317 and P. sp. HMT 472
Bacteria;Bacteroidetes;Bacteroidia;Bacteroidales;Prevotellaceae;Prevotella;sp. HMT 376		376	Species				0.005		0.005340882	4																					
Bacteria;Bacteroidetes;Bacteroidia;Bacteroidales;Prevotellaceae;Prevotella;sp. HMT 396		396	Species				0.089		0.088656851	3																					
Bacteria;Bacteroidetes;Bacteroidia;Bacteroidales;Prevotellaceae;Prevotella;sp. HMT 443		443	Species				0.012		0.011691446	3																					
Bacteria;Bacteroidetes;Bacteroidia;Bacteroidales;Prevotellaceae;Prevotella;sp. HMT 472		472	Species				0.318	0.328	0.327777757	2	0.021	28.571	0.008	12.987	0.006	15.584	0.001	5.195	0.035	16.883	0.024	18.182	0.033	36.364	0.328	49.351	0.31	63.636	0	0	includes P. sp. HMT 317 and P. sp. HMT 472
Bacteria;Bacteroidetes;Bacteroidia;Bacteroidales;Prevotellaceae;Prevotella;sp. HMT 475		475	Species				0.016		0.015715807	3																					
Bacteria;Bacteroidetes;Bacteroidia;Bacteroidales;Prevotellaceae;Prevotella;sp. HMT 515		515	Species				0.003		0.003241578	4																					
Bacteria;Bacteroidetes;Bacteroidia;Bacteroidales;Prevotellaceae;Prevotella;sp. HMT 526		526	Species				0.07		0.070190795	3																					
Bacteria;Bacteroidetes;Bacteroidia;Bacteroidales;Prevotellaceae;Prevotella;sp. HMT 820		820	Species				0.002		0.002413745	4																					
Bacteria;Bacteroidetes;Bacteroidia;Bacteroidales;Prevotellaceae;Prevotella;sp. HMT 942		942	Species				0.036	0.116	0.116241882	2	0.041	5.195	0.116	11.688	0.001	6.494	0	1.299	0.009	14.286	0.009	7.792	0.007	7.792	0	1.299	0	0	0	0	
Bacteria;Bacteroidetes;Bacteroidia;Bacteroidales;Prevotellaceae;Prevotella;veroralis		572	Species				0.81	2.659	2.658731855	1	0.452	70.13	0.054	33.766	1.29	85.714	1.943	83.117	2.173	92.208	2.659	93.506	1.683	81.818	0.135	33.766	0.111	45.455	0.001	3.896	includes P. histicola, P. veroralis, P. sp. HMT 313
Bacteria;Bacteroidetes;Chitinophagia;Chitinophagales;Chitinophagaceae;Flavitalea;sp. HMT 320		320	Species						0	4																					
Bacteria;Bacteroidetes;Chitinophagia;Chitinophagales;Chitinophagaceae;Segetibacter;aerophilus		261	Species	eHOMD expansion for skin and nasal taxa					0	4																					
Bacteria;Bacteroidetes;Flavobacteriia;Flavobacteriales;Flavobacteriaceae;Bergeyella;sp. HMT 206		206	Species	eHOMD expansion for skin and nasal taxa				0.289	0.28868558	2	0.289	28.571	0.143	18.182	0.06	23.377	0.008	11.688	0.071	18.182	0.155	18.182	0.176	20.779	0.003	6.494	0.004	9.091	0	0	
Bacteria;Bacteroidetes;Flavobacteriia;Flavobacteriales;Flavobacteriaceae;Bergeyella;sp. HMT 319		319	Species						0	4																					
Bacteria;Bacteroidetes;Flavobacteriia;Flavobacteriales;Flavobacteriaceae;Bergeyella;sp. HMT 322		322	Species				0.152	1.612	1.612368637	1	0.344	96.104	0.748	89.61	0.206	88.312	0.265	79.221	0.329	79.221	0.251	79.221	0.322	80.519	1.612	98.701	1.146	100	0	1.299	
Bacteria;Bacteroidetes;Flavobacteriia;Flavobacteriales;Flavobacteriaceae;Bergeyella;sp. HMT 422		422	Species						0	4																					
Bacteria;Bacteroidetes;Flavobacteriia;Flavobacteriales;Flavobacteriaceae;Bergeyella;sp. HMT 900		900	Species				0.132	0.092	0.131577427	2	0.011	23.377	0.005	9.091	0.002	7.792	0	0	0.006	7.792	0.002	3.896	0.057	28.571	0.092	45.455	0.063	36.364	0	0	
Bacteria;Bacteroidetes;Flavobacteriia;Flavobacteriales;Flavobacteriaceae;Bergeyella;sp. HMT 907		907	Species						0	4																					
Bacteria;Bacteroidetes;Flavobacteriia;Flavobacteriales;Flavobacteriaceae;Bergeyella;sp. HMT 931		931	Species				0.009	0.103	0.103305201	2	0.073	31.169	0.103	28.571	0.002	10.39	0	1.299	0.096	31.169	0.049	20.779	0.015	16.883	0.001	3.896	0.002	5.195	0	0	
Bacteria;Bacteroidetes;Flavobacteriia;Flavobacteriales;Flavobacteriaceae;Capnocytophaga;gingivalis		337	Species				1.256	0.052	1.255807293	1	0.037	84.416	0.052	37.662	0.001	64.935	0	67.532	0.048	76.623	0.024	70.13	0.008	81.818	0	96.104	0.001	96.104	0	2.597	abundance value = (C. gingivalis + C. granulosa)/2; prevalence value is for (C. gingivalis + C. granulosa)
Bacteria;Bacteroidetes;Flavobacteriia;Flavobacteriales;Flavobacteriaceae;Capnocytophaga;granulosa		325	Species				2.112	0.026	2.111947102	1	0.018	84.416	0.026	37.662	0.001	64.935	0	67.532	0.024	76.623	0.012	70.13	0.004	81.818	0	96.104	0.001	96.104	0	2.597	abundance value = (C. gingivalis + C. granulosa)/2; prevalence value is for (C. gingivalis + C. granulosa)
Bacteria;Bacteroidetes;Flavobacteriia;Flavobacteriales;Flavobacteriaceae;Capnocytophaga;haemolytica		627	Species				0.04		0.03980285	3																					
Bacteria;Bacteroidetes;Flavobacteriia;Flavobacteriales;Flavobacteriaceae;Capnocytophaga;leadbetteri		329	Species				0.962	2.44	2.440190569	1	0.468	79.221	0.283	49.351	0.079	70.13	0.086	62.338	0.514	72.727	0.338	63.636	0.454	76.623	2.44	88.312	2.149	92.208	0	1.299	
Bacteria;Bacteroidetes;Flavobacteriia;Flavobacteriales;Flavobacteriaceae;Capnocytophaga;ochracea		700	Species				0.004		0.004438386	4																					
Bacteria;Bacteroidetes;Flavobacteriia;Flavobacteriales;Flavobacteriaceae;Capnocytophaga;sp. HMT 323		323	Species				0.126		0.125677248	2																					
Bacteria;Bacteroidetes;Flavobacteriia;Flavobacteriales;Flavobacteriaceae;Capnocytophaga;sp. HMT 324		324	Species				0.081		0.080604607	3																					
Bacteria;Bacteroidetes;Flavobacteriia;Flavobacteriales;Flavobacteriaceae;Capnocytophaga;sp. HMT 326		326	Species				0.723	0.67	0.723262381	2	0.041	28.571	0.009	10.39	0.009	19.481	0.003	7.792	0.005	9.091	0.003	9.091	0.036	32.468	0.464	51.948	0.67	57.143	0	0	
Bacteria;Bacteroidetes;Flavobacteriia;Flavobacteriales;Flavobacteriaceae;Capnocytophaga;sp. HMT 332		332	Species				0.239	0.177	0.238686088	2	0.007	9.091	0	1.299	0.003	7.792	0	1.299	0.002	7.792	0.001	3.896	0.029	12.987	0.177	16.883	0.139	19.481	0	0	
Bacteria;Bacteroidetes;Flavobacteriia;Flavobacteriales;Flavobacteriaceae;Capnocytophaga;sp. HMT 334		334	Species						0	4																					
Bacteria;Bacteroidetes;Flavobacteriia;Flavobacteriales;Flavobacteriaceae;Capnocytophaga;sp. HMT 335		335	Species				0.304	0.102	0.304340669	2	0.006	7.792	0.001	2.597	0.002	5.195	0	1.299	0.001	2.597	0.002	3.896	0.014	12.987	0.102	18.182	0.085	20.779	0	0	
Bacteria;Bacteroidetes;Flavobacteriia;Flavobacteriales;Flavobacteriaceae;Capnocytophaga;sp. HMT 336		336	Species				0.335	0.539	0.538790685	2	0.035	33.766	0.021	5.195	0.003	9.091	0.006	12.987	0.003	10.39	0.002	6.494	0.079	48.052	0.5	66.234	0.539	70.13	0	0	
Bacteria;Bacteroidetes;Flavobacteriia;Flavobacteriales;Flavobacteriaceae;Capnocytophaga;sp. HMT 338		338	Species				0.096		0.095831361	3																					
Bacteria;Bacteroidetes;Flavobacteriia;Flavobacteriales;Flavobacteriaceae;Capnocytophaga;sp. HMT 380		380	Species				0.16		0.160089799	2																					
Bacteria;Bacteroidetes;Flavobacteriia;Flavobacteriales;Flavobacteriaceae;Capnocytophaga;sp. HMT 412		412	Species				0.165	0.102	0.164674006	2	0.003	5.195	0.024	2.597	0	3.896	0	0	0	1.299	0	1.299	0.006	9.091	0.102	18.182	0.07	15.584	0	0	
Bacteria;Bacteroidetes;Flavobacteriia;Flavobacteriales;Flavobacteriaceae;Capnocytophaga;sputigena		775	Species				0.961	2.408	2.408350983	1	0.331	68.831	0.101	37.662	0.115	55.844	0.261	51.948	0.528	64.935	0.414	59.74	0.394	81.818	2.408	93.506	2.209	96.104	0.001	2.597	
Bacteria;Firmicutes;Bacilli;Bacillales;Gemellaceae;Gemella;haemolysans		626	Species				3.131	7.801	7.801246042	1	7.801	100	5.766	100	3.735	98.701	0.163	79.221	1.788	93.506	1.708	96.104	0.465	85.714	0.389	79.221	0.558	74.026	0.003	7.792	
Bacteria;Firmicutes;Bacilli;Bacillales;Gemellaceae;Gemella;morbillorum		46	Species				0.516	0.272	0.515718392	2	0.087	62.338	0.039	36.364	0.078	53.247	0.007	20.779	0.137	54.545	0.089	45.455	0.06	46.753	0.217	83.117	0.272	81.818	0	0	
Bacteria;Firmicutes;Bacilli;Bacillales;Gemellaceae;Gemella;sanguinis		757	Species				1.429	1.062	1.428726271	1	0.229	81.818	0.054	41.558	0.71	97.403	1.062	96.104	0.817	96.104	0.681	93.506	0.505	88.312	0.011	25.974	0.006	16.883	0	1.299	
Bacteria;Firmicutes;Bacilli;Lactobacillales;Aerococcaceae;Abiotrophia;defectiva		389	Species				0.244	0.489	0.489017644	2	0.274	61.039	0.163	32.468	0.13	53.247	0.013	20.779	0.026	31.169	0.038	24.675	0.174	42.857	0.484	75.325	0.489	63.636	0	1.299	
Bacteria;Firmicutes;Bacilli;Lactobacillales;Aerococcaceae;Aerococcus;viridans		312	Species	eHOMD expansion for skin and nasal taxa					0	4																					
Bacteria;Firmicutes;Bacilli;Lactobacillales;Carnobacteriaceae;Alloiococcus;otitis		831	Species						0	4																					
Bacteria;Firmicutes;Bacilli;Lactobacillales;Carnobacteriaceae;Dolosigranulum;pigrum		813	Species						0	4																					
Bacteria;Firmicutes;Bacilli;Lactobacillales;Carnobacteriaceae;Granulicatella;adiacens		534	Species				2.435	2.784	2.784328995	1	0.614	98.701	0.215	80.519	1.684	100	2.784	100	1.317	100	1.516	97.403	1.293	93.506	0.545	98.701	0.551	92.208	0.003	6.494	
Bacteria;Firmicutes;Bacilli;Lactobacillales;Carnobacteriaceae;Granulicatella;elegans		596	Species				1.793	3.156	3.155782971	1	1.104	76.623	3.156	77.922	1.005	72.727	0.024	31.169	0.261	53.247	0.256	45.455	0.246	54.545	0.079	37.662	0.095	41.558	0	0	
Bacteria;Firmicutes;Bacilli;Lactobacillales;Streptococcaceae;Streptococcus;gordonii		622	Species				1.899	0.881	1.89850379	1	0.614	87.013	0.277	54.545	0.103	63.636	0.01	20.779	0.038	38.961	0.048	44.156	0.081	46.753	0.881	83.117	0.724	83.117	0	0	
Bacteria;Firmicutes;Bacilli;Lactobacillales;Streptococcaceae;Streptococcus;infantis clade 431		431	Species				1.773		1.773476036	1																					
Bacteria;Firmicutes;Bacilli;Lactobacillales;Streptococcaceae;Streptococcus;infantis clade 638		638	Species				3.805		3.804923013	1																					
Bacteria;Firmicutes;Bacilli;Lactobacillales;Streptococcaceae;Streptococcus;intermedius		644	Species				0.985	0.405	0.9850096	2	0.022	44.156	0.057	15.584	0.011	23.377	0.004	14.286	0.051	23.377	0.119	25.974	0.033	40.26	0.099	61.039	0.405	83.117	0	1.299	
Bacteria;Firmicutes;Bacilli;Lactobacillales;Streptococcaceae;Streptococcus;lactarius		948	Species				0.047		0.047204451	3																					
Bacteria;Firmicutes;Bacilli;Lactobacillales;Streptococcaceae;Streptococcus;mitis		677	Species				19.175		19.17490891	1																					
Bacteria;Firmicutes;Bacilli;Lactobacillales;Streptococcaceae;Streptococcus;mutans		686	Species				1.212	0.166	1.212222118	1	0.016	22.078	0.008	3.896	0.005	7.792	0	1.299	0.005	9.091	0.002	3.896	0.014	18.182	0.166	16.883	0.136	14.286	0	0	
Bacteria;Firmicutes;Clostridia;Clostridiales;Lachnospiraceae [XIV];Butyrivibrio;sp. HMT 455		455	Species				0.034	0.068	0.067905292	3	0.005	14.286	0	1.299	0.016	27.273	0.037	36.364	0.035	42.857	0.064	55.844	0.068	33.766	0	0	0	1.299	0	0	
Bacteria;Firmicutes;Clostridia;Clostridiales;Lachnospiraceae [XIV];Catonella;morbi		165	Species				0.178	0.424	0.424302141	2	0.045	59.74	0.02	32.468	0.168	84.416	0.352	90.909	0.381	93.506	0.348	90.909	0.424	84.416	0.101	58.442	0.226	74.026	0.002	2.597	
Bacteria;Firmicutes;Clostridia;Clostridiales;Lachnospiraceae [XIV];Catonella;sp. HMT 164		164	Species						0	4																					
Bacteria;Firmicutes;Clostridia;Clostridiales;Lachnospiraceae [XIV];Catonella;sp. HMT 451		451	Species				0.009		0.008785387	4																					
Bacteria;Firmicutes;Clostridia;Clostridiales;Lachnospiraceae [XIV];Johnsonella;ignava		635	Species				0.151		0.151454974	2																					
Bacteria;Firmicutes;Clostridia;Clostridiales;Lachnospiraceae [XIV];Johnsonella;sp. HMT 166		166	Species				0.006		0.005900869	4																					
Bacteria;Firmicutes;Clostridia;Clostridiales;Lachnospiraceae [XIV];Lachnoanaerobaculum;orale		82	Species				0.144	1.137	1.137321004	1	0.175	84.416	0.043	46.753	0.334	92.208	0.792	98.701	0.813	97.403	1.137	93.506	0.284	84.416	0.303	68.831	0.295	77.922	0.003	9.091	includes L. orale, L. saburreum, and L. umeanse
Bacteria;Firmicutes;Clostridia;Clostridiales;Lachnospiraceae [XIV];Lachnoanaerobaculum;saburreum		494	Species				0.075	1.137	1.137321004	1	0.175	84.416	0.043	46.753	0.334	92.208	0.792	98.701	0.813	97.403	1.137	93.506	0.284	84.416	0.303	68.831	0.295	77.922	0.003	9.091	includes L. orale, L. saburreum, and L. umeanse
Bacteria;Firmicutes;Clostridia;Clostridiales;Lachnospiraceae [XIV];Lachnoanaerobaculum;sp. HMT 083		83	Species						0	4																					
Bacteria;Firmicutes;Clostridia;Clostridiales;Lachnospiraceae [XIV];Lachnoanaerobaculum;sp. HMT 089		89	Species						0	4																					
Bacteria;Firmicutes;Clostridia;Clostridiales;Lachnospiraceae [XIV];Lachnoanaerobaculum;sp. HMT 496		496	Species						0	4																					
Bacteria;Firmicutes;Clostridia;Clostridiales;Lachnospiraceae [XIV];Lachnoanaerobaculum;umeanse		107	Species				0.126	1.137	1.137321004	1	0.175	84.416	0.043	46.753	0.334	92.208	0.792	98.701	0.813	97.403	1.137	93.506	0.284	84.416	0.303	68.831	0.295	77.922	0.003	9.091	includes L. orale, L. saburreum, and L. umeanse
Bacteria;Firmicutes;Clostridia;Clostridiales;Lachnospiraceae [XIV];Lachnospiraceae [G-10];bacterium HMT 094		94	Species						0	4																					
Bacteria;Firmicutes;Clostridia;Clostridiales;Lachnospiraceae [XIV];Lachnospiraceae [G-2];bacterium HMT 088		88	Species				0.005		0.004689798	4																					
Bacteria;Firmicutes;Clostridia;Clostridiales;Lachnospiraceae [XIV];Lachnospiraceae [G-2];bacterium HMT 096		96	Species				0.494	0.78	0.779693197	2	0.024	36.364	0.002	6.494	0.133	48.052	0.503	50.649	0.592	57.143	0.78	59.74	0.045	28.571	0.006	3.896	0.001	5.195	0	0	
Bacteria;Firmicutes;Clostridia;Clostridiales;Lachnospiraceae [XIV];Lachnospiraceae [G-3];bacterium HMT 100		100	Species				0.203	0.129	0.202911897	2	0.022	38.961	0.004	7.792	0.032	36.364	0.038	22.078	0.069	40.26	0.059	23.377	0.053	29.87	0.129	50.649	0.115	61.039	0	0	
Bacteria;Firmicutes;Clostridia;Clostridiales;Lachnospiraceae [XIV];Lachnospiraceae [G-7];bacterium HMT 086		86	Species				0.005		0.004859137	4																					
Bacteria;Firmicutes;Clostridia;Clostridiales;Lachnospiraceae [XIV];Lachnospiraceae [G-7];bacterium HMT 163		163	Species				0.003		0.00289832	4																					
Bacteria;Firmicutes;Clostridia;Clostridiales;Lachnospiraceae [XIV];Lachnospiraceae [G-8];bacterium HMT 500		500	Species				0.029		0.028919887	3																					
Bacteria;Firmicutes;Clostridia;Clostridiales;Lachnospiraceae [XIV];Lachnospiraceae [G-9];bacterium HMT 924		924	Species						0	4																					
Bacteria;Firmicutes;Clostridia;Clostridiales;Lachnospiraceae [XIV];Oribacterium;asaccharolyticum	asaccharlyticum-parvum adds some data in Dewhirst	108	Species				0.025	2.249	2.248999236	1	0.149	71.429	0.017	35.065	0.571	100	1.216	97.403	0.973	100	1.222	96.104	2.249	94.805	0.054	46.753	0.06	50.649	0.002	5.195	includes O. asaccharolyticum, O. parvum, O. sinus
Bacteria;Firmicutes;Clostridia;Clostridiales;Lachnospiraceae [XIV];Oribacterium;parvum	asaccharlyticum-parvum adds some data in Dewhirst	934	Species				0.037	2.249	2.248999236	1	0.149	71.429	0.017	35.065	0.571	100	1.216	97.403	0.973	100	1.222	96.104	2.249	94.805	0.054	46.753	0.06	50.649	0.002	5.195	includes O. asaccharolyticum, O. parvum, O. sinus
Bacteria;Firmicutes;Clostridia;Clostridiales;Lachnospiraceae [XIV];Oribacterium;sinus		457	Species				0.458	2.249	2.248999236	1	0.149	71.429	0.017	35.065	0.571	100	1.216	97.403	0.973	100	1.222	96.104	2.249	94.805	0.054	46.753	0.06	50.649	0.002	5.195	includes O. asaccharolyticum, O. parvum, O. sinus
Bacteria;Firmicutes;Clostridia;Clostridiales;Lachnospiraceae [XIV];Oribacterium;sp. HMT 078		78	Species				0.215		0.215120827	2																					
Bacteria;Firmicutes;Clostridia;Clostridiales;Lachnospiraceae [XIV];Oribacterium;sp. HMT 102		102	Species						0	4																					
Bacteria;Firmicutes;Clostridia;Clostridiales;Lachnospiraceae [XIV];Shuttleworthia;satelles		95	Species				0.04		0.04015042	3																					
Bacteria;Firmicutes;Clostridia;Clostridiales;Lachnospiraceae [XIV];Stomatobaculum;longum		419	Species				0.127	0.319	0.31884991	2	0.035	38.961	0.003	5.195	0.079	48.052	0.184	53.247	0.214	54.545	0.319	63.636	0.071	41.558	0.013	19.481	0.017	25.974	0.001	5.195	
Bacteria;Firmicutes;Clostridia;Clostridiales;Lachnospiraceae [XIV];Stomatobaculum;sp. HMT 097		97	Species				0.874	0.382	0.873651311	2	0.067	61.039	0.005	12.987	0.192	79.221	0.382	80.519	0.35	84.416	0.31	76.623	0.16	70.13	0.005	11.688	0.003	6.494	0.001	3.896	
Bacteria;Firmicutes;Clostridia;Clostridiales;Lachnospiraceae [XIV];Stomatobaculum;sp. HMT 373		373	Species						0	4																					
Bacteria;Firmicutes;Clostridia;Clostridiales;Lachnospiraceae [XIV];Stomatobaculum;sp. HMT 910		910	Species				0.019		0.01878564	3																					
Bacteria;Firmicutes;Clostridia;Clostridiales;Peptococcaceae;Peptococcus;sp. HMT 167		167	Species				0.082		0.082200859	3																					
Bacteria;Firmicutes;Clostridia;Clostridiales;Peptococcaceae;Peptococcus;sp. HMT 168		168	Species				0.011	0.057	0.056510348	3	0.007	16.883	0.003	6.494	0.031	37.662	0.042	38.961	0.04	36.364	0.057	44.156	0.035	28.571	0.002	7.792	0.006	9.091	0	0	
Bacteria;Firmicutes;Clostridia;Clostridiales;Peptoniphilaceae;Parvimonas;micra		111	Species				1.165	0.137	1.164576536	1	0.011	23.377	0.001	7.792	0.065	50.649	0.07	40.26	0.137	51.948	0.064	44.156	0.042	38.961	0.016	28.571	0.103	54.545	0	0	includes P. micra and P. sp. HMT 110
Bacteria;Firmicutes;Clostridia;Clostridiales;Peptoniphilaceae;Parvimonas;sp. HMT 110		110	Species				0.657	0.137	0.65667953	2	0.011	23.377	0.001	7.792	0.065	50.649	0.07	40.26	0.137	51.948	0.064	44.156	0.042	38.961	0.016	28.571	0.103	54.545	0	0	includes P. micra and P. sp. HMT 110
Bacteria;Firmicutes;Clostridia;Clostridiales;Peptoniphilaceae;Parvimonas;sp. HMT 393		393	Species				0.195	0.049	0.195364978	2	0.003	10.39	0.003	5.195	0.034	29.87	0.049	25.974	0.021	19.481	0.036	19.481	0.023	18.182	0	0	0.001	1.299	0	0	
Bacteria;Firmicutes;Clostridia;Clostridiales;Peptostreptococcaceae [XI];Mogibacterium;diversum		593	Species				0.401	0.277	0.40139476	2	0.034	48.052	0.005	10.39	0.205	84.416	0.272	84.416	0.246	81.818	0.277	84.416	0.177	74.026	0.013	19.481	0.041	32.468	0	0	includes M. diversum, M. neglectum, M. vescum
Bacteria;Firmicutes;Clostridia;Clostridiales;Peptostreptococcaceae [XI];Mogibacterium;neglectum		691	Species				0.094	0.277	0.277209789	2	0.034	48.052	0.005	10.39	0.205	84.416	0.272	84.416	0.246	81.818	0.277	84.416	0.177	74.026	0.013	19.481	0.041	32.468	0	0	includes M. diversum, M. neglectum, M. vescum
Bacteria;Firmicutes;Clostridia;Clostridiales;Peptostreptococcaceae [XI];Mogibacterium;pumilum		742	Species						0	4																					
Bacteria;Firmicutes;Clostridia;Clostridiales;Peptostreptococcaceae [XI];Mogibacterium;timidum		42	Species				0.134		0.134391225	2																					
Bacteria;Firmicutes;Clostridia;Clostridiales;Peptostreptococcaceae [XI];Mogibacterium;vescum	not detected by itself but part of other Mogibacteria	8	Species					0.277	0.277209789	2	0.034	48.052	0.005	10.39	0.205	84.416	0.272	84.416	0.246	81.818	0.277	84.416	0.177	74.026	0.013	19.481	0.041	32.468	0	0	includes M. diversum, M. neglectum, M. vescum
Bacteria;Firmicutes;Clostridia;Clostridiales;Peptostreptococcaceae [XI];Peptostreptococcaceae [XI][G-1];[Eubacterium] infirmum		105	Species				0.138		0.138372574	2																					
Bacteria;Firmicutes;Clostridia;Clostridiales;Peptostreptococcaceae [XI];Peptostreptococcaceae [XI][G-1];[Eubacterium] sulci		467	Species				0.375	0.189	0.375051956	2	0.016	28.571	0.003	9.091	0.189	72.727	0.138	70.13	0.116	63.636	0.149	72.727	0.115	53.247	0	2.597	0.001	3.896	0	1.299	
Bacteria;Firmicutes;Clostridia;Clostridiales;Peptostreptococcaceae [XI];Peptostreptococcaceae [XI][G-9];[Eubacterium] brachy		557	Species				0.494	0.125	0.493693059	2	0.012	22.078	0.005	3.896	0.006	19.481	0	2.597	0.125	35.065	0.058	23.377	0.004	11.688	0.02	31.169	0.11	49.351	0	0	
Bacteria;Firmicutes;Clostridia;Clostridiales;Peptostreptococcaceae [XI];Peptostreptococcus;anaerobius		542	Species						0	4																					
Bacteria;Firmicutes;Clostridia;Clostridiales;Peptostreptococcaceae [XI];Peptostreptococcus;stomatis		112	Species				0.957	0.3	0.957024358	2	0.037	40.26	0.005	11.688	0.214	76.623	0.147	74.026	0.209	76.623	0.224	76.623	0.3	63.636	0.011	16.883	0.037	27.273	0	0	
Bacteria;Firmicutes;Clostridia;Clostridiales;Ruminococcaceae;Fastidiosipila;sanguinis		935	Species						0	4																					
Bacteria;Firmicutes;Clostridia;Clostridiales;Ruminococcaceae;Ruminococcaceae [G-1];bacterium HMT 075		75	Species				0.134	2.217	2.216508877	1	0.018	28.571	0.003	9.091	0.05	46.753	0.116	41.558	0.22	54.545	0.288	51.948	2.217	81.818	0.099	36.364	0.083	36.364	0	0	
Bacteria;Firmicutes;Clostridia;Clostridiales;Ruminococcaceae;Ruminococcaceae [G-2];bacterium HMT 085		85	Species				0.058	0.163	0.162938067	2	0.004	12.987	0.002	2.597	0.012	33.766	0.041	38.961	0.054	45.455	0.041	32.468	0.163	57.143	0.002	7.792	0.002	6.494	0	0	
Bacteria;Firmicutes;Erysipelotrichia;Erysipelotrichales;Erysipelotrichaceae;Erysipelothrix;tonsillarum		484	Species					0.114	0.114009766	2	0.002	3.896	0.001	2.597	0.01	11.688	0.021	16.883	0.02	16.883	0.038	18.182	0.114	24.675	0	1.299	0.001	1.299	0	0	
Bacteria;Firmicutes;Erysipelotrichia;Erysipelotrichales;Erysipelotrichaceae;Erysipelotrichaceae [G-1];bacterium HMT 904		904	Species				0.004		0.003824701	4																					
Bacteria;Firmicutes;Erysipelotrichia;Erysipelotrichales;Erysipelotrichaceae;Erysipelotrichaceae [G-1];bacterium HMT 905		905	Species				0.03		0.030370541	3																					
Bacteria;Firmicutes;Erysipelotrichia;Erysipelotrichales;Erysipelotrichaceae;Solobacterium;moorei		678	Species				0.633	0.36	0.633397228	2	0.025	45.455	0.003	7.792	0.204	80.519	0.29	88.312	0.357	85.714	0.36	89.61	0.271	76.623	0.013	24.675	0.033	33.766	0.017	2.597	
Bacteria;Firmicutes;Negativicutes;Selenomonadales;Selenomonadaceae;Mitsuokella;sp. HMT 521		521	Species				0.027	0.211	0.210566142	2	0.003	5.195	0	0	0.005	3.896	0.017	6.494	0.211	12.987	0.177	9.091	0.011	9.091	0.001	1.299	0.038	1.299	0	0	
Bacteria;Firmicutes;Negativicutes;Selenomonadales;Selenomonadaceae;Selenomonas;artemidis		124	Species				0.071		0.071233117	3																					
Bacteria;Firmicutes;Negativicutes;Selenomonadales;Selenomonadaceae;Selenomonas;dianae		139	Species				0.01		0.01010527	3																					
Bacteria;Firmicutes;Negativicutes;Selenomonadales;Selenomonadaceae;Selenomonas;flueggei		125	Species				0.033		0.032694832	3																					
Bacteria;Firmicutes;Negativicutes;Selenomonadales;Selenomonadaceae;Selenomonas;infelix		639	Species				0.033	0.192	0.192026319	2	0.004	14.286	0.014	14.286	0.007	10.39	0.001	3.896	0.015	25.974	0.025	11.688	0.082	40.26	0.115	45.455	0.192	61.039	0	0	includes S. infelix, S. sp. HMT 479, and S. sp. HMT 481, which are indistinguishable with this data
Bacteria;Firmicutes;Negativicutes;Selenomonadales;Selenomonadaceae;Selenomonas;noxia		130	Species				0.784	0.817	0.817205366	2	0.023	33.766	0.022	15.584	0.008	18.182	0.002	5.195	0.009	19.481	0.017	18.182	0.221	68.831	0.675	74.026	0.817	71.429	0	1.299	
Bacteria;Firmicutes;Negativicutes;Selenomonadales;Selenomonadaceae;Selenomonas;sp. HMT 126		126	Species				0.003		0.002716645	4																					
Bacteria;Firmicutes;Negativicutes;Selenomonadales;Selenomonadaceae;Selenomonas;sp. HMT 133		133	Species						0	4																					
Bacteria;Firmicutes;Negativicutes;Selenomonadales;Selenomonadaceae;Selenomonas;sp. HMT 134		134	Species				0.022		0.021858986	3																					
Bacteria;Firmicutes;Negativicutes;Selenomonadales;Selenomonadaceae;Selenomonas;sp. HMT 136		136	Species				0.066	2.417	2.417143087	1	0.035	41.558	0.006	18.182	0.203	70.13	0.326	72.727	0.673	84.416	0.947	83.117	2.417	90.909	0.019	15.584	0.042	19.481	0	0	includes S. sp. HMT 136 and S. sp. HMT 149 which are indistinguishable using this data
Bacteria;Firmicutes;Negativicutes;Selenomonadales;Selenomonadaceae;Selenomonas;sp. HMT 137		137	Species				0.041		0.040932975	3																					
Bacteria;Firmicutes;Negativicutes;Selenomonadales;Selenomonadaceae;Selenomonas;sp. HMT 138		138	Species				0.033	0.073	0.072570926	3	0.004	14.286	0.001	2.597	0.002	3.896	0	1.299	0.006	9.091	0.02	6.494	0.041	31.169	0.052	32.468	0.073	42.857	0	0	includes S. sp. HMT 138 and S. sp. HMT 892 which are indistinguishable using this data
Bacteria;Firmicutes;Negativicutes;Selenomonadales;Selenomonadaceae;Selenomonas;sp. HMT 146		146	Species				0.005	0.097	0.096850224	3	0.007	11.688	0	1.299	0.001	5.195	0.001	2.597	0.014	10.39	0.015	12.987	0.019	16.883	0.049	33.766	0.097	33.766	0	0	
Bacteria;Firmicutes;Negativicutes;Selenomonadales;Selenomonadaceae;Selenomonas;sp. HMT 149		149	Species				0.059	2.417	2.417143087	1	0.035	41.558	0.006	18.182	0.203	70.13	0.326	72.727	0.673	84.416	0.947	83.117	2.417	90.909	0.019	15.584	0.042	19.481	0	0	includes S. sp. HMT 136 and S. sp. HMT 149 which are indistinguishable using this data
Bacteria;Firmicutes;Negativicutes;Selenomonadales;Selenomonadaceae;Selenomonas;sp. HMT 388		388	Species						0	4																					
Bacteria;Firmicutes;Negativicutes;Selenomonadales;Selenomonadaceae;Selenomonas;sp. HMT 442		442	Species				0.006		0.00604005	4																					
Bacteria;Firmicutes;Negativicutes;Selenomonadales;Selenomonadaceae;Selenomonas;sp. HMT 478		478	Species				0.011	0.173	0.172868158	2	0.002	3.896	0	1.299	0.016	22.078	0.021	31.169	0.054	36.364	0.072	38.961	0.173	46.753	0	0	0.001	2.597	0	0	
Bacteria;Firmicutes;Negativicutes;Selenomonadales;Selenomonadaceae;Selenomonas;sp. HMT 479		479	Species				0.008	0.192	0.192026319	2	0.004	14.286	0.014	14.286	0.007	10.39	0.001	3.896	0.015	25.974	0.025	11.688	0.082	40.26	0.115	45.455	0.192	61.039	0	0	includes S. infelix, S. sp. HMT 479, and S. sp. HMT 481, which are indistinguishable with this data
Bacteria;Firmicutes;Negativicutes;Selenomonadales;Selenomonadaceae;Selenomonas;sp. HMT 481		481	Species				0.01	0.192	0.192026319	2	0.004	14.286	0.014	14.286	0.007	10.39	0.001	3.896	0.015	25.974	0.025	11.688	0.082	40.26	0.115	45.455	0.192	61.039	0	0	includes S. infelix, S. sp. HMT 479, and S. sp. HMT 481, which are indistinguishable with this data
Bacteria;Firmicutes;Negativicutes;Selenomonadales;Selenomonadaceae;Selenomonas;sp. HMT 501		501	Species						0	4																					
Bacteria;Firmicutes;Negativicutes;Selenomonadales;Selenomonadaceae;Selenomonas;sp. HMT 892		892	Species				0.015	0.073	0.072570926	3	0.004	14.286	0.001	2.597	0.002	3.896	0	1.299	0.006	9.091	0.02	6.494	0.041	31.169	0.052	32.468	0.073	42.857	0	0	includes S. sp. HMT 138 and S. sp. HMT 892 which are indistinguishable using this data
Bacteria;Firmicutes;Negativicutes;Veillonellales;Veillonellaceae;Dialister;invisus		118	Species				0.338	0.215	0.337982957	2	0.018	32.468	0.002	5.195	0.011	23.377	0.006	10.39	0.156	38.961	0.049	28.571	0.106	55.844	0.054	28.571	0.215	59.74	1.684	35.065	
Bacteria;Firmicutes;Negativicutes;Veillonellales;Veillonellaceae;Dialister;micraerophilus		843	Species						0	4																					
Bacteria;Firmicutes;Negativicutes;Veillonellales;Veillonellaceae;Dialister;pneumosintes		736	Species				0.027	0.072	0.07210426	3	0.007	11.688	0	0	0.003	7.792	0.001	6.494	0.072	32.468	0.023	18.182	0.03	27.273	0.015	10.39	0.04	22.078	0	1.299	
Bacteria;Firmicutes;Negativicutes;Veillonellales;Veillonellaceae;Dialister;sp. HMT 119		119	Species				0.002		0.001929483	4																					
Bacteria;Firmicutes;Negativicutes;Veillonellales;Veillonellaceae;Megasphaera;micronuciformis		122	Species				0.379	0.678	0.678424961	2	0.045	44.156	0.004	10.39	0.21	75.325	0.416	80.519	0.367	74.026	0.627	83.117	0.678	85.714	0.006	7.792	0.024	14.286	0	1.299	
Bacteria;Firmicutes;Negativicutes;Veillonellales;Veillonellaceae;Megasphaera;sp. HMT 123		123	Species				0.008		0.008438969	4																					
Bacteria;Firmicutes;Negativicutes;Veillonellales;Veillonellaceae;Megasphaera;sp. HMT 841		841	Species						0	4																					
Bacteria;Firmicutes;Negativicutes;Veillonellales;Veillonellaceae;Veillonella;atypica		524	Species				2.485	3.194	3.193876137	1	0.276	74.026	0.089	46.753	1.095	90.909	1.761	89.61	2.504	94.805	3.181	93.506	3.194	90.909	0.006	15.584	0.016	19.481	0.005	14.286	
Bacteria;Firmicutes;Negativicutes;Veillonellales;Veillonellaceae;Veillonella;denticariosi		887	Species				0.016		0.016237694	3																					
Bacteria;Firmicutes;Negativicutes;Veillonellales;Veillonellaceae;Veillonella;dispar		160	Species				0.574	6.082	6.082109016	1	0.887	94.805	0.344	76.623	2.548	98.701	6.082	100	3.45	100	3.627	100	4.538	97.403	0.419	85.714	0.529	79.221	0.017	25.974	also includes some clones of V. parvula (clone BU083)
Bacteria;Firmicutes;Negativicutes;Veillonellales;Veillonellaceae;Veillonella;parvula		161	Species				0.98	3.345	3.344783879	1	1.305	89.61	1.352	80.519	0.201	77.922	0.069	55.844	0.108	66.234	0.18	64.935	1.099	89.61	2.908	98.701	3.345	98.701	0.018	15.584	also includes some clones of V. dispar (clone _X031)
Bacteria;Firmicutes;Negativicutes;Veillonellales;Veillonellaceae;Veillonella;rogosae		158	Species				1.712	3.05	3.049851376	1	0.699	88.312	0.172	66.234	1.916	94.805	3.05	94.805	2.7	90.909	1.709	92.208	3.011	93.506	0.019	35.065	0.019	31.169	0.005	11.688	
Bacteria;Firmicutes;Negativicutes;Veillonellales;Veillonellaceae;Veillonella;sp. HMT 780		780	Species				0.701	2.824	2.823908648	1	0.253	42.857	2.824	70.13	0.097	41.558	0.004	9.091	0.092	41.558	0.522	29.87	0.114	44.156	0.019	20.779	0.013	16.883	0	1.299	
Bacteria;Firmicutes;Negativicutes;Veillonellales;Veillonellaceae;Veillonella;sp. HMT 917		917	Species				0.054	0.056	0.056291017	3	0.002	2.597	0	1.299	0.008	3.896	0.015	3.896	0.014	3.896	0.055	5.195	0.056	3.896	0	0	0.002	1.299	0	1.299	
Bacteria;Fusobacteria;Fusobacteriia;Fusobacteriales;Fusobacteriaceae;Fusobacterium;hwasookii		953	Species				0.335	0.162	0.335201024	2	0.023	35.065	0.06	16.883	0.006	18.182	0.007	16.883	0.019	22.078	0.005	7.792	0.032	31.169	0.162	49.351	0.146	57.143	0	0	
Bacteria;Fusobacteria;Fusobacteriia;Fusobacteriales;Fusobacteriaceae;Fusobacterium;naviforme		689	Species				0.298		0.298448009	2																					
Bacteria;Fusobacteria;Fusobacteriia;Fusobacteriales;Fusobacteriaceae;Fusobacterium;necrophorum		690	Species					0.217	0.217065422	2	0	0	0	0	0	0	0	1.299	0.217	10.39	0.056	7.792	0.003	2.597	0	0	0	0	0	0	
Bacteria;Fusobacteria;Fusobacteriia;Fusobacteriales;Fusobacteriaceae;Fusobacterium;nucleatum subsp. animalis		420	Species				4.497	1.792	4.497116444	1	0.107	68.831	0.021	27.273	0.05	44.156	0.025	49.351	0.732	77.922	0.139	53.247	0.197	70.13	0.442	74.026	1.792	90.909	0.001	1.299	
Bacteria;Fusobacteria;Fusobacteriia;Fusobacteriales;Fusobacteriaceae;Fusobacterium;nucleatum subsp. nucleatum		698	Species				0.052		0.051716243	3																					
Bacteria;Fusobacteria;Fusobacteriia;Fusobacteriales;Fusobacteriaceae;Fusobacterium;nucleatum subsp. polymorphum		202	Species				4.531	1.594	4.53064525	1	0.311	84.416	0.408	75.325	0.05	63.636	0.033	48.052	0.475	76.623	0.301	54.545	0.242	80.519	1.296	96.104	1.594	97.403	0	0	also includes F. naviforme and some F. nucleatum ss vincentii
Bacteria;Fusobacteria;Fusobacteriia;Fusobacteriales;Fusobacteriaceae;Fusobacterium;nucleatum subsp. vincentii		200	Species				4.986	2.762	4.986071991	1	0.094	46.753	0.107	12.987	0.028	42.857	0.022	29.87	1.463	62.338	0.331	51.948	0.231	57.143	0.5	59.74	2.762	81.818	0	0	
Bacteria;Fusobacteria;Fusobacteriia;Fusobacteriales;Fusobacteriaceae;Fusobacterium;periodonticum		201	Species				3.4	2.845	3.399630841	1	0.529	88.312	0.096	54.545	1.058	94.805	2.845	93.506	2.459	96.104	1.93	94.805	1.338	93.506	0.125	64.935	0.127	59.74	0.001	5.195	also includes F. sp. HMT 370
Bacteria;Fusobacteria;Fusobacteriia;Fusobacteriales;Fusobacteriaceae;Fusobacterium;sp. HMT 203		203	Species				0.98	0.358	0.980033789	2	0.014	25.974	0.007	9.091	0.01	25.974	0.006	16.883	0.073	44.156	0.088	27.273	0.032	27.273	0.095	35.065	0.358	45.455	0	0	
Bacteria;Fusobacteria;Fusobacteriia;Fusobacteriales;Fusobacteriaceae;Fusobacterium;sp. HMT 204		204	Species				0.333	0.294	0.332710764	2	0.012	19.481	0.002	9.091	0.002	6.494	0	2.597	0.039	33.766	0.011	14.286	0.027	31.169	0.042	45.455	0.294	62.338	0	0	
Bacteria;Fusobacteria;Fusobacteriia;Fusobacteriales;Fusobacteriaceae;Fusobacterium;sp. HMT 205		205	Species				0.046		0.045644201	3																					
Bacteria;Fusobacteria;Fusobacteriia;Fusobacteriales;Fusobacteriaceae;Fusobacterium;sp. HMT 248		248	Species	eHOMD expansion for skin and nasal taxa			0.006	1.043	1.042526328	1	0.005	9.091	1.043	14.286	0.012	5.195	0.002	6.494	0.017	10.39	0.017	12.987	0.031	11.688	0.007	3.896	0.006	6.494	0	0	
Bacteria;Fusobacteria;Fusobacteriia;Fusobacteriales;Fusobacteriaceae;Fusobacterium;sp. HMT 370		370	Species				0.028		0.028292674	3																					
Bacteria;Fusobacteria;Fusobacteriia;Fusobacteriales;Leptotrichiaceae;Leptotrichia;buccalis		563	Species				1.306	1.279	1.306486409	1	0.076	49.351	0.053	24.675	0.031	28.571	0.009	25.974	0.034	42.857	0.046	37.662	0.054	31.169	1.279	61.039	0.681	59.74	0	0	includes L. buccalis and L. sp. HMT 225
Bacteria;Fusobacteria;Fusobacteriia;Fusobacteriales;Leptotrichiaceae;Leptotrichia;goodfellowii		845	Species				0.086	0.209	0.209443191	2	0.01	20.779	0.015	5.195	0.007	12.987	0.001	5.195	0.01	15.584	0.002	7.792	0.026	25.974	0.068	35.065	0.209	50.649	0	0	
Bacteria;Fusobacteria;Fusobacteriia;Fusobacteriales;Leptotrichiaceae;Leptotrichia;hofstadii		224	Species				1.14	0.179	1.140095766	1	0.058	19.481	0.007	6.494	0.006	14.286	0.003	9.091	0.005	15.584	0.004	10.39	0.013	18.182	0.179	40.26	0.069	29.87	0	0	includes L. hofstadii and L. sp. HMT 909
Bacteria;Fusobacteria;Fusobacteriia;Fusobacteriales;Leptotrichiaceae;Leptotrichia;hongkongensis		213	Species				0.642	0.585	0.642247589	2	0.118	51.948	0.037	23.377	0.015	25.974	0.007	20.779	0.008	19.481	0.013	20.779	0.056	44.156	0.585	72.727	0.258	64.935	0	0	
Bacteria;Fusobacteria;Fusobacteriia;Fusobacteriales;Leptotrichiaceae;Leptotrichia;shahii		214	Species				0.142		0.142092658	2																					
Bacteria;Fusobacteria;Fusobacteriia;Fusobacteriales;Leptotrichiaceae;Leptotrichia;sp. HMT 212		212	Species				0.506	0.836	0.835601367	2	0.093	75.325	0.053	33.766	0.05	54.545	0.012	29.87	0.021	46.753	0.024	27.273	0.142	63.636	0.836	88.312	0.667	80.519	0	0	
Bacteria;Fusobacteria;Fusobacteriia;Fusobacteriales;Leptotrichiaceae;Leptotrichia;sp. HMT 215		215	Species				1.701	0.77	1.700633198	1	0.109	74.026	0.019	32.468	0.243	83.117	0.51	81.818	0.77	79.221	0.512	79.221	0.191	67.532	0.055	49.351	0.047	42.857	0	0	
Bacteria;Fusobacteria;Fusobacteriia;Fusobacteriales;Leptotrichiaceae;Leptotrichia;sp. HMT 217		217	Species				0.011		0.010801222	3																					
Bacteria;Fusobacteria;Fusobacteriia;Fusobacteriales;Leptotrichiaceae;Leptotrichia;sp. HMT 218		218	Species				0.608		0.60806006	2																					
Bacteria;Fusobacteria;Fusobacteriia;Fusobacteriales;Leptotrichiaceae;Leptotrichia;sp. HMT 219		219	Species				0.164	0.128	0.163884467	2	0.02	23.377	0.024	3.896	0.007	6.494	0.001	3.896	0.001	3.896	0.004	9.091	0.016	18.182	0.128	40.26	0.089	35.065	0	0	
Bacteria;Fusobacteria;Fusobacteriia;Fusobacteriales;Leptotrichiaceae;Leptotrichia;sp. HMT 221		221	Species				0.905	1.148	1.147752371	1	0.101	42.857	0.02	16.883	0.297	57.143	1.025	63.636	1.086	68.831	1.148	64.935	0.165	50.649	0.014	12.987	0.008	14.286	0	1.299	
Bacteria;Fusobacteria;Fusobacteriia;Fusobacteriales;Leptotrichiaceae;Leptotrichia;sp. HMT 223		223	Species				0.094	0.147	0.146506894	2	0.007	9.091	0	1.299	0.002	5.195	0.002	5.195	0.003	3.896	0.001	2.597	0.007	10.39	0.03	23.377	0.147	24.675	0	0	
Bacteria;Fusobacteria;Fusobacteriia;Fusobacteriales;Leptotrichiaceae;Leptotrichia;sp. HMT 225		225	Species				1.506	1.279	1.506322748	1	0.076	49.351	0.053	24.675	0.031	28.571	0.009	25.974	0.034	42.857	0.046	37.662	0.054	31.169	1.279	61.039	0.681	59.74	0	0	includes L. buccalis and L. sp. HMT 225
Bacteria;Fusobacteria;Fusobacteriia;Fusobacteriales;Leptotrichiaceae;Leptotrichia;sp. HMT 392		392	Species				0.448	0.443	0.447957228	2	0.028	31.169	0.011	12.987	0.006	18.182	0.006	7.792	0.008	20.779	0.008	11.688	0.054	29.87	0.443	50.649	0.288	53.247	0.001	1.299	
Bacteria;Fusobacteria;Fusobacteriia;Fusobacteriales;Leptotrichiaceae;Leptotrichia;sp. HMT 417		417	Species				2.931	1.292	2.930866968	1	0.106	51.948	0.09	23.377	0.217	72.727	0.647	76.623	0.905	83.117	1.292	88.312	0.147	59.74	0.31	50.649	0.438	50.649	0	0	includes L. wadei and L. sp. HMT 417
Bacteria;Fusobacteria;Fusobacteriia;Fusobacteriales;Leptotrichiaceae;Leptotrichia;sp. HMT 463		463	Species				0.037		0.036866187	3																					
Bacteria;Fusobacteria;Fusobacteriia;Fusobacteriales;Leptotrichiaceae;Leptotrichia;sp. HMT 498		498	Species				0.214	0.613	0.612747108	2	0.01	7.792	0.002	5.195	0.064	19.481	0.198	19.481	0.408	23.377	0.613	23.377	0.081	10.39	0.002	2.597	0.004	5.195	0	0	
Bacteria;Fusobacteria;Fusobacteriia;Fusobacteriales;Leptotrichiaceae;Leptotrichia;sp. HMT 847		847	Species						0	4																					
Bacteria;Fusobacteria;Fusobacteriia;Fusobacteriales;Leptotrichiaceae;Leptotrichia;sp. HMT 879		879	Species				0.114	0.233	0.233393997	2	0.042	7.792	0.092	9.091	0.002	3.896	0.001	2.597	0.233	16.883	0.028	9.091	0.007	11.688	0	1.299	0	1.299	0	0	
Bacteria;Fusobacteria;Fusobacteriia;Fusobacteriales;Leptotrichiaceae;Leptotrichia;sp. HMT 909		909	Species				0.081	0.179	0.179	2	0.058	19.481	0.007	6.494	0.006	14.286	0.003	9.091	0.005	15.584	0.004	10.39	0.013	18.182	0.179	40.26	0.069	29.87	0	0	includes L. hofstadii and L. sp. HMT 909
Bacteria;Fusobacteria;Fusobacteriia;Fusobacteriales;Leptotrichiaceae;Leptotrichia;wadei		222	Species				2.474	1.292	2.474011381	1	0.106	51.948	0.09	23.377	0.217	72.727	0.647	76.623	0.905	83.117	1.292	88.312	0.147	59.74	0.31	50.649	0.438	50.649	0	0	includes L. wadei and L. sp. HMT 417
Bacteria;Fusobacteria;Fusobacteriia;Fusobacteriales;Leptotrichiaceae;Sneathia;amnii [Not Validly Published]		844	Species					0.268	0.267764846	2	0	0	0	1.299	0	0	0	0	0.268	1.299	0.083	1.299	0.002	1.299	0	0	0	0	0	0	
Bacteria;Fusobacteria;Fusobacteriia;Fusobacteriales;Leptotrichiaceae;Sneathia;sanguinegens		837	Species						0	4																					
Bacteria;Gracilibacteria (GN02);Gracilibacteria (GN02) [C-1];Gracilibacteria (GN02) [O-1];Gracilibacteria (GN02) [F-1];Gracilibacteria (GN02) [G-1];bacterium HMT 871		871	Species				0.008		0.008486241	4																					
Bacteria;Gracilibacteria (GN02);Gracilibacteria (GN02) [C-1];Gracilibacteria (GN02) [O-1];Gracilibacteria (GN02) [F-1];Gracilibacteria (GN02) [G-1];bacterium HMT 872		872	Species				0.105	0.169	0.168767502	2	0.007	15.584	0.001	2.597	0.008	15.584	0.001	3.896	0.002	6.494	0.006	10.39	0.054	40.26	0.169	41.558	0.152	37.662	0	0	
Bacteria;Proteobacteria;Betaproteobacteria;Burkholderiales;Burkholderiaceae;Lautropia;mirabilis		22	Species				1.267	4.871	4.871080508	1	0.845	85.714	0.07	59.74	0.327	76.623	0.038	42.857	0.152	53.247	0.328	59.74	1.809	83.117	4.871	90.909	4.075	92.208	0.001	2.597	
Bacteria;Proteobacteria;Betaproteobacteria;Burkholderiales;Burkholderiaceae;Ralstonia;pickettii		854	Species	Non-Oral Ref	environmental opportunistic				0	4																					
Bacteria;Proteobacteria;Betaproteobacteria;Burkholderiales;Burkholderiaceae;Ralstonia;sp. HMT 406		406	Species						0	4																					
Bacteria;Proteobacteria;Betaproteobacteria;Burkholderiales;Comamonadaceae;Acidovorax;caeni		211	Species	Non-Oral Ref	wastewater			0.534	0.534495724	2	0.02	18.182	0.012	18.182	0.064	31.169	0.008	2.597	0.005	9.091	0.122	25.974	0.534	36.364	0	1.299	0.006	12.987	0	1.299	
Bacteria;Proteobacteria;Betaproteobacteria;Burkholderiales;Comamonadaceae;Ottowia;sp. HMT 894		894	Species				0.166	0.099	0.166246733	2	0.014	7.792	0	1.299	0.001	2.597	0	0	0.001	1.299	0	0	0.004	3.896	0.048	15.584	0.099	18.182	0	0	
Bacteria;Proteobacteria;Betaproteobacteria;Burkholderiales;Comamonadaceae;Schlegelella;aquatica		26	Species						0	4																					
Bacteria;Proteobacteria;Betaproteobacteria;Burkholderiales;Comamonadaceae;Schlegelella;thermodepolymerans		24	Species						0	4																					
Bacteria;Proteobacteria;Betaproteobacteria;Burkholderiales;Comamonadaceae;Variovorax;paradoxus		717	Species	Non-Oral Ref	environmental				0	4																					
Bacteria;Proteobacteria;Betaproteobacteria;Neisseriales;Neisseriaceae;Eikenella;corrodens		577	Species				0.347	0.436	0.436136079	2	0.046	51.948	0.018	29.87	0.023	38.961	0.024	25.974	0.087	40.26	0.075	28.571	0.028	51.948	0.363	92.208	0.436	92.208	0	0	
Bacteria;Proteobacteria;Betaproteobacteria;Neisseriales;Neisseriaceae;Eikenella;sp. HMT 011		11	Species						0	4																					
Bacteria;Proteobacteria;Betaproteobacteria;Neisseriales;Neisseriaceae;Kingella;denitrificans		582	Species				0.048	0.186	0.186355383	2	0.027	16.883	0.004	10.39	0.006	12.987	0.003	9.091	0.003	6.494	0.002	6.494	0.024	15.584	0.13	40.26	0.186	31.169	0	0	
Bacteria;Proteobacteria;Betaproteobacteria;Neisseriales;Neisseriaceae;Kingella;kingae		646	Species				0.015	0.195	0.19453423	2	0.001	1.299	0	0	0	1.299	0	0	0.195	2.597	0	1.299	0	0	0	0	0	0	0	0	
Bacteria;Proteobacteria;Betaproteobacteria;Neisseriales;Neisseriaceae;Kingella;oralis		706	Species				0.565	1.305	1.305449651	1	0.18	64.935	0.101	45.455	0.032	48.052	0.006	16.883	0.009	23.377	0.014	35.065	0.11	62.338	1.305	94.805	1.029	96.104	0	0	
Bacteria;Proteobacteria;Betaproteobacteria;Neisseriales;Neisseriaceae;Kingella;sp. HMT 012		12	Species				0.023	0.044	0.043655564	3	0.044	1.299	0.001	1.299	0.003	2.597	0	0	0	2.597	0.001	1.299	0.014	2.597	0.035	2.597	0.032	2.597	0	0	
Bacteria;Proteobacteria;Betaproteobacteria;Neisseriales;Neisseriaceae;Kingella;sp. HMT 459		459	Species				0.303	0.087	0.30255076	2	0	1.299	0.087	16.883	0.05	14.286	0.004	9.091	0.003	2.597	0.006	6.494	0.005	9.091	0	0	0	0	0	0	
Bacteria;Proteobacteria;Betaproteobacteria;Neisseriales;Neisseriaceae;Kingella;sp. HMT 932		932	Species				0.016		0.016014793	3																					
Bacteria;Proteobacteria;Betaproteobacteria;Neisseriales;Neisseriaceae;Neisseria;bacilliformis		13	Species				0.263		0.262835852	2																					
Bacteria;Proteobacteria;Betaproteobacteria;Neisseriales;Neisseriaceae;Neisseria;cinerea	not detected by itself but as part of other Neisseria	956	Species					1.324	1.324213272	1	0.059	22.078	1.324	37.662	0.183	29.87	0.004	5.195	0.018	24.675	0.089	18.182	0.027	19.481	0.021	16.883	0.012	12.987	0	0	includes cinerea, polysaccharea, not distinguishable from meningitidis in this data
Bacteria;Proteobacteria;Betaproteobacteria;Neisseriales;Neisseriaceae;Neisseria;elongata		598	Species				0.491	1.674	1.674065099	1	0.097	55.844	0.017	31.169	0.1	49.351	0.019	27.273	0.022	31.169	0.072	31.169	0.201	70.13	1.674	87.013	1.352	81.818	0	0	
Bacteria;Proteobacteria;Betaproteobacteria;Neisseriales;Neisseriaceae;Neisseria;flava		609	Species				0.745	3.173	3.173030837	1	1.163	79.221	0.491	54.545	0.538	72.727	0.04	40.26	0.135	46.753	0.178	48.052	0.781	72.727	3.173	83.117	2.461	80.519	0.002	3.896	includes N.  flava, N. macacae, N. mucosa, N. sicca
Bacteria;Proteobacteria;Betaproteobacteria;Neisseriales;Neisseriaceae;Neisseria;flavescens		610	Species				2.969	2.879	2.96892609	1	0.554	66.234	0.14	42.857	1.278	71.429	2.879	72.727	2.187	67.532	2.31	66.234	1.403	68.831	0.23	40.26	0.206	42.857	0	2.597	
Bacteria;Proteobacteria;Betaproteobacteria;Neisseriales;Neisseriaceae;Neisseria;gonorrhoeae		621	Species						0	4																					
Bacteria;Proteobacteria;Betaproteobacteria;Neisseriales;Neisseriaceae;Neisseria;lactamica		649	Species						0	4																					
Bacteria;Proteobacteria;Betaproteobacteria;Neisseriales;Neisseriaceae;Neisseria;macacae	Dewhirst data includes mucosa and macacae	99	Species	eHOMD expansion for skin and nasal taxa			0.284	3.173	3.173030837	1	1.163	79.221	0.491	54.545	0.538	72.727	0.04	40.26	0.135	46.753	0.178	48.052	0.781	72.727	3.173	83.117	2.461	80.519	0.002	3.896	includes N.  flava, N. macacae, N. mucosa, N. sicca
Bacteria;Proteobacteria;Betaproteobacteria;Neisseriales;Neisseriaceae;Neisseria;meningitidis	not detected by itself but as part of other Neisseria	669	Species						0	4																					
Bacteria;Proteobacteria;Betaproteobacteria;Neisseriales;Neisseriaceae;Neisseria;mucosa	Dewhirst data includes mucosa and macacae	682	Species				0.284	3.173	3.173030837	1	1.163	79.221	0.491	54.545	0.538	72.727	0.04	40.26	0.135	46.753	0.178	48.052	0.781	72.727	3.173	83.117	2.461	80.519	0.002	3.896	includes N.  flava, N. macacae, N. mucosa, N. sicca
Bacteria;Proteobacteria;Betaproteobacteria;Neisseriales;Neisseriaceae;Neisseria;oralis		14	Species				0.443	0.661	0.660791088	2	0.212	38.961	0.024	11.688	0.033	22.078	0.003	11.688	0.022	22.078	0.052	20.779	0.158	35.065	0.445	38.961	0.661	29.87	0.001	1.299	
Bacteria;Proteobacteria;Betaproteobacteria;Neisseriales;Neisseriaceae;Neisseria;perflava		101	Species	eHOMD expansion for skin and nasal taxa			4.625	5.922	5.921514725	1	0.833	67.532	0.091	44.156	1.646	75.325	5.922	81.818	3.5	75.325	3.143	76.623	1.472	72.727	0.029	32.468	0.027	31.169	0.001	3.896	
Bacteria;Proteobacteria;Betaproteobacteria;Neisseriales;Neisseriaceae;Neisseria;polysaccharea	not detected by itself but as part of other Neisseria	737	Species					1.324	1.324213272	1	0.059	22.078	1.324	37.662	0.183	29.87	0.004	5.195	0.018	24.675	0.089	18.182	0.027	19.481	0.021	16.883	0.012	12.987	0	0	includes cinerea, polysaccharea, not distinguishable from meningitidis in this data
Bacteria;Proteobacteria;Betaproteobacteria;Neisseriales;Neisseriaceae;Neisseria;sicca		764	Species				0.052	3.173	3.173030837	1	1.163	79.221	0.491	54.545	0.538	72.727	0.04	40.26	0.135	46.753	0.178	48.052	0.781	72.727	3.173	83.117	2.461	80.519	0.002	3.896	includes N.  flava, N. macacae, N. mucosa, N. sicca
Bacteria;Proteobacteria;Betaproteobacteria;Neisseriales;Neisseriaceae;Neisseria;sp. HMT 018		18	Species				0.047		0.047016026	3																					
Bacteria;Proteobacteria;Betaproteobacteria;Neisseriales;Neisseriaceae;Neisseria;sp. HMT 020		20	Species				0.004		0.004153575	4																					
Bacteria;Proteobacteria;Betaproteobacteria;Neisseriales;Neisseriaceae;Neisseria;sp. HMT 499		499	Species				0.006		0.006281719	4																					
Bacteria;Proteobacteria;Betaproteobacteria;Neisseriales;Neisseriaceae;Neisseria;sp. HMT 523		523	Species						0	4																					
Bacteria;Proteobacteria;Betaproteobacteria;Neisseriales;Neisseriaceae;Neisseria;subflava		476	Species				0.564	1.274	1.273553859	1	0.153	35.065	0.058	16.883	0.31	33.766	1.027	23.377	0.433	24.675	0.275	29.87	0.684	37.662	1.274	37.662	0.98	28.571	0	0	
Bacteria;Proteobacteria;Betaproteobacteria;Neisseriales;Neisseriaceae;Neisseria;weaveri		92	Species						0	4																					
Bacteria;Proteobacteria;Betaproteobacteria;Neisseriales;Neisseriaceae;Neisseriaceae [G-1];bacterium HMT 174		174	Species	eHOMD expansion for skin and nasal taxa					0	4																					
Bacteria;Proteobacteria;Betaproteobacteria;Neisseriales;Neisseriaceae;Neisseriaceae [G-1];bacterium HMT 327		327	Species	eHOMD expansion for skin and nasal taxa					0	4																					
Bacteria;Proteobacteria;Betaproteobacteria;Neisseriales;Neisseriaceae;Simonsiella;muelleri		683	Species				1.16	0.468	1.160037892	1	0.001	6.494	0.122	7.792	0.468	16.883	0	0	0.004	6.494	0.004	1.299	0.004	3.896	0	1.299	0	1.299	0	0	
Bacteria;Proteobacteria;Betaproteobacteria;Rhodocyclales;Rhodocyclaceae;Rhodocyclus;sp. HMT 028		28	Species						0	4																					
Bacteria;Proteobacteria;Deltaproteobacteria;Bdellovibrionales;Bdellovibrionaceae;Bdellovibrio;sp. HMT 039		39	Species						0	4																					
Bacteria;Proteobacteria;Deltaproteobacteria;Desulfobacterales;Desulfobulbaceae;Desulfobulbus;sp. HMT 041		41	Species				0.022		0.021575463	3																					
Bacteria;Proteobacteria;Deltaproteobacteria;Desulfovibrionales;Desulfomicrobiaceae;Desulfomicrobium;orale		703	Species						0	4																					
Bacteria;Proteobacteria;Deltaproteobacteria;Desulfovibrionales;Desulfovibrionaceae;Desulfovibrio;fairfieldensis		605	Species	Non-Oral Ref	gut				0	4																					
Bacteria;Proteobacteria;Deltaproteobacteria;Desulfovibrionales;Desulfovibrionaceae;Desulfovibrio;sp. HMT 040		40	Species						0	4																					
Bacteria;Proteobacteria;Epsilonproteobacteria;Campylobacterales;Campylobacteraceae;Campylobacter;concisus		575	Species				0.529	6.292	6.291891914	1	0.414	85.714	1.194	66.234	0.963	98.701	2.938	98.701	2.996	100	3.296	98.701	6.292	97.403	0.531	81.818	0.386	84.416	0.001	3.896	
Bacteria;Proteobacteria;Epsilonproteobacteria;Campylobacterales;Campylobacteraceae;Campylobacter;curvus		580	Species				0.003		0.003173519	4																					
Bacteria;Proteobacteria;Epsilonproteobacteria;Campylobacterales;Campylobacteraceae;Campylobacter;gracilis		623	Species				1.108	1.057	1.10783861	1	0.027	36.364	0.026	20.779	0.003	16.883	0.001	3.896	0.053	25.974	0.024	16.883	0.05	53.247	0.441	80.519	1.057	89.61	0	1.299	
Bacteria;Proteobacteria;Epsilonproteobacteria;Campylobacterales;Campylobacteraceae;Campylobacter;rectus		748	Species				0.009	0.02	0.019957044	3	0	1.299	0.001	2.597	0.001	1.299	0	1.299	0.02	16.883	0.006	5.195	0.006	7.792	0.003	10.39	0.02	14.286	0	0	
Bacteria;Proteobacteria;Epsilonproteobacteria;Campylobacterales;Campylobacteraceae;Campylobacter;showae		763	Species				0.277	0.807	0.806868151	2	0.046	54.545	0.265	46.753	0.05	49.351	0.055	36.364	0.243	63.636	0.145	50.649	0.38	84.416	0.723	84.416	0.807	88.312	0.001	1.299	
Bacteria;Proteobacteria;Epsilonproteobacteria;Campylobacterales;Campylobacteraceae;Campylobacter;sp. HMT 044		44	Species				0.202	0.145	0.202255898	2	0.012	19.481	0.145	20.779	0.11	38.961	0.1	31.169	0.06	31.169	0.093	37.662	0.112	38.961	0.005	3.896	0.029	9.091	0	0	
Bacteria;Proteobacteria;Epsilonproteobacteria;Campylobacterales;Campylobacteraceae;Campylobacter;sputorum		776	Species						0	4																					
Bacteria;Proteobacteria;Epsilonproteobacteria;Campylobacterales;Campylobacteraceae;Campylobacter;ureolyticus		842	Species						0	4																					
Bacteria;Proteobacteria;Epsilonproteobacteria;Campylobacterales;Helicobacteraceae;Helicobacter;pylori		812	Species						0	4																					
Bacteria;Proteobacteria;Gammaproteobacteria;Cardiobacteriales;Cardiobacteriaceae;Cardiobacterium;hominis		633	Species				0.063	0.166	0.165781055	2	0.006	16.883	0.01	6.494	0.005	15.584	0	1.299	0.002	3.896	0.002	3.896	0.006	14.286	0.166	75.325	0.132	70.13	0	0	
Bacteria;Proteobacteria;Gammaproteobacteria;Pasteurellales;Pasteurellaceae;Haemophilus;haemolyticus		851	Species				1.973	0.558	1.972742499	1	0.259	59.74	0.558	58.442	0.069	29.87	0.006	9.091	0.099	29.87	0.116	35.065	0.068	32.468	0.008	14.286	0.014	10.39	0	0	
Bacteria;Proteobacteria;Gammaproteobacteria;Pasteurellales;Pasteurellaceae;Haemophilus;influenzae		641	Species				0.047	1.063	1.06277495	1	0	0	0	0	0	0	0	0	0	1.299	1.063	2.597	0	1.299	0	0	0	0	0	0	
Bacteria;Proteobacteria;Gammaproteobacteria;Pasteurellales;Pasteurellaceae;Haemophilus;parahaemolyticus		945	Species				0.484	0.98	0.979905838	2	0.149	55.844	0.98	57.143	0.225	53.247	0.006	9.091	0.183	38.961	0.085	32.468	0.085	31.169	0.005	15.584	0.014	16.883	0	0	includes both H. parahaemolyticus and H. paraphrohaemolyticus
Bacteria;Proteobacteria;Gammaproteobacteria;Pasteurellales;Pasteurellaceae;Haemophilus;parainfluenzae		718	Species				9.2	3.46	9.199954723	1	2.47	96.104	3.46	94.805	1.725	98.701	2.579	93.506	1.583	92.208	1.328	92.208	2.471	94.805	2.131	88.312	1.075	80.519	0.011	18.182	
Bacteria;Proteobacteria;Gammaproteobacteria;Pasteurellales;Pasteurellaceae;Haemophilus;paraphrohaemolyticus		35	Species				0.669	0.98	0.979905838	2	0.149	55.844	0.98	57.143	0.225	53.247	0.006	9.091	0.183	38.961	0.085	32.468	0.085	31.169	0.005	15.584	0.014	16.883	0	0	includes both H. parahaemolyticus and H. paraphrohaemolyticus
Bacteria;Proteobacteria;Gammaproteobacteria;Pasteurellales;Pasteurellaceae;Haemophilus;pittmaniae		946	Species				0.115		0.115286538	2																					
Bacteria;Proteobacteria;Gammaproteobacteria;Pasteurellales;Pasteurellaceae;Haemophilus;sp. HMT 036		36	Species				3.023	1.306	3.022925712	1	0.334	76.623	1.306	80.519	0.082	55.844	0.004	7.792	0.022	35.065	0.026	29.87	0.085	48.052	0.011	19.481	0.016	20.779	0	0	
Bacteria;Proteobacteria;Gammaproteobacteria;Pasteurellales;Pasteurellaceae;Haemophilus;sp. HMT 259		259	Species	eHOMD expansion for skin and nasal taxa			0.046		0.045857171	3																					
Bacteria;Proteobacteria;Gammaproteobacteria;Pasteurellales;Pasteurellaceae;Haemophilus;sp. HMT 908		908	Species				0.187	0.129	0.187472148	2	0.129	29.87	0.115	33.766	0.006	10.39	0.001	1.299	0.019	5.195	0.006	7.792	0.01	12.987	0.004	3.896	0	2.597	0	0	
Bacteria;Proteobacteria;Gammaproteobacteria;Pasteurellales;Pasteurellaceae;Haemophilus;sputorum		944	Species				0.174	0.054	0.173654849	2	0.054	29.87	0.016	12.987	0.018	19.481	0.01	15.584	0.022	24.675	0.018	20.779	0.04	16.883	0.003	6.494	0.001	2.597	0	0	
Bacteria;Proteobacteria;Gammaproteobacteria;Pseudomonadales;Moraxellaceae;Moraxella;catarrhalis		833	Species					0.2	0.199710186	2	0	0	0	0	0	0	0	0	0	1.299	0.2	6.494	0.025	1.299	0	0	0	0	0	0	also includes M. nonliquefaciens
Bacteria;Saccharibacteria (TM7);Saccharibacteria (TM7) [C-1]);Saccharibacteria (TM7) [O-1];Saccharibacteria (TM7) [F-1];Saccharibacteria (TM7) [G-1];bacterium HMT 346		346	Species				1.037	0.443	1.036714828	1	0.016	25.974	0.001	5.195	0.012	15.584	0.001	6.494	0.139	12.987	0.024	9.091	0.216	49.351	0.332	31.169	0.443	49.351	0.001	1.299	
Bacteria;Saccharibacteria (TM7);Saccharibacteria (TM7) [C-1]);Saccharibacteria (TM7) [O-1];Saccharibacteria (TM7) [F-1];Saccharibacteria (TM7) [G-1];bacterium HMT 347		347	Species				0.334	0.799	0.799143071	2	0.033	29.87	0.086	14.286	0.007	14.286	0.004	9.091	0.002	7.792	0.004	10.39	0.031	32.468	0.685	59.74	0.799	50.649	0	0	
Bacteria;Saccharibacteria (TM7);Saccharibacteria (TM7) [C-1]);Saccharibacteria (TM7) [O-1];Saccharibacteria (TM7) [F-1];Saccharibacteria (TM7) [G-1];bacterium HMT 348		348	Species				0.408	0.545	0.545253926	2	0.014	20.779	0.001	5.195	0.004	14.286	0.002	6.494	0.003	9.091	0.01	10.39	0.192	42.857	0.545	42.857	0.507	40.26	0	0	
Bacteria;Saccharibacteria (TM7);Saccharibacteria (TM7) [C-1]);Saccharibacteria (TM7) [O-1];Saccharibacteria (TM7) [F-1];Saccharibacteria (TM7) [G-1];bacterium HMT 349		349	Species				1.119	0.396	1.11873025	1	0.013	12.987	0	1.299	0.015	14.286	0.004	5.195	0.019	11.688	0.007	11.688	0.12	35.065	0.231	22.078	0.396	42.857	0.001	1.299	
Bacteria;Saccharibacteria (TM7);Saccharibacteria (TM7) [C-1]);Saccharibacteria (TM7) [O-1];Saccharibacteria (TM7) [F-1];Saccharibacteria (TM7) [G-1];bacterium HMT 352		352	Species				0.636	6.861	6.861193038	1	0.154	72.727	0.033	27.273	0.538	88.312	1.843	84.416	1.366	89.61	1.856	89.61	6.861	94.805	0.331	75.325	0.527	85.714	0.004	10.39	includes both Saccharibacteria sp. HMT 352 and sp. HMT 952, which cannot be distinguished with this data
Bacteria;Saccharibacteria (TM7);Saccharibacteria (TM7) [C-1]);Saccharibacteria (TM7) [O-1];Saccharibacteria (TM7) [F-1];Saccharibacteria (TM7) [G-1];bacterium HMT 353		353	Species						0	4																					
Bacteria;Saccharibacteria (TM7);Saccharibacteria (TM7) [C-1]);Saccharibacteria (TM7) [O-1];Saccharibacteria (TM7) [F-1];Saccharibacteria (TM7) [G-1];bacterium HMT 488		488	Species				0.039		0.038543634	3																					
Bacteria;Saccharibacteria (TM7);Saccharibacteria (TM7) [C-1]);Saccharibacteria (TM7) [O-1];Saccharibacteria (TM7) [F-1];Saccharibacteria (TM7) [G-1];bacterium HMT 869		869	Species				0.181		0.181013353	2																					
Bacteria;Saccharibacteria (TM7);Saccharibacteria (TM7) [C-1]);Saccharibacteria (TM7) [O-1];Saccharibacteria (TM7) [F-1];Saccharibacteria (TM7) [G-1];bacterium HMT 952		952	Species				0.419	6.861	6.861193038	1	0.154	72.727	0.033	27.273	0.538	88.312	1.843	84.416	1.366	89.61	1.856	89.61	6.861	94.805	0.331	75.325	0.527	85.714	0.004	10.39	includes both Saccharibacteria sp. HMT 352 and sp. HMT 952, which cannot be distinguished with this data
Bacteria;Saccharibacteria (TM7);Saccharibacteria (TM7) [C-1]);Saccharibacteria (TM7) [O-1];Saccharibacteria (TM7) [F-1];Saccharibacteria (TM7) [G-1];bacterium HMT 957		957	Species						0	4																					
Bacteria;Saccharibacteria (TM7);Saccharibacteria (TM7) [C-1]);Saccharibacteria (TM7) [O-1];Saccharibacteria (TM7) [F-1];Saccharibacteria (TM7) [G-2];bacterium HMT 350		350	Species				0.125		0.125491574	2																					
Bacteria;Saccharibacteria (TM7);Saccharibacteria (TM7) [C-1]);Saccharibacteria (TM7) [O-1];Saccharibacteria (TM7) [F-1];Saccharibacteria (TM7) [G-3];bacterium HMT 351		351	Species				0.059	4.246	4.246379517	1	0.025	40.26	0.005	7.792	0.111	70.13	0.195	74.026	0.232	77.922	0.306	81.818	4.246	96.104	0.024	20.779	0.04	24.675	0	0	
Bacteria;Saccharibacteria (TM7);Saccharibacteria (TM7) [C-1]);Saccharibacteria (TM7) [O-1];Saccharibacteria (TM7) [F-1];Saccharibacteria (TM7) [G-3];bacterium HMT 364		364	Species						0	4																					
Bacteria;Saccharibacteria (TM7);Saccharibacteria (TM7) [C-1]);Saccharibacteria (TM7) [O-1];Saccharibacteria (TM7) [F-1];Saccharibacteria (TM7) [G-3];bacterium HMT 367		367	Species						0	4																					
Bacteria;Saccharibacteria (TM7);Saccharibacteria (TM7) [C-1]);Saccharibacteria (TM7) [O-1];Saccharibacteria (TM7) [F-1];Saccharibacteria (TM7) [G-3];bacterium HMT 371		371	Species						0	4																					
Bacteria;Saccharibacteria (TM7);Saccharibacteria (TM7) [C-1]);Saccharibacteria (TM7) [O-1];Saccharibacteria (TM7) [F-1];Saccharibacteria (TM7) [G-4];bacterium HMT 355		355	Species				0.04		0.039887078	3																					
Bacteria;Saccharibacteria (TM7);Saccharibacteria (TM7) [C-1]);Saccharibacteria (TM7) [O-1];Saccharibacteria (TM7) [F-1];Saccharibacteria (TM7) [G-6];bacterium HMT 870		870	Species				0.066	0.39	0.389730683	2	0.036	41.558	0.007	12.987	0.053	54.545	0.098	57.143	0.124	45.455	0.143	51.948	0.39	68.831	0.072	25.974	0.044	16.883	0.001	3.896	
Bacteria;Saccharibacteria (TM7);Saccharibacteria (TM7) [C-1]);Saccharibacteria (TM7) [O-1];Saccharibacteria (TM7) [F-1];Saccharibacteria (TM7) [G-7];bacterium HMT 954		954	Species						0	4																					
Bacteria;Saccharibacteria (TM7);Saccharibacteria (TM7) [C-1]);Saccharibacteria (TM7) [O-1];Saccharibacteria (TM7) [F-1];Saccharibacteria (TM7) [G-7];bacterium HMT 986		986	Species	Non-Oral Ref					0	4																					
Bacteria;Saccharibacteria (TM7);Saccharibacteria (TM7) [C-1]);Saccharibacteria (TM7) [O-1];Saccharibacteria (TM7) [F-1];Saccharibacteria (TM7) [G-7];bacterium HMT 987		987	Species	Non-Oral Ref					0	4																					
Bacteria;Saccharibacteria (TM7);Saccharibacteria (TM7) [C-1]);Saccharibacteria (TM7) [O-1];Saccharibacteria (TM7) [F-1];Saccharibacteria (TM7) [G-7];bacterium HMT 989		989	Species	Non-Oral Ref					0	4																					
Bacteria;Saccharibacteria (TM7);Saccharibacteria (TM7) [C-1]);Saccharibacteria (TM7) [O-1];Saccharibacteria (TM7) [F-1];Saccharibacteria (TM7) [G-8];bacterium HMT 955		955	Species				0.071		0.070729199	3																					
Bacteria;Saccharibacteria (TM7);Saccharibacteria (TM7) [C-1]);Saccharibacteria (TM7) [O-1];Saccharibacteria (TM7) [F-2];Saccharibacteria (TM7) [G-5];bacterium HMT 356		356	Species				0.635	0.135	0.634837812	2	0.005	6.494	0	0	0.006	3.896	0.002	3.896	0.007	3.896	0.001	5.195	0.017	10.39	0.047	11.688	0.135	9.091	0	0	
Bacteria;Spirochaetes;Spirochaetia;Spirochaetales;Spirochaetaceae;Treponema;amylovorum		541	Species				0.015		0.015142522	3																					
Bacteria;Spirochaetes;Spirochaetia;Spirochaetales;Spirochaetaceae;Treponema;denticola		584	Species				0.193	0.304	0.303620844	2	0.003	7.792	0	1.299	0.001	5.195	0.001	1.299	0.184	29.87	0.029	9.091	0.038	25.974	0.05	14.286	0.304	27.273	0	0	
Bacteria;Spirochaetes;Spirochaetia;Spirochaetales;Spirochaetaceae;Treponema;lecithinolyticum		653	Species				0.105	0.09	0.105126492	2	0.003	7.792	0	0	0	1.299	0	0	0.023	10.39	0.003	5.195	0.016	16.883	0.016	12.987	0.09	23.377	0	0	
Bacteria;Spirochaetes;Spirochaetia;Spirochaetales;Spirochaetaceae;Treponema;maltophilum		664	Species				0.041	0.119	0.119373944	2	0.002	7.792	0	0	0.001	2.597	0	2.597	0.024	19.481	0.006	9.091	0.003	9.091	0.041	18.182	0.119	35.065	0	0	
Bacteria;Spirochaetes;Spirochaetia;Spirochaetales;Spirochaetaceae;Treponema;medium		667	Species				0.016	0.036	0.036062791	3	0.005	10.39	0	2.597	0.013	22.078	0.036	28.571	0.034	25.974	0.034	27.273	0.023	28.571	0.02	10.39	0.035	20.779	0	1.299	includes both T. medium and T. vincentii
Bacteria;Spirochaetes;Spirochaetia;Spirochaetales;Spirochaetaceae;Treponema;pallidum		805	Species						0	4																					
Bacteria;Spirochaetes;Spirochaetia;Spirochaetales;Spirochaetaceae;Treponema;parvum		724	Species						0	4																					
Bacteria;Spirochaetes;Spirochaetia;Spirochaetales;Spirochaetaceae;Treponema;pectinovorum		725	Species						0	4																					
Bacteria;Spirochaetes;Spirochaetia;Spirochaetales;Spirochaetaceae;Treponema;putidum		743	Species						0	4																					
Bacteria;Spirochaetes;Spirochaetia;Spirochaetales;Spirochaetaceae;Treponema;socranskii		769	Species				0.3	0.409	0.408989489	2	0.011	12.987	0	0	0.006	9.091	0.003	11.688	0.071	42.857	0.038	25.974	0.025	35.065	0.168	44.156	0.409	57.143	0	1.299	
Bacteria;Spirochaetes;Spirochaetia;Spirochaetales;Spirochaetaceae;Treponema;sp. HMT 226		226	Species					0.057	0.057043698	3	0.002	2.597	0	0	0.001	1.299	0	0	0	0	0.001	2.597	0.01	11.688	0.002	3.896	0.057	14.286	0	0	
Bacteria;Spirochaetes;Spirochaetia;Spirochaetales;Spirochaetaceae;Treponema;sp. HMT 227		227	Species						0	4																					
Bacteria;Spirochaetes;Spirochaetia;Spirochaetales;Spirochaetaceae;Treponema;sp. HMT 228		228	Species				0.008		0.008385912	4																					
Bacteria;Spirochaetes;Spirochaetia;Spirochaetales;Spirochaetaceae;Treponema;sp. HMT 230		230	Species				0.02	0.037	0.036875517	3	0.001	1.299	0	0	0	0	0	2.597	0.009	7.792	0	1.299	0.003	7.792	0.005	3.896	0.037	14.286	0	0	
Bacteria;Spirochaetes;Spirochaetia;Spirochaetales;Spirochaetaceae;Treponema;sp. HMT 231		231	Species				0.068	0.35	0.349619546	2	0.018	12.987	0	1.299	0.009	10.39	0.002	6.494	0.23	32.468	0.043	15.584	0.025	23.377	0.118	24.675	0.35	48.052	0	0	
Bacteria;Spirochaetes;Spirochaetia;Spirochaetales;Spirochaetaceae;Treponema;sp. HMT 232		232	Species						0	4																					
Bacteria;Spirochaetes;Spirochaetia;Spirochaetales;Spirochaetaceae;Treponema;sp. HMT 234		234	Species				0.017	0.062	0.062269242	3	0	1.299	0	0	0.001	2.597	0.001	2.597	0.001	2.597	0	0	0.017	10.39	0.005	3.896	0.062	14.286	0	0	
Bacteria;Spirochaetes;Spirochaetia;Spirochaetales;Spirochaetaceae;Treponema;sp. HMT 235		235	Species					0.009	0.008881398	4	0	2.597	0	0	0	0	0	0	0	0	0	1.299	0.006	2.597	0.003	2.597	0.009	2.597	0	0	
Bacteria;Spirochaetes;Spirochaetia;Spirochaetales;Spirochaetaceae;Treponema;sp. HMT 236		236	Species						0	4																					
Bacteria;Spirochaetes;Spirochaetia;Spirochaetales;Spirochaetaceae;Treponema;sp. HMT 237		237	Species				0.181	0.168	0.18095536	2	0.003	10.39	0	1.299	0.001	3.896	0.002	5.195	0.052	19.481	0.006	10.39	0.016	15.584	0.043	12.987	0.168	28.571	0	0	
Bacteria;Spirochaetes;Spirochaetia;Spirochaetales;Spirochaetaceae;Treponema;sp. HMT 238		238	Species				0.011	0.07	0.069927903	3	0.003	2.597	0	0	0.002	2.597	0.003	2.597	0.004	5.195	0	2.597	0.024	2.597	0.024	3.896	0.07	5.195	0	0	
Bacteria;Spirochaetes;Spirochaetia;Spirochaetales;Spirochaetaceae;Treponema;sp. HMT 253		253	Species				0.006	0.033	0.032661786	3	0.001	2.597	0	0	0	0	0	0	0.033	3.896	0	1.299	0.001	1.299	0.009	7.792	0.017	7.792	0	0	
Bacteria;Spirochaetes;Spirochaetia;Spirochaetales;Spirochaetaceae;Treponema;sp. HMT 254		254	Species						0	4																					
Bacteria;Spirochaetes;Spirochaetia;Spirochaetales;Spirochaetaceae;Treponema;sp. HMT 256		256	Species						0	4																					
Bacteria;Spirochaetes;Spirochaetia;Spirochaetales;Spirochaetaceae;Treponema;sp. HMT 257		257	Species				0.176	0.019	0.175698983	2	0.001	2.597	0	0	0.002	2.597	0.002	2.597	0.004	7.792	0	1.299	0.017	7.792	0.001	3.896	0.019	7.792	0	0	
Bacteria;Spirochaetes;Spirochaetia;Spirochaetales;Spirochaetaceae;Treponema;sp. HMT 258		258	Species				0.007		0.007197384	4																					
Bacteria;Spirochaetes;Spirochaetia;Spirochaetales;Spirochaetaceae;Treponema;sp. HMT 260		260	Species						0	4																					
Bacteria;Spirochaetes;Spirochaetia;Spirochaetales;Spirochaetaceae;Treponema;sp. HMT 262		262	Species				0.012	0.034	0.033526818	3	0.001	2.597	0	0	0	0	0.001	2.597	0.034	12.987	0.02	6.494	0.01	12.987	0.002	2.597	0.018	12.987	0	0	
Bacteria;Spirochaetes;Spirochaetia;Spirochaetales;Spirochaetaceae;Treponema;sp. HMT 263		263	Species						0	4																					
Bacteria;Spirochaetes;Spirochaetia;Spirochaetales;Spirochaetaceae;Treponema;sp. HMT 264		264	Species						0	4																					
Bacteria;Spirochaetes;Spirochaetia;Spirochaetales;Spirochaetaceae;Treponema;sp. HMT 265		265	Species						0	4																					
Bacteria;Spirochaetes;Spirochaetia;Spirochaetales;Spirochaetaceae;Treponema;sp. HMT 268		268	Species				0.018	0.068	0.067519495	3	0.001	3.896	0	0	0	1.299	0	0	0.001	2.597	0	0	0.001	5.195	0.028	7.792	0.068	23.377	0	0	
Bacteria;Spirochaetes;Spirochaetia;Spirochaetales;Spirochaetaceae;Treponema;sp. HMT 269		269	Species						0	4																					
Bacteria;Spirochaetes;Spirochaetia;Spirochaetales;Spirochaetaceae;Treponema;sp. HMT 270		270	Species				0.019	0.054	0.053723085	3	0	1.299	0	0	0	0	0	0	0.001	2.597	0	1.299	0.002	6.494	0.011	2.597	0.054	6.494	0	0	
Bacteria;Spirochaetes;Spirochaetia;Spirochaetales;Spirochaetaceae;Treponema;sp. HMT 951		951	Species					0.021	0.021386612	3	0	1.299	0	0	0.001	2.597	0	0	0.006	2.597	0	1.299	0.006	5.195	0.011	3.896	0.021	7.792	0	0	
Bacteria;Spirochaetes;Spirochaetia;Spirochaetales;Spirochaetaceae;Treponema;vincentii		29	Species				0.036	0.036	0.036062791	3	0.005	10.39	0	2.597	0.013	22.078	0.036	28.571	0.034	25.974	0.034	27.273	0.023	28.571	0.02	10.39	0.035	20.779	0	1.299	includes both T. medium and T. vincentii
