HMT	Domain-old	Phylum-old	Class-old	Order-old	Family-old	Genus-old	Species-old	Domain-new	Phylum-new	Class-new	Order-new	Family-new	Genus-new	Species-new
001	Bacteria	Proteobacteria	Alphaproteobacteria	Rhizobiales	Bartonellaceae	Bartonella	schoenbuchensis	Bacteria	Proteobacteria	Alphaproteobacteria	Hyphomicrobiales	Bartonellaceae	Bartonella	schoenbuchensis
003	Bacteria	Proteobacteria	Alphaproteobacteria	Sphingomonadales	Sphingomonadaceae	Sphingomonas	echinoides	Bacteria	Proteobacteria	Alphaproteobacteria	Sphingomonadales	Sphingomonadaceae	Sphingomonas	glacialis
006	Bacteria	Proteobacteria	Alphaproteobacteria	Sphingomonadales	Sphingomonadaceae	Sphingomonas	sp._HMT_006	Bacteria	Proteobacteria	Alphaproteobacteria	Sphingomonadales	Sphingomonadaceae	Novosphingobium	humi
007	Bacteria	Proteobacteria	Alphaproteobacteria	Sphingomonadales	Sphingomonadaceae	Porphyrobacter	tepidarius	Bacteria	Proteobacteria	Alphaproteobacteria	Sphingomonadales	Erythrobacteraceae	Erythrobacter	tepidarius
008	Bacteria	Firmicutes	Clostridia	Clostridiales	Peptostreptococcaceae_[XI]	Mogibacterium	vescum	Bacteria	Firmicutes	Clostridia	Eubacteriales	Peptostreptococcaceae	Mogibacterium	vescum
017	Bacteria	Firmicutes	Clostridia	Clostridiales	Peptoniphilaceae	Anaerococcus	octavius	Bacteria	Firmicutes	Tissierellia	Tissierellales	Peptoniphilaceae	Anaerococcus	octavius
019	Bacteria	Actinobacteria	Actinobacteria	Corynebacteriales	Corynebacteriaceae	Corynebacterium	accolens	Bacteria	Actinobacteria	Actinomycetia	Corynebacteriales	Corynebacteriaceae	Corynebacterium	accolens
028	Bacteria	Proteobacteria	Betaproteobacteria	Rhodocyclales	Rhodocyclaceae	Rhodocyclus	sp._HMT_028	Bacteria	Proteobacteria	Betaproteobacteria	Rhodocyclales	Rhodocyclaceae	Oryzomicrobium	terrae
029	Bacteria	Spirochaetes	Spirochaetia	Spirochaetales	Spirochaetaceae	Treponema	vincentii	Bacteria	Spirochaetes	Spirochaetia	Spirochaetales	Treponemataceae	Treponema	vincentii
030	Bacteria	Actinobacteria	Actinobacteria	Corynebacteriales	Corynebacteriaceae	Corynebacterium	afermentans	Bacteria	Actinobacteria	Actinomycetia	Corynebacteriales	Corynebacteriaceae	Corynebacterium	afermentans
031	Bacteria	Actinobacteria	Actinobacteria	Corynebacteriales	Corynebacteriaceae	Corynebacterium	amycolatum	Bacteria	Actinobacteria	Actinomycetia	Corynebacteriales	Corynebacteriaceae	Corynebacterium	amycolatum
033	Bacteria	Actinobacteria	Actinobacteria	Corynebacteriales	Corynebacteriaceae	Corynebacterium	appendicis	Bacteria	Actinobacteria	Actinomycetia	Corynebacteriales	Corynebacteriaceae	Corynebacterium	appendicis
034	Bacteria	Actinobacteria	Actinobacteria	Corynebacteriales	Corynebacteriaceae	Corynebacterium	aurimucosum	Bacteria	Actinobacteria	Actinomycetia	Corynebacteriales	Corynebacteriaceae	Corynebacterium	aurimucosum
042	Bacteria	Firmicutes	Clostridia	Clostridiales	Peptostreptococcaceae_[XI]	Mogibacterium	timidum	Bacteria	Firmicutes	Clostridia	Eubacteriales	Peptostreptococcaceae	Mogibacterium	timidum
045	Bacteria	Firmicutes	Bacilli	Bacillales	Bacillaceae	Bacillus	clausii	Bacteria	Firmicutes	Bacilli	Bacillales	Bacillaceae	Alkalihalobacillus	clausii
047	Bacteria	Actinobacteria	Actinobacteria	Corynebacteriales	Corynebacteriaceae	Corynebacterium	jeikeium	Bacteria	Actinobacteria	Actinomycetia	Corynebacteriales	Corynebacteriaceae	Corynebacterium	jeikeium
048	Bacteria	Firmicutes	Bacilli	Bacillales	Paenibacillaceae	Paenibacillus	sp._HMT_048	Bacteria	Firmicutes	Bacilli	Bacillales	Paenibacillaceae	Paenibacillus	typhae
049	Bacteria	Actinobacteria	Actinobacteria	Corynebacteriales	Corynebacteriaceae	Corynebacterium	kroppenstedtii	Bacteria	Actinobacteria	Actinomycetia	Corynebacteriales	Corynebacteriaceae	Corynebacterium	kroppenstedtii
050	Bacteria	Actinobacteria	Actinobacteria	Corynebacteriales	Corynebacteriaceae	Corynebacterium	macginleyi	Bacteria	Actinobacteria	Actinomycetia	Corynebacteriales	Corynebacteriaceae	Corynebacterium	macginleyi
051	Bacteria	Firmicutes	Bacilli	Lactobacillales	Lactobacillaceae	Lactobacillus	vaginalis	Bacteria	Firmicutes	Bacilli	Lactobacillales	Lactobacillaceae	Limosilactobacillus	vaginalis
052	Bacteria	Firmicutes	Bacilli	Lactobacillales	Lactobacillaceae	Lactobacillus	sp._HMT_052	Bacteria	Firmicutes	Bacilli	Lactobacillales	Lactobacillaceae	Limosilactobacillus	sp._HMT_052
053	Bacteria	Actinobacteria	Actinobacteria	Corynebacteriales	Corynebacteriaceae	Corynebacterium	minutissimum	Bacteria	Actinobacteria	Actinomycetia	Corynebacteriales	Corynebacteriaceae	Corynebacterium	minutissimum
054	Bacteria	Actinobacteria	Actinobacteria	Corynebacteriales	Corynebacteriaceae	Corynebacterium	pilbarense	Bacteria	Actinobacteria	Actinomycetia	Corynebacteriales	Corynebacteriaceae	Corynebacterium	pilbarense
059	Bacteria	Actinobacteria	Actinobacteria	Corynebacteriales	Corynebacteriaceae	Corynebacterium	propinquum	Bacteria	Actinobacteria	Actinomycetia	Corynebacteriales	Corynebacteriaceae	Corynebacterium	propinquum
060	Bacteria	Actinobacteria	Actinobacteria	Corynebacteriales	Corynebacteriaceae	Corynebacterium	pseudodiphtheriticum	Bacteria	Actinobacteria	Actinomycetia	Corynebacteriales	Corynebacteriaceae	Corynebacterium	pseudodiphtheriticum
062	Bacteria	Actinobacteria	Actinobacteria	Corynebacteriales	Corynebacteriaceae	Corynebacterium	simulans	Bacteria	Actinobacteria	Actinomycetia	Corynebacteriales	Corynebacteriaceae	Corynebacterium	simulans
063	Bacteria	Actinobacteria	Actinobacteria	Corynebacteriales	Corynebacteriaceae	Corynebacterium	singulare	Bacteria	Actinobacteria	Actinomycetia	Corynebacteriales	Corynebacteriaceae	Corynebacterium	singulare
072	Bacteria	Actinobacteria	Actinobacteria	Corynebacteriales	Corynebacteriaceae	Corynebacterium	striatum	Bacteria	Actinobacteria	Actinomycetia	Corynebacteriales	Corynebacteriaceae	Corynebacterium	striatum
075	Bacteria	Firmicutes	Clostridia	Clostridiales	Ruminococcaceae	Ruminococcaceae_[G-1]	bacterium_HMT_075	Bacteria	Firmicutes	Clostridia	Eubacteriales	Ruminococcaceae	Ruminococcaceae_[G-1]	bacterium_HMT_075
077	Bacteria	Actinobacteria	Actinobacteria	Corynebacteriales	Corynebacteriaceae	Corynebacterium	tuberculostearicum	Bacteria	Actinobacteria	Actinomycetia	Corynebacteriales	Corynebacteriaceae	Corynebacterium	tuberculostearicum
078	Bacteria	Firmicutes	Clostridia	Clostridiales	Lachnospiraceae_[XIV]	Oribacterium	sp._HMT_078	Bacteria	Firmicutes	Clostridia	Eubacteriales	Lachnospiraceae	Oribacterium	sp._HMT_078
080	Bacteria	Firmicutes	Clostridia	Clostridiales	Lachnospiraceae_[XIV]	Butyrivibrio	sp._HMT_080	Bacteria	Firmicutes	Clostridia	Eubacteriales	Lachnospiraceae	Butyrivibrio	sp._HMT_080
081	Bacteria	Firmicutes	Clostridia	Clostridiales	Peptostreptococcaceae_[XI]	Peptostreptococcaceae_[XI][G-7]	bacterium_HMT_081	Bacteria	Firmicutes	Clostridia	Eubacteriales	Peptostreptococcaceae	Peptostreptococcaceae_[G-7]	bacterium_HMT_081
082	Bacteria	Firmicutes	Clostridia	Clostridiales	Lachnospiraceae_[XIV]	Lachnoanaerobaculum	orale	Bacteria	Firmicutes	Clostridia	Eubacteriales	Lachnospiraceae	Lachnoanaerobaculum	orale
083	Bacteria	Firmicutes	Clostridia	Clostridiales	Lachnospiraceae_[XIV]	Lachnoanaerobaculum	sp._HMT_083	Bacteria	Firmicutes	Clostridia	Eubacteriales	Lachnospiraceae	Lachnoanaerobaculum	sp._HMT_083
084	Bacteria	Actinobacteria	Actinobacteria	Actinomycetales	Micrococcaceae	Kocuria	palustris	Bacteria	Actinobacteria	Actinomycetia	Micrococcales	Micrococcaceae	Kocuria	palustris
085	Bacteria	Firmicutes	Clostridia	Clostridiales	Ruminococcaceae	Ruminococcaceae_[G-2]	bacterium_HMT_085	Bacteria	Firmicutes	Clostridia	Eubacteriales	Ruminococcaceae	Ruminococcaceae_[G-2]	bacterium_HMT_085
086	Bacteria	Firmicutes	Clostridia	Clostridiales	Lachnospiraceae_[XIV]	Lachnospiraceae_[G-7]	bacterium_HMT_086	Bacteria	Firmicutes	Clostridia	Eubacteriales	Lachnospiraceae	Lachnospiraceae_[G-7]	bacterium_HMT_086
087	Bacteria	Actinobacteria	Actinobacteria	Actinomycetales	Micrococcaceae	Micrococcus	luteus	Bacteria	Actinobacteria	Actinomycetia	Micrococcales	Micrococcaceae	Micrococcus	luteus
088	Bacteria	Firmicutes	Clostridia	Clostridiales	Lachnospiraceae_[XIV]	Lachnospiraceae_[G-2]	bacterium_HMT_088	Bacteria	Firmicutes	Clostridia	Eubacteriales	Lachnospiraceae	Lachnospiraceae_[G-2]	bacterium_HMT_088
089	Bacteria	Firmicutes	Clostridia	Clostridiales	Lachnospiraceae_[XIV]	Lachnoanaerobaculum	sp._HMT_089	Bacteria	Firmicutes	Clostridia	Eubacteriales	Lachnospiraceae	Lachnoanaerobaculum	sp._HMT_089
090	Bacteria	Firmicutes	Clostridia	Clostridiales	Lachnospiraceae_[XIV]	Butyrivibrio	sp._HMT_090	Bacteria	Firmicutes	Clostridia	Eubacteriales	Lachnospiraceae	Butyrivibrio	sp._HMT_090
091	Bacteria	Firmicutes	Clostridia	Clostridiales	Peptostreptococcaceae_[XI]	Peptostreptococcaceae_[XI][G-2]	bacterium_HMT_091	Bacteria	Firmicutes	Clostridia	Eubacteriales	Peptostreptococcaceae	Peptostreptococcaceae_[G-2]	bacterium_HMT_091
093	Bacteria	Firmicutes	Clostridia	Clostridiales	Clostridiales_[F-1]	Clostridiales_[F-1][G-1]	bacterium_HMT_093	Bacteria	Firmicutes	Clostridia	Eubacteriales	Clostridiales_[F-1]	Clostridiales_[F-1][G-1]	bacterium_HMT_093
094	Bacteria	Firmicutes	Clostridia	Clostridiales	Lachnospiraceae_[XIV]	Lachnospiraceae_[G-10]	bacterium_HMT_094	Bacteria	Firmicutes	Clostridia	Eubacteriales	Lachnospiraceae	Lachnospiraceae_[G-10]	bacterium_HMT_094
095	Bacteria	Firmicutes	Clostridia	Clostridiales	Lachnospiraceae_[XIV]	Shuttleworthia	satelles	Bacteria	Firmicutes	Clostridia	Eubacteriales	Lachnospiraceae	Shuttleworthia	satelles
096	Bacteria	Firmicutes	Clostridia	Clostridiales	Lachnospiraceae_[XIV]	Lachnospiraceae_[G-2]	bacterium_HMT_096	Bacteria	Firmicutes	Clostridia	Eubacteriales	Lachnospiraceae	Lachnospiraceae_[G-2]	bacterium_HMT_096
097	Bacteria	Firmicutes	Clostridia	Clostridiales	Lachnospiraceae_[XIV]	Stomatobaculum	sp._HMT_097	Bacteria	Firmicutes	Clostridia	Eubacteriales	Lachnospiraceae	Stomatobaculum	sp._HMT_097
100	Bacteria	Firmicutes	Clostridia	Clostridiales	Lachnospiraceae_[XIV]	Lachnospiraceae_[G-3]	bacterium_HMT_100	Bacteria	Firmicutes	Clostridia	Eubacteriales	Lachnospiraceae	Lachnospiraceae_[G-3]	bacterium_HMT_100
102	Bacteria	Firmicutes	Clostridia	Clostridiales	Lachnospiraceae_[XIV]	Oribacterium	sp._HMT_102	Bacteria	Firmicutes	Clostridia	Eubacteriales	Lachnospiraceae	Oribacterium	sp._HMT_102
103	Bacteria	Firmicutes	Clostridia	Clostridiales	Peptostreptococcaceae_[XI]	Peptostreptococcaceae_[XI][G-4]	bacterium_HMT_103	Bacteria	Firmicutes	Clostridia	Eubacteriales	Peptostreptococcaceae	Peptostreptococcaceae_[G-4]	bacterium_HMT_103
105	Bacteria	Firmicutes	Clostridia	Clostridiales	Peptostreptococcaceae_[XI]	Peptostreptococcaceae_[XI][G-1]	[Eubacterium]_infirmum	Bacteria	Firmicutes	Clostridia	Eubacteriales	Peptostreptococcaceae	Peptostreptococcaceae_[G-1]	[Eubacterium]_infirmum
106	Bacteria	Firmicutes	Clostridia	Clostridiales	Peptostreptococcaceae_[XI]	Peptostreptococcaceae_[XI][G-7]	[Eubacterium]_yurii_subsp._schtitka	Bacteria	Firmicutes	Clostridia	Eubacteriales	Peptostreptococcaceae	Peptostreptococcaceae_[G-7]	[Eubacterium]_yurii_subsp._schtitka
107	Bacteria	Firmicutes	Clostridia	Clostridiales	Lachnospiraceae_[XIV]	Lachnoanaerobaculum	umeaense	Bacteria	Firmicutes	Clostridia	Eubacteriales	Lachnospiraceae	Lachnoanaerobaculum	umeaense
108	Bacteria	Firmicutes	Clostridia	Clostridiales	Lachnospiraceae_[XIV]	Oribacterium	asaccharolyticum	Bacteria	Firmicutes	Clostridia	Eubacteriales	Lachnospiraceae	Oribacterium	asaccharolyticum
109	Bacteria	Firmicutes	Clostridia	Clostridiales	Peptoniphilaceae	Peptoniphilus	harei	Bacteria	Firmicutes	Tissierellia	Tissierellales	Peptoniphilaceae	Peptoniphilus	harei
110	Bacteria	Firmicutes	Clostridia	Clostridiales	Peptoniphilaceae	Parvimonas	sp._HMT_110	Bacteria	Firmicutes	Tissierellia	Tissierellales	Peptoniphilaceae	Parvimonas	sp._HMT_110
111	Bacteria	Firmicutes	Clostridia	Clostridiales	Peptoniphilaceae	Parvimonas	micra	Bacteria	Firmicutes	Tissierellia	Tissierellales	Peptoniphilaceae	Parvimonas	micra
112	Bacteria	Firmicutes	Clostridia	Clostridiales	Peptostreptococcaceae_[XI]	Peptostreptococcus	stomatis	Bacteria	Firmicutes	Clostridia	Eubacteriales	Peptostreptococcaceae	Peptostreptococcus	stomatis
113	Bacteria	Firmicutes	Clostridia	Clostridiales	Peptoniphilaceae	Peptoniphilaceae_[G-1]	bacterium_HMT_113	Bacteria	Firmicutes	Tissierellia	Tissierellales	Peptoniphilaceae	Peptoniphilaceae_[G-1]	bacterium_HMT_113
114	Bacteria	Actinobacteria	Actinobacteria	Propionibacteriales	Propionibacteriaceae	Cutibacterium	granulosum	Bacteria	Actinobacteria	Actinomycetia	Propionibacteriales	Propionibacteriaceae	Cutibacterium	granulosum
123	Bacteria	Firmicutes	Negativicutes	Veillonellales	Veillonellaceae	Megasphaera	sp._HMT_123	Bacteria	Firmicutes	Negativicutes	Veillonellales	Veillonellaceae	Colibacter	massiliensis
129	Bacteria	Firmicutes	Negativicutes	Veillonellales	Veillonellaceae	Veillonellaceae_[G-1]	bacterium_HMT_129	Bacteria	Firmicutes	Negativicutes	Selenomonadales	Selenomonadaceae	Veillonellaceae_[G-1]	bacterium_HMT_129
132	Bacteria	Firmicutes	Negativicutes	Veillonellales	Veillonellaceae	Veillonellaceae_[G-1]	bacterium_HMT_132	Bacteria	Firmicutes	Negativicutes	Selenomonadales	Selenomonadaceae	Veillonellaceae_[G-1]	bacterium_HMT_132
135	Bacteria	Firmicutes	Negativicutes	Veillonellales	Veillonellaceae	Veillonellaceae_[G-1]	bacterium_HMT_135	Bacteria	Firmicutes	Negativicutes	Selenomonadales	Selenomonadaceae	Veillonellaceae_[G-1]	bacterium_HMT_135
145	Bacteria	Firmicutes	Negativicutes	Veillonellales	Veillonellaceae	Veillonellaceae_[G-1]	bacterium_HMT_145	Bacteria	Firmicutes	Negativicutes	Selenomonadales	Selenomonadaceae	Veillonellaceae_[G-1]	bacterium_HMT_145
148	Bacteria	Firmicutes	Negativicutes	Veillonellales	Veillonellaceae	Veillonellaceae_[G-1]	bacterium_HMT_148	Bacteria	Firmicutes	Negativicutes	Selenomonadales	Selenomonadaceae	Veillonellaceae_[G-1]	bacterium_HMT_148
150	Bacteria	Firmicutes	Negativicutes	Veillonellales	Veillonellaceae	Veillonellaceae_[G-1]	bacterium_HMT_150	Bacteria	Firmicutes	Negativicutes	Selenomonadales	Selenomonadaceae	Veillonellaceae_[G-1]	bacterium_HMT_150
155	Bacteria	Firmicutes	Negativicutes	Veillonellales	Veillonellaceae	Veillonellaceae_[G-1]	bacterium_HMT_155	Bacteria	Firmicutes	Negativicutes	Selenomonadales	Selenomonadaceae	Veillonellaceae_[G-1]	bacterium_HMT_155
163	Bacteria	Firmicutes	Clostridia	Clostridiales	Lachnospiraceae_[XIV]	Lachnospiraceae_[G-7]	bacterium_HMT_163	Bacteria	Firmicutes	Clostridia	Eubacteriales	Lachnospiraceae	Lachnospiraceae_[G-7]	bacterium_HMT_163
164	Bacteria	Firmicutes	Clostridia	Clostridiales	Lachnospiraceae_[XIV]	Catonella	sp._HMT_164	Bacteria	Firmicutes	Clostridia	Eubacteriales	Lachnospiraceae	Catonella	sp._HMT_164
165	Bacteria	Firmicutes	Clostridia	Clostridiales	Lachnospiraceae_[XIV]	Catonella	morbi	Bacteria	Firmicutes	Clostridia	Eubacteriales	Lachnospiraceae	Catonella	morbi
166	Bacteria	Firmicutes	Clostridia	Clostridiales	Lachnospiraceae_[XIV]	Johnsonella	sp._HMT_166	Bacteria	Firmicutes	Clostridia	Eubacteriales	Lachnospiraceae	Johnsonella	sp._HMT_166
167	Bacteria	Firmicutes	Clostridia	Clostridiales	Peptococcaceae	Peptococcus	sp._HMT_167	Bacteria	Firmicutes	Clostridia	Eubacteriales	Peptococcaceae	Peptococcus	sp._HMT_167
168	Bacteria	Firmicutes	Clostridia	Clostridiales	Peptococcaceae	Peptococcus	sp._HMT_168	Bacteria	Firmicutes	Clostridia	Eubacteriales	Peptococcaceae	Peptococcus	sp._HMT_168
169	Bacteria	Actinobacteria	Actinobacteria	Actinomycetales	Actinomycetaceae	Actinomyces	sp._HMT_169	Bacteria	Actinobacteria	Actinomycetia	Actinomycetales	Actinomycetaceae	Actinomyces	sp._HMT_169
170	Bacteria	Actinobacteria	Actinobacteria	Actinomycetales	Actinomycetaceae	Actinomyces	sp._HMT_170	Bacteria	Actinobacteria	Actinomycetia	Actinomycetales	Actinomycetaceae	Actinomyces	sp._HMT_170
171	Bacteria	Actinobacteria	Actinobacteria	Actinomycetales	Actinomycetaceae	Actinomyces	sp._HMT_171	Bacteria	Actinobacteria	Actinomycetia	Actinomycetales	Actinomycetaceae	Actinomyces	sp._HMT_171
172	Bacteria	Actinobacteria	Actinobacteria	Actinomycetales	Actinomycetaceae	Schaalia	sp._HMT_172	Bacteria	Actinobacteria	Actinomycetia	Actinomycetales	Actinomycetaceae	Schaalia	sp._HMT_172
173	Bacteria	Actinobacteria	Actinobacteria	Corynebacteriales	Corynebacteriales_[F-1]	Lawsonella	clevelandensis	Bacteria	Actinobacteria	Actinomycetia	Corynebacteriales	Lawsonellaceae	Lawsonella	clevelandensis
175	Bacteria	Actinobacteria	Actinobacteria	Actinomycetales	Actinomycetaceae	Actinomyces	sp._HMT_175	Bacteria	Actinobacteria	Actinomycetia	Actinomycetales	Actinomycetaceae	Actinomyces	sp._HMT_175
176	Bacteria	Actinobacteria	Actinobacteria	Actinomycetales	Actinomycetaceae	Actinomyces	naeslundii	Bacteria	Actinobacteria	Actinomycetia	Actinomycetales	Actinomycetaceae	Actinomyces	naeslundii
178	Bacteria	Actinobacteria	Actinobacteria	Actinomycetales	Actinomycetaceae	Schaalia	sp._HMT_178	Bacteria	Actinobacteria	Actinomycetia	Actinomycetales	Actinomycetaceae	Schaalia	sp._HMT_178
179	Bacteria	Actinobacteria	Actinobacteria	Actinomycetales	Actinomycetaceae	Actinomyces	timonensis	Bacteria	Actinobacteria	Actinomycetia	Actinomycetales	Actinomycetaceae	Actinomyces	timonensis
180	Bacteria	Actinobacteria	Actinobacteria	Actinomycetales	Actinomycetaceae	Schaalia	sp._HMT_180	Bacteria	Actinobacteria	Actinomycetia	Actinomycetales	Actinomycetaceae	Schaalia	sp._HMT_180
181	Bacteria	Actinobacteria	Actinobacteria	Actinomycetales	Actinomycetaceae	Schaalia	lingnae_[Not_Validly_Published]	Bacteria	Actinobacteria	Actinomycetia	Actinomycetales	Actinomycetaceae	Schaalia	lingnae
183	Bacteria	Actinobacteria	Actinobacteria	Actinomycetales	Actinomycetaceae	Peptidiphaga	sp._HMT_183	Bacteria	Actinobacteria	Actinomycetia	Actinomycetales	Actinomycetaceae	Peptidiphaga	sp._HMT_183
184	Bacteria	Actinobacteria	Actinobacteria	Corynebacteriales	Corynebacteriaceae	Corynebacterium	tuscaniense	Bacteria	Actinobacteria	Actinomycetia	Corynebacteriales	Corynebacteriaceae	Corynebacterium	tuscaniense
185	Bacteria	Actinobacteria	Actinobacteria	Micrococcales	Microbacteriaceae	Microbacterium	ginsengisoli	Bacteria	Actinobacteria	Actinomycetia	Micrococcales	Microbacteriaceae	Microbacterium	ginsengisoli
186	Bacteria	Actinobacteria	Actinobacteria	Micrococcales	Microbacteriaceae	Microbacterium	flavescens	Bacteria	Actinobacteria	Actinomycetia	Micrococcales	Microbacteriaceae	Microbacterium	flavescens
187	Bacteria	Firmicutes	Clostridia	Clostridiales	Peptoniphilaceae	Peptoniphilus	sp._HMT_187	Bacteria	Firmicutes	Tissierellia	Tissierellales	Peptoniphilaceae	Peptoniphilus	sp._HMT_187
188	Bacteria	Actinobacteria	Actinobacteria	Actinomycetales	Micrococcaceae	Rothia	aeria	Bacteria	Actinobacteria	Actinomycetia	Micrococcales	Micrococcaceae	Rothia	aeria
189	Bacteria	Actinobacteria	Actinobacteria	Actinomycetales	Micrococcaceae	Kocuria	sp._HMT_189	Bacteria	Actinobacteria	Actinomycetia	Micrococcales	Micrococcaceae	Kocuria	atrinae
190	Bacteria	Actinobacteria	Actinobacteria	Micrococcales	Intrasporangiaceae	Arsenicicoccus	bolidensis	Bacteria	Actinobacteria	Actinomycetia	Micrococcales	Intrasporangiaceae	Arsenicicoccus	bolidensis
191	Bacteria	Actinobacteria	Actinobacteria	Propionibacteriales	Propionibacteriaceae	Propionibacterium	acidifaciens	Bacteria	Actinobacteria	Actinomycetia	Propionibacteriales	Propionibacteriaceae	Propionibacterium	acidifaciens
192	Bacteria	Actinobacteria	Actinobacteria	Propionibacteriales	Propionibacteriaceae	Propionibacteriaceae_[G-2]	bacterium_HMT_192	Bacteria	Actinobacteria	Actinomycetia	Propionibacteriales	Propionibacteriaceae	Propionibacteriaceae_[G-2]	bacterium_HMT_192
193	Bacteria	Actinobacteria	Actinobacteria	Propionibacteriales	Propionibacteriaceae	Cutibacterium	sp._HMT_193	Bacteria	Actinobacteria	Actinomycetia	Propionibacteriales	Propionibacteriaceae	Cutibacterium	sp._HMT_193
194	Bacteria	Actinobacteria	Actinobacteria	Propionibacteriales	Propionibacteriaceae	Arachnia	rubra	Bacteria	Actinobacteria	Actinomycetia	Propionibacteriales	Propionibacteriaceae	Arachnia	rubra
195	Bacteria	Actinobacteria	Actinobacteria	Bifidobacteriales	Bifidobacteriaceae	Scardovia	wiggsiae	Bacteria	Actinobacteria	Actinomycetia	Bifidobacteriales	Bifidobacteriaceae	Scardovia	wiggsiae
197	Bacteria	Actinobacteria	Actinobacteria	Actinomycetales	Micrococcaceae	Kocuria	rhizophila	Bacteria	Actinobacteria	Actinomycetia	Micrococcales	Micrococcaceae	Kocuria	rhizophila
198	Bacteria	Actinobacteria	Actinobacteria	Bifidobacteriales	Bifidobacteriaceae	Alloscardovia	omnicolens	Bacteria	Actinobacteria	Actinomycetia	Bifidobacteriales	Bifidobacteriaceae	Alloscardovia	omnicolens
199	Bacteria	Actinobacteria	Coriobacteriia	Coriobacteriales	Coriobacteriaceae	Atopobium	sp._HMT_199	Bacteria	Actinobacteria	Coriobacteriia	Coriobacteriales	Atopobiaceae	Lancefieldella	sp._HMT_199
206	Bacteria	Bacteroidetes	Flavobacteriia	Flavobacteriales	Flavobacteriaceae	Bergeyella	sp._HMT_206	Bacteria	Bacteroidetes	Flavobacteriia	Flavobacteriales	Weeksellaceae	Cloacibacterium	sp._HMT_206
207	Bacteria	Actinobacteria	Actinobacteria	Corynebacteriales	Corynebacteriaceae	Corynebacterium	sp._HMT_207	Bacteria	Actinobacteria	Actinomycetia	Corynebacteriales	Corynebacteriaceae	Corynebacterium	gottingense
208	Bacteria	Actinobacteria	Actinobacteria	Corynebacteriales	Corynebacteriaceae	Corynebacterium	bovis	Bacteria	Actinobacteria	Actinomycetia	Corynebacteriales	Corynebacteriaceae	Corynebacterium	bovis
209	Bacteria	Proteobacteria	Betaproteobacteria	Burkholderiales	Commamonadaceae	Acidovorax	ebreus	Bacteria	Proteobacteria	Betaproteobacteria	Burkholderiales	Comamonadaceae	Acidovorax	ebreus
211	Bacteria	Proteobacteria	Betaproteobacteria	Burkholderiales	Commamonadaceae	Acidovorax	caeni	Bacteria	Proteobacteria	Betaproteobacteria	Burkholderiales	Comamonadaceae	Acidovorax	caeni
216	Bacteria	Proteobacteria	Betaproteobacteria	Burkholderiales	Commamonadaceae	Acidovorax	temperans	Bacteria	Proteobacteria	Betaproteobacteria	Burkholderiales	Comamonadaceae	Acidovorax	temperans
219	Bacteria	Fusobacteria	Fusobacteriia	Fusobacteriales	Leptotrichiaceae	Leptotrichia	sp._HMT_219	Bacteria	Fusobacteria	Fusobacteriia	Fusobacteriales	Leptotrichiaceae	Pseudoleptotrichia	sp._HMT_219
221	Bacteria	Fusobacteria	Fusobacteriia	Fusobacteriales	Leptotrichiaceae	Leptotrichia	sp._HMT_221	Bacteria	Fusobacteria	Fusobacteriia	Fusobacteriales	Leptotrichiaceae	Pseudoleptotrichia	sp._HMT_221
226	Bacteria	Spirochaetes	Spirochaetia	Spirochaetales	Spirochaetaceae	Treponema	sp._HMT_226	Bacteria	Spirochaetes	Spirochaetia	Spirochaetales	Treponemataceae	Treponema	sp._HMT_226
227	Bacteria	Spirochaetes	Spirochaetia	Spirochaetales	Spirochaetaceae	Treponema	sp._HMT_227	Bacteria	Spirochaetes	Spirochaetia	Spirochaetales	Treponemataceae	Treponema	sp._HMT_227
228	Bacteria	Spirochaetes	Spirochaetia	Spirochaetales	Spirochaetaceae	Treponema	sp._HMT_228	Bacteria	Spirochaetes	Spirochaetia	Spirochaetales	Treponemataceae	Treponema	sp._HMT_228
229	Bacteria	Cyanobacteria	Oscillatoriophycideae	Oscillatoriophycideae	Oscillatoriales	Arthrospira	platensis	Bacteria	Cyanobacteria	Oscillatoriophycideae	Oscillatoriales	Microcoleaceae	Arthrospira	platensis
230	Bacteria	Spirochaetes	Spirochaetia	Spirochaetales	Spirochaetaceae	Treponema	sp._HMT_230	Bacteria	Spirochaetes	Spirochaetia	Spirochaetales	Treponemataceae	Treponema	sp._HMT_230
231	Bacteria	Spirochaetes	Spirochaetia	Spirochaetales	Spirochaetaceae	Treponema	sp._HMT_231	Bacteria	Spirochaetes	Spirochaetia	Spirochaetales	Treponemataceae	Treponema	sp._HMT_231
232	Bacteria	Spirochaetes	Spirochaetia	Spirochaetales	Spirochaetaceae	Treponema	sp._HMT_232	Bacteria	Spirochaetes	Spirochaetia	Spirochaetales	Treponemataceae	Treponema	sp._HMT_232
234	Bacteria	Spirochaetes	Spirochaetia	Spirochaetales	Spirochaetaceae	Treponema	sp._HMT_234	Bacteria	Spirochaetes	Spirochaetia	Spirochaetales	Treponemataceae	Treponema	sp._HMT_234
235	Bacteria	Spirochaetes	Spirochaetia	Spirochaetales	Spirochaetaceae	Treponema	sp._HMT_235	Bacteria	Spirochaetes	Spirochaetia	Spirochaetales	Treponemataceae	Treponema	sp._HMT_235
236	Bacteria	Spirochaetes	Spirochaetia	Spirochaetales	Spirochaetaceae	Treponema	sp._HMT_236	Bacteria	Spirochaetes	Spirochaetia	Spirochaetales	Treponemataceae	Treponema	sp._HMT_236
237	Bacteria	Spirochaetes	Spirochaetia	Spirochaetales	Spirochaetaceae	Treponema	sp._HMT_237	Bacteria	Spirochaetes	Spirochaetia	Spirochaetales	Treponemataceae	Treponema	sp._HMT_237
238	Bacteria	Spirochaetes	Spirochaetia	Spirochaetales	Spirochaetaceae	Treponema	sp._HMT_238	Bacteria	Spirochaetes	Spirochaetia	Spirochaetales	Treponemataceae	Treponema	sp._HMT_238
239	Bacteria	Spirochaetes	Spirochaetia	Spirochaetales	Spirochaetaceae	Treponema	sp._HMT_239	Bacteria	Spirochaetes	Spirochaetia	Spirochaetales	Treponemataceae	Treponema	sp._HMT_239
242	Bacteria	Spirochaetes	Spirochaetia	Spirochaetales	Spirochaetaceae	Treponema	sp._HMT_242	Bacteria	Spirochaetes	Spirochaetia	Spirochaetales	Treponemataceae	Treponema	sp._HMT_242
246	Bacteria	Spirochaetes	Spirochaetia	Spirochaetales	Spirochaetaceae	Treponema	sp._HMT_246	Bacteria	Spirochaetes	Spirochaetia	Spirochaetales	Treponemataceae	Treponema	sp._HMT_246
247	Bacteria	Spirochaetes	Spirochaetia	Spirochaetales	Spirochaetaceae	Treponema	sp._HMT_247	Bacteria	Spirochaetes	Spirochaetia	Spirochaetales	Treponemataceae	Treponema	sp._HMT_247
249	Bacteria	Spirochaetes	Spirochaetia	Spirochaetales	Spirochaetaceae	Treponema	sp._HMT_249	Bacteria	Spirochaetes	Spirochaetia	Spirochaetales	Treponemataceae	Treponema	sp._HMT_249
250	Bacteria	Spirochaetes	Spirochaetia	Spirochaetales	Spirochaetaceae	Treponema	sp._HMT_250	Bacteria	Spirochaetes	Spirochaetia	Spirochaetales	Treponemataceae	Treponema	sp._HMT_250
251	Bacteria	Spirochaetes	Spirochaetia	Spirochaetales	Spirochaetaceae	Treponema	sp._HMT_251	Bacteria	Spirochaetes	Spirochaetia	Spirochaetales	Treponemataceae	Treponema	sp._HMT_251
252	Bacteria	Spirochaetes	Spirochaetia	Spirochaetales	Spirochaetaceae	Treponema	sp._HMT_252	Bacteria	Spirochaetes	Spirochaetia	Spirochaetales	Treponemataceae	Treponema	sp._HMT_252
253	Bacteria	Spirochaetes	Spirochaetia	Spirochaetales	Spirochaetaceae	Treponema	sp._HMT_253	Bacteria	Spirochaetes	Spirochaetia	Spirochaetales	Treponemataceae	Treponema	sp._HMT_253
254	Bacteria	Spirochaetes	Spirochaetia	Spirochaetales	Spirochaetaceae	Treponema	sp._HMT_254	Bacteria	Spirochaetes	Spirochaetia	Spirochaetales	Treponemataceae	Treponema	sp._HMT_254
256	Bacteria	Spirochaetes	Spirochaetia	Spirochaetales	Spirochaetaceae	Treponema	sp._HMT_256	Bacteria	Spirochaetes	Spirochaetia	Spirochaetales	Treponemataceae	Treponema	sp._HMT_256
257	Bacteria	Spirochaetes	Spirochaetia	Spirochaetales	Spirochaetaceae	Treponema	sp._HMT_257	Bacteria	Spirochaetes	Spirochaetia	Spirochaetales	Treponemataceae	Treponema	sp._HMT_257
258	Bacteria	Spirochaetes	Spirochaetia	Spirochaetales	Spirochaetaceae	Treponema	sp._HMT_258	Bacteria	Spirochaetes	Spirochaetia	Spirochaetales	Treponemataceae	Treponema	sp._HMT_258
260	Bacteria	Spirochaetes	Spirochaetia	Spirochaetales	Spirochaetaceae	Treponema	sp._HMT_260	Bacteria	Spirochaetes	Spirochaetia	Spirochaetales	Treponemataceae	Treponema	sp._HMT_260
262	Bacteria	Spirochaetes	Spirochaetia	Spirochaetales	Spirochaetaceae	Treponema	sp._HMT_262	Bacteria	Spirochaetes	Spirochaetia	Spirochaetales	Treponemataceae	Treponema	sp._HMT_262
263	Bacteria	Spirochaetes	Spirochaetia	Spirochaetales	Spirochaetaceae	Treponema	sp._HMT_263	Bacteria	Spirochaetes	Spirochaetia	Spirochaetales	Treponemataceae	Treponema	sp._HMT_263
264	Bacteria	Spirochaetes	Spirochaetia	Spirochaetales	Spirochaetaceae	Treponema	sp._HMT_264	Bacteria	Spirochaetes	Spirochaetia	Spirochaetales	Treponemataceae	Treponema	sp._HMT_264
265	Bacteria	Spirochaetes	Spirochaetia	Spirochaetales	Spirochaetaceae	Treponema	sp._HMT_265	Bacteria	Spirochaetes	Spirochaetia	Spirochaetales	Treponemataceae	Treponema	sp._HMT_265
268	Bacteria	Spirochaetes	Spirochaetia	Spirochaetales	Spirochaetaceae	Treponema	sp._HMT_268	Bacteria	Spirochaetes	Spirochaetia	Spirochaetales	Treponemataceae	Treponema	sp._HMT_268
269	Bacteria	Spirochaetes	Spirochaetia	Spirochaetales	Spirochaetaceae	Treponema	sp._HMT_269	Bacteria	Spirochaetes	Spirochaetia	Spirochaetales	Treponemataceae	Treponema	sp._HMT_269
270	Bacteria	Spirochaetes	Spirochaetia	Spirochaetales	Spirochaetaceae	Treponema	sp._HMT_270	Bacteria	Spirochaetes	Spirochaetia	Spirochaetales	Treponemataceae	Treponema	sp._HMT_270
271	Bacteria	Spirochaetes	Spirochaetia	Spirochaetales	Spirochaetaceae	Treponema	sp._HMT_271	Bacteria	Spirochaetes	Spirochaetia	Spirochaetales	Treponemataceae	Treponema	sp._HMT_271
272	Bacteria	Bacteroidetes	Bacteroidia	Bacteroidales	Bacteroidaceae	Bacteroidaceae_[G-1]	bacterium_HMT_272	Bacteria	Bacteroidetes	Bacteroidia	Bacteroidales	Bacteroidaceae	Phocaeicola	abscessus
286	Bacteria	Bacteroidetes	Bacteroidia	Bacteroidales	Porphyromonadaceae	Tannerella	sp._HMT_286	Bacteria	Bacteroidetes	Bacteroidia	Bacteroidales	Tannerellaceae	Tannerella	sp._HMT_286
290	Bacteria	Firmicutes	Clostridia	Clostridiales	Peptoniphilaceae	Anaerococcus	sp._HMT_290	Bacteria	Firmicutes	Tissierellia	Tissierellales	Peptoniphilaceae	Anaerococcus	sp._HMT_290
294	Bacteria	Firmicutes	Clostridia	Clostridiales	Peptoniphilaceae	Anaerococcus	sp._HMT_294	Bacteria	Firmicutes	Tissierellia	Tissierellales	Peptoniphilaceae	Anaerococcus	sp._HMT_294
295	Bacteria	Firmicutes	Clostridia	Clostridiales	Peptoniphilaceae	Anaerococcus	sp._HMT_295	Bacteria	Firmicutes	Tissierellia	Tissierellales	Peptoniphilaceae	Anaerococcus	sp._HMT_295
313	Bacteria	Bacteroidetes	Bacteroidia	Bacteroidales	Prevotellaceae	Prevotella	sp._HMT_313	Bacteria	Bacteroidetes	Bacteroidia	Bacteroidales	Prevotellaceae	Prevotella	jejuni
319	Bacteria	Bacteroidetes	Flavobacteriia	Flavobacteriales	Flavobacteriaceae	Bergeyella	sp._HMT_319	Bacteria	Bacteroidetes	Flavobacteriia	Flavobacteriales	Weeksellaceae	Chryseobacterium	sp._HMT_319
322	Bacteria	Bacteroidetes	Flavobacteriia	Flavobacteriales	Flavobacteriaceae	Bergeyella	sp._HMT_322	Bacteria	Bacteroidetes	Flavobacteriia	Flavobacteriales	Weeksellaceae	Riemerella	sp._HMT_322
326	Bacteria	Bacteroidetes	Flavobacteriia	Flavobacteriales	Flavobacteriaceae	Capnocytophaga	sp._HMT_326	Bacteria	Bacteroidetes	Flavobacteriia	Flavobacteriales	Flavobacteriaceae	Capnocytophaga	endodontalis
328	Bacteria	Actinobacteria	Actinobacteria	Corynebacteriales	Corynebacteriaceae	Corynebacterium	mastitidis	Bacteria	Actinobacteria	Actinomycetia	Corynebacteriales	Corynebacteriaceae	Corynebacterium	mastitidis
333	Bacteria	Actinobacteria	Actinobacteria	Corynebacteriales	Corynebacteriaceae	Corynebacterium	massiliense	Bacteria	Actinobacteria	Actinomycetia	Corynebacteriales	Corynebacteriaceae	Corynebacterium	massiliense
339	Bacteria	Actinobacteria	Actinobacteria	Micrococcales	Intrasporangiaceae	Janibacter	indicus	Bacteria	Actinobacteria	Actinomycetia	Micrococcales	Intrasporangiaceae	Janibacter	indicus
340	Bacteria	Actinobacteria	Actinobacteria	Micrococcales	Brevibacteriaceae	Brevibacterium	paucivorans	Bacteria	Actinobacteria	Actinomycetia	Micrococcales	Brevibacteriaceae	Brevibacterium	paucivorans
341	Bacteria	Actinobacteria	Actinobacteria	Corynebacteriales	Corynebacteriaceae	Corynebacterium	coyleae	Bacteria	Actinobacteria	Actinomycetia	Corynebacteriales	Corynebacteriaceae	Corynebacterium	coyleae
354	Bacteria	Actinobacteria	Actinobacteria	Micrococcales	Dermabacteraceae	Dermabacter	hominis	Bacteria	Actinobacteria	Actinomycetia	Micrococcales	Dermabacteraceae	Dermabacter	hominis
357	Bacteria	Synergistetes	Synergistia	Synergistales	Dethiosulfovibrionaceae	Pyramidobacter	piscolens	Bacteria	Synergistetes	Synergistia	Synergistales	Synergistaceae	Pyramidobacter	piscolens
366	Bacteria	Firmicutes	Clostridia	Clostridiales	Ruminococcaceae	Ruminococcaceae_[G-3]	bacterium_HMT_366	Bacteria	Firmicutes	Clostridia	Eubacteriales	Ruminococcaceae	Ruminococcaceae_[G-3]	bacterium_HMT_366
368	Bacteria	Actinobacteria	Actinobacteria	Actinomycetales	Dietziaceae	Dietzia	cinnamea	Bacteria	Actinobacteria	Actinomycetia	Corynebacteriales	Dietziaceae	Dietzia	cinnamea
369	Bacteria	Firmicutes	Clostridia	Clostridiales	Peptostreptococcaceae_[XI]	Peptostreptococcaceae_[XI][G-4]	bacterium_HMT_369	Bacteria	Firmicutes	Clostridia	Eubacteriales	Peptostreptococcaceae	Peptostreptococcaceae_[G-4]	bacterium_HMT_369
373	Bacteria	Firmicutes	Clostridia	Clostridiales	Lachnospiraceae_[XIV]	Stomatobaculum	sp._HMT_373	Bacteria	Firmicutes	Clostridia	Eubacteriales	Lachnospiraceae	Stomatobaculum	sp._HMT_373
375	Bacteria	Firmicutes	Clostridia	Clostridiales	Peptoniphilaceae	Peptoniphilus	sp._HMT_375	Bacteria	Firmicutes	Tissierellia	Tissierellales	Peptoniphilaceae	Peptoniphilus	sp._HMT_375
377	Bacteria	Firmicutes	Clostridia	Clostridiales	Peptostreptococcaceae_[XI]	Peptostreptococcaceae_[XI][G-7]	[Eubacterium]_yurii_subsps._yurii_&_margaretiae	Bacteria	Firmicutes	Clostridia	Eubacteriales	Peptostreptococcaceae	Peptostreptococcaceae_[G-7]	[Eubacterium]_yurii_subsps._yurii_&_margaretiae
381	Bacteria	Firmicutes	Clostridia	Clostridiales	Ruminococcaceae	Ruminococcaceae_[G-3]	bacterium_HMT_381	Bacteria	Firmicutes	Clostridia	Eubacteriales	Ruminococcaceae	Ruminococcaceae_[G-3]	bacterium_HMT_381
382	Bacteria	Firmicutes	Clostridia	Clostridiales	Peptostreptococcaceae_[XI]	Peptostreptococcaceae_[XI][G-8]	bacterium_HMT_382	Bacteria	Firmicutes	Clostridia	Eubacteriales	Peptostreptococcaceae	Peptostreptococcaceae_[G-8]	bacterium_HMT_382
383	Bacteria	Firmicutes	Clostridia	Clostridiales	Peptostreptococcaceae_[XI]	Peptostreptococcaceae_[XI][G-1]	bacterium_HMT_383	Bacteria	Firmicutes	Clostridia	Eubacteriales	Peptostreptococcaceae	Peptostreptococcaceae_[G-1]	bacterium_HMT_383
386	Bacteria	Firmicutes	Clostridia	Clostridiales	Peptoniphilaceae	Peptoniphilus	sp._HMT_386	Bacteria	Firmicutes	Tissierellia	Tissierellales	Peptoniphilaceae	Peptoniphilus	sp._HMT_386
393	Bacteria	Firmicutes	Clostridia	Clostridiales	Peptoniphilaceae	Parvimonas	sp._HMT_393	Bacteria	Firmicutes	Tissierellia	Tissierellales	Peptoniphilaceae	Parvimonas	sp._HMT_393
402	Bacteria	Firmicutes	Clostridia	Clostridiales	Clostridiales_[F-1]	Clostridiales_[F-1][G-2]	bacterium_HMT_402	Bacteria	Firmicutes	Clostridia	Eubacteriales	Clostridiales_[F-1]	Clostridiales_[F-1][G-2]	bacterium_HMT_402
407	Bacteria	Actinobacteria	Actinobacteria	Bifidobacteriales	Bifidobacteriaceae	Bifidobacteriaceae_[G-2]	bacterium_HMT_407	Bacteria	Actinobacteria	Actinomycetia	Bifidobacteriales	Bifidobacteriaceae	Aeriscardovia	bacterium_HMT_407
414	Bacteria	Actinobacteria	Actinobacteria	Actinomycetales	Actinomycetaceae	Actinomyces	sp._HMT_414	Bacteria	Actinobacteria	Actinomycetia	Actinomycetales	Actinomycetaceae	Actinomyces	sp._HMT_414
416	Bacteria	Actinobacteria	Coriobacteriia	Coriobacteriales	Coriobacteriaceae	Atopobium	sp._HMT_416	Bacteria	Actinobacteria	Coriobacteriia	Coriobacteriales	Coriobacteriaceae	Fannyhessea	sp._HMT_416
418	Bacteria	Firmicutes	Bacilli	Lactobacillales	Lactobacillaceae	Lactobacillus	parafarraginis	Bacteria	Firmicutes	Bacilli	Lactobacillales	Lactobacillaceae	Lentilactobacillus	parafarraginis
419	Bacteria	Firmicutes	Clostridia	Clostridiales	Lachnospiraceae_[XIV]	Stomatobaculum	longum	Bacteria	Firmicutes	Clostridia	Eubacteriales	Lachnospiraceae	Stomatobaculum	longum
422	Bacteria	Bacteroidetes	Flavobacteriia	Flavobacteriales	Flavobacteriaceae	Bergeyella	sp._HMT_422	Bacteria	Bacteroidetes	Flavobacteriia	Flavobacteriales	Weeksellaceae	Cloacibacterium	normanense
424	Bacteria	Firmicutes	Bacilli	Lactobacillales	Lactobacillaceae	Lactobacillus	kisonensis	Bacteria	Firmicutes	Bacilli	Lactobacillales	Lactobacillaceae	Lentilactobacillus	kisonensis
435	Bacteria	Firmicutes	Clostridia	Clostridiales	Syntrophomonadaceae_[VIII]	Syntrophomonadaceae_[VIII][G-1]	bacterium_HMT_435	Bacteria	Firmicutes	Clostridia	Eubacteriales	Syntrophomonadaceae_[VIII]	Syntrophomonadaceae_[VIII][G-1]	bacterium_HMT_435
448	Bacteria	Actinobacteria	Actinobacteria	Actinomycetales	Actinomycetaceae	Actinomyces	sp._HMT_448	Bacteria	Actinobacteria	Actinomycetia	Actinomycetales	Actinomycetaceae	Actinomyces	sp._HMT_448
451	Bacteria	Firmicutes	Clostridia	Clostridiales	Lachnospiraceae_[XIV]	Catonella	sp._HMT_451	Bacteria	Firmicutes	Clostridia	Eubacteriales	Lachnospiraceae	Catonella	sp._HMT_451
455	Bacteria	Firmicutes	Clostridia	Clostridiales	Lachnospiraceae_[XIV]	Butyrivibrio	sp._HMT_455	Bacteria	Firmicutes	Clostridia	Eubacteriales	Lachnospiraceae	Butyrivibrio	sp._HMT_455
457	Bacteria	Firmicutes	Clostridia	Clostridiales	Lachnospiraceae_[XIV]	Oribacterium	sinus	Bacteria	Firmicutes	Clostridia	Eubacteriales	Lachnospiraceae	Oribacterium	sinus
467	Bacteria	Firmicutes	Clostridia	Clostridiales	Peptostreptococcaceae_[XI]	Peptostreptococcaceae_[XI][G-1]	[Eubacterium]_sulci	Bacteria	Firmicutes	Clostridia	Eubacteriales	Peptostreptococcaceae	Peptostreptococcaceae_[G-1]	[Eubacterium]_sulci
483	Bacteria	Firmicutes	Negativicutes	Veillonellales	Veillonellaceae	Veillonellaceae_[G-1]	bacterium_HMT_483	Bacteria	Firmicutes	Negativicutes	Selenomonadales	Selenomonadaceae	Veillonellaceae_[G-1]	bacterium_HMT_483
485	Bacteria	Proteobacteria	Alphaproteobacteria	Rhizobiales	Rhizobiaceae	Agrobacterium	tumefaciens	Bacteria	Proteobacteria	Alphaproteobacteria	Hyphomicrobiales	Rhizobiaceae	Agrobacterium	tumefaciens
490	Bacteria	Spirochaetes	Spirochaetia	Spirochaetales	Spirochaetaceae	Treponema	sp._HMT_490	Bacteria	Spirochaetes	Spirochaetia	Spirochaetales	Treponemataceae	Treponema	sp._HMT_490
493	Bacteria	Firmicutes	Clostridia	Clostridiales	Peptostreptococcaceae_[XI]	Peptostreptococcaceae_[XI][G-5]	bacterium_HMT_493	Bacteria	Firmicutes	Clostridia	Eubacteriales	Peptostreptococcaceae	Peptostreptococcaceae_[G-5]	bacterium_HMT_493
494	Bacteria	Firmicutes	Clostridia	Clostridiales	Lachnospiraceae_[XIV]	Lachnoanaerobaculum	saburreum	Bacteria	Firmicutes	Clostridia	Eubacteriales	Lachnospiraceae	Lachnoanaerobaculum	saburreum
495	Bacteria	Firmicutes	Clostridia	Clostridiales	Peptostreptococcaceae_[XI]	Peptostreptococcaceae_[XI][G-3]	bacterium_HMT_495	Bacteria	Firmicutes	Clostridia	Eubacteriales	Peptostreptococcaceae	Peptostreptococcaceae_[G-3]	bacterium_HMT_495
496	Bacteria	Firmicutes	Clostridia	Clostridiales	Lachnospiraceae_[XIV]	Lachnoanaerobaculum	sp._HMT_496	Bacteria	Firmicutes	Clostridia	Eubacteriales	Lachnospiraceae	Lachnoanaerobaculum	sp._HMT_496
500	Bacteria	Firmicutes	Clostridia	Clostridiales	Lachnospiraceae_[XIV]	Lachnospiraceae_[G-8]	bacterium_HMT_500	Bacteria	Firmicutes	Clostridia	Eubacteriales	Lachnospiraceae	Lachnospiraceae_[G-8]	bacterium_HMT_500
504	Bacteria	Firmicutes	Mollicutes	Mollicutes_[O-1]	Mollicutes_[F-1]	Mollicutes_[G-1]	bacterium_HMT_504	Bacteria	Tenericutes	Mollicutes	Mollicutes_[O-1]	Mollicutes_[F-1]	Mollicutes_[G-1]	bacterium_HMT_504
508	Bacteria	Spirochaetes	Spirochaetia	Spirochaetales	Spirochaetaceae	Treponema	sp._HMT_508	Bacteria	Spirochaetes	Spirochaetia	Spirochaetales	Treponemataceae	Treponema	sp._HMT_508
517	Bacteria	Spirochaetes	Spirochaetia	Spirochaetales	Spirochaetaceae	Treponema	sp._HMT_517	Bacteria	Spirochaetes	Spirochaetia	Spirochaetales	Treponemataceae	Treponema	sp._HMT_517
518	Bacteria	Spirochaetes	Spirochaetia	Spirochaetales	Spirochaetaceae	Treponema	sp._HMT_518	Bacteria	Spirochaetes	Spirochaetia	Spirochaetales	Treponemataceae	Treponema	sp._HMT_518
525	Bacteria	Actinobacteria	Actinobacteria	Actinomycetales	Actinomycetaceae	Actinomyces	sp._HMT_525	Bacteria	Actinobacteria	Actinomycetia	Actinomycetales	Actinomycetaceae	Actinomyces	sp._HMT_525
526	Bacteria	Bacteroidetes	Bacteroidia	Bacteroidales	Prevotellaceae	Prevotella	sp._HMT_526	Bacteria	Bacteroidetes	Bacteroidia	Bacteroidales	Prevotellaceae	Prevotella	koreensis
530	Bacteria	Actinobacteria	Actinobacteria	Propionibacteriales	Propionibacteriaceae	Cutibacterium	acnes	Bacteria	Actinobacteria	Actinomycetia	Propionibacteriales	Propionibacteriaceae	Cutibacterium	acnes
538	Bacteria	Firmicutes	Clostridia	Clostridiales	Eubacteriaceae_[XV]	Pseudoramibacter	alactolyticus	Bacteria	Firmicutes	Clostridia	Eubacteriales	Eubacteriaceae	Pseudoramibacter	alactolyticus
539	Bacteria	Firmicutes	Clostridia	Clostridiales	Peptostreptococcaceae_[XI]	Filifactor	alocis	Bacteria	Firmicutes	Clostridia	Eubacteriales	Peptostreptococcaceae	Filifactor	alocis
541	Bacteria	Spirochaetes	Spirochaetia	Spirochaetales	Spirochaetaceae	Treponema	amylovorum	Bacteria	Spirochaetes	Spirochaetia	Spirochaetales	Treponemataceae	Treponema	amylovorum
542	Bacteria	Firmicutes	Clostridia	Clostridiales	Peptostreptococcaceae_[XI]	Peptostreptococcus	anaerobius	Bacteria	Firmicutes	Clostridia	Eubacteriales	Peptostreptococcaceae	Peptostreptococcus	anaerobius
544	Bacteria	Proteobacteria	Alphaproteobacteria	Rhizobiales	Brucellaceae	Ochrobactrum	anthropi	Bacteria	Proteobacteria	Alphaproteobacteria	Hyphomicrobiales	Brucellaceae	Brucella	anthropi
548	Bacteria	Firmicutes	Clostridia	Clostridiales	Peptoniphilaceae	Peptoniphilus	asaccharolyticus	Bacteria	Firmicutes	Tissierellia	Tissierellales	Peptoniphilaceae	Peptoniphilus	asaccharolyticus
552	Bacteria	Actinobacteria	Actinobacteria	Propionibacteriales	Propionibacteriaceae	Cutibacterium	avidum	Bacteria	Actinobacteria	Actinomycetia	Propionibacteriales	Propionibacteriaceae	Cutibacterium	avidum
557	Bacteria	Firmicutes	Clostridia	Clostridiales	Peptostreptococcaceae_[XI]	Peptostreptococcaceae_[XI][G-9]	[Eubacterium]_brachy	Bacteria	Firmicutes	Clostridia	Eubacteriales	Peptostreptococcaceae	Peptostreptococcaceae_[G-9]	[Eubacterium]_brachy
558	Bacteria	Firmicutes	Bacilli	Lactobacillales	Lactobacillaceae	Lactobacillus	brevis	Bacteria	Firmicutes	Bacilli	Lactobacillales	Lactobacillaceae	Levilactobacillus	brevis
559	Bacteria	Proteobacteria	Alphaproteobacteria	Rhizobiales	Bradyrhizobiaceae	Afipia	broomeae	Bacteria	Proteobacteria	Alphaproteobacteria	Hyphomicrobiales	Bradyrhizobiaceae	Afipia	broomeae
561	Bacteria	Firmicutes	Mollicutes	Mycoplasmatales	Mycoplasmataceae	Mycoplasma	buccale	Bacteria	Tenericutes	Mollicutes	Mycoplasmatales	Mycoplasmataceae	Mycoplasma	buccale
568	Bacteria	Firmicutes	Bacilli	Lactobacillales	Lactobacillaceae	Lactobacillus	casei	Bacteria	Firmicutes	Bacilli	Lactobacillales	Lactobacillaceae	Lacticaseibacillus	casei
569	Bacteria	Firmicutes	Erysipelotrichia	Erysipelotrichales	Erysipelotrichaceae	Eggerthia	catenaformis	Bacteria	Firmicutes	Erysipelotrichia	Erysipelotrichales	Coprobacillaceae	Eggerthia	catenaformis
584	Bacteria	Spirochaetes	Spirochaetia	Spirochaetales	Spirochaetaceae	Treponema	denticola	Bacteria	Spirochaetes	Spirochaetia	Spirochaetales	Treponemataceae	Treponema	denticola
586	Bacteria	Actinobacteria	Actinobacteria	Bifidobacteriales	Bifidobacteriaceae	Parascardovia	denticolens	Bacteria	Actinobacteria	Actinomycetia	Bifidobacteriales	Bifidobacteriaceae	Parascardovia	denticolens
587	Bacteria	Actinobacteria	Actinobacteria	Actinomycetales	Micrococcaceae	Rothia	dentocariosa	Bacteria	Actinobacteria	Actinomycetia	Micrococcales	Micrococcaceae	Rothia	dentocariosa
588	Bacteria	Actinobacteria	Actinobacteria	Bifidobacteriales	Bifidobacteriaceae	Bifidobacterium	dentium	Bacteria	Actinobacteria	Actinomycetia	Bifidobacteriales	Bifidobacteriaceae	Bifidobacterium	dentium
591	Bacteria	Actinobacteria	Actinobacteria	Corynebacteriales	Corynebacteriaceae	Corynebacterium	diphtheriae	Bacteria	Actinobacteria	Actinomycetia	Corynebacteriales	Corynebacteriaceae	Corynebacterium	diphtheriae
593	Bacteria	Firmicutes	Clostridia	Clostridiales	Peptostreptococcaceae_[XI]	Mogibacterium	diversum	Bacteria	Firmicutes	Clostridia	Eubacteriales	Peptostreptococcaceae	Mogibacterium	diversum
595	Bacteria	Actinobacteria	Actinobacteria	Corynebacteriales	Corynebacteriaceae	Corynebacterium	durum	Bacteria	Actinobacteria	Actinomycetia	Corynebacteriales	Corynebacteriaceae	Corynebacterium	durum
597	Bacteria	Proteobacteria	Alphaproteobacteria	Rhizobiales	Bradyrhizobiaceae	Bradyrhizobium	elkanii	Bacteria	Proteobacteria	Alphaproteobacteria	Hyphomicrobiales	Bradyrhizobiaceae	Bradyrhizobium	elkanii
602	Bacteria	Actinobacteria	Coriobacteriia	Coriobacteriales	Coriobacteriaceae	Slackia	exigua	Bacteria	Actinobacteria	Coriobacteriia	Eggerthellales	Eggerthellaceae	Slackia	exigua
606	Bacteria	Firmicutes	Mollicutes	Mycoplasmatales	Mycoplasmataceae	Mycoplasma	faucium	Bacteria	Tenericutes	Mollicutes	Mycoplasmatales	Mycoplasmataceae	Mycoplasma	faucium
607	Bacteria	Firmicutes	Mollicutes	Mycoplasmatales	Mycoplasmataceae	Mycoplasma	fermentans	Bacteria	Tenericutes	Mollicutes	Mycoplasmatales	Mycoplasmataceae	Mycoplasmopsis	fermentans
608	Bacteria	Firmicutes	Bacilli	Lactobacillales	Lactobacillaceae	Lactobacillus	fermentum	Bacteria	Firmicutes	Bacilli	Lactobacillales	Lactobacillaceae	Limosilactobacillus	fermentum
613	Bacteria	Bacteroidetes	Bacteroidia	Bacteroidales	Porphyromonadaceae	Tannerella	forsythia	Bacteria	Bacteroidetes	Bacteroidia	Bacteroidales	Tannerellaceae	Tannerella	forsythia
616	Bacteria	Firmicutes	Mollicutes	Mycoplasmatales	Mycoplasmataceae	Mycoplasma	genitalium	Bacteria	Tenericutes	Mollicutes	Mycoplasmatales	Mycoplasmataceae	Mycoplasma	genitalium
617	Bacteria	Actinobacteria	Actinobacteria	Actinomycetales	Actinomycetaceae	Schaalia	georgiae	Bacteria	Actinobacteria	Actinomycetia	Actinomycetales	Actinomycetaceae	Schaalia	georgiae
618	Bacteria	Actinobacteria	Actinobacteria	Actinomycetales	Actinomycetaceae	Actinomyces	gerencseriae	Bacteria	Actinobacteria	Actinomycetia	Actinomycetales	Actinomycetaceae	Actinomyces	gerencseriae
632	Bacteria	Firmicutes	Mollicutes	Mycoplasmatales	Mycoplasmataceae	Mycoplasma	hominis	Bacteria	Tenericutes	Mollicutes	Mycoplasmatales	Mycoplasmataceae	Mycoplasma	hominis
635	Bacteria	Firmicutes	Clostridia	Clostridiales	Lachnospiraceae_[XIV]	Johnsonella	ignava	Bacteria	Firmicutes	Clostridia	Eubacteriales	Lachnospiraceae	Johnsonella	ignava
636	Bacteria	Proteobacteria	Alphaproteobacteria	Rhizobiales	Bradyrhizobiaceae	Bosea	vestrisii	Bacteria	Proteobacteria	Alphaproteobacteria	Hyphomicrobiales	Boseaceae	Bosea	vestrisii
642	Bacteria	Actinobacteria	Actinobacteria	Bifidobacteriales	Bifidobacteriaceae	Scardovia	inopinata	Bacteria	Actinobacteria	Actinomycetia	Bifidobacteriales	Bifidobacteriaceae	Scardovia	inopinata
645	Bacteria	Actinobacteria	Actinobacteria	Actinomycetales	Actinomycetaceae	Actinomyces	israelii	Bacteria	Actinobacteria	Actinomycetia	Actinomycetales	Actinomycetaceae	Actinomyces	israelii
652	Bacteria	Proteobacteria	Alphaproteobacteria	Rhizobiales	Bradyrhizobiaceae	Afipia	sp._genotype_4	Bacteria	Proteobacteria	Alphaproteobacteria	Hyphomicrobiales	Bradyrhizobiaceae	Rhodopseudomonas	telluris
653	Bacteria	Spirochaetes	Spirochaetia	Spirochaetales	Spirochaetaceae	Treponema	lecithinolyticum	Bacteria	Spirochaetes	Spirochaetia	Spirochaetales	Treponemataceae	Treponema	lecithinolyticum
655	Bacteria	Firmicutes	Clostridia	Clostridiales	Eubacteriaceae_[XV]	Eubacterium	limosum	Bacteria	Firmicutes	Clostridia	Eubacteriales	Eubacteriaceae	Eubacterium	limosum
656	Bacteria	Firmicutes	Mollicutes	Mycoplasmatales	Mycoplasmataceae	Mycoplasma	lipophilum	Bacteria	Tenericutes	Mollicutes	Mycoplasmatales	Mycoplasmataceae	Mycoplasmopsis	lipophila
659	Bacteria	Proteobacteria	Alphaproteobacteria	Rhizobiales	Rhizobiaceae	Mesorhizobium	loti	Bacteria	Proteobacteria	Alphaproteobacteria	Hyphomicrobiales	Phyllobacteriaceae	Mesorhizobium	japonicum
660	Bacteria	Proteobacteria	Alphaproteobacteria	Rhizobiales	Phyllobacteriaceae	Defluvibacter	lusatiensis	Bacteria	Proteobacteria	Alphaproteobacteria	Hyphomicrobiales	Phyllobacteriaceae	Aquamicrobium	lusatiense
662	Bacteria	Firmicutes	Clostridia	Clostridiales	Peptoniphilaceae	Finegoldia	magna	Bacteria	Firmicutes	Tissierellia	Tissierellales	Peptoniphilaceae	Finegoldia	magna
664	Bacteria	Spirochaetes	Spirochaetia	Spirochaetales	Spirochaetaceae	Treponema	maltophilum	Bacteria	Spirochaetes	Spirochaetia	Spirochaetales	Treponemataceae	Treponema	maltophilum
666	Bacteria	Actinobacteria	Actinobacteria	Corynebacteriales	Corynebacteriaceae	Corynebacterium	matruchotii	Bacteria	Actinobacteria	Actinomycetia	Corynebacteriales	Corynebacteriaceae	Corynebacterium	matruchotii
667	Bacteria	Spirochaetes	Spirochaetia	Spirochaetales	Spirochaetaceae	Treponema	medium	Bacteria	Spirochaetes	Spirochaetia	Spirochaetales	Treponemataceae	Treponema	medium
671	Bacteria	Actinobacteria	Actinobacteria	Actinomycetales	Actinomycetaceae	Schaalia	meyeri	Bacteria	Actinobacteria	Actinomycetia	Actinomycetales	Actinomycetaceae	Schaalia	meyeri
673	Bacteria	Firmicutes	Clostridia	Clostridiales	Peptostreptococcaceae_[XI]	Peptostreptococcaceae_[XI][G-6]	[Eubacterium]_minutum	Bacteria	Firmicutes	Clostridia	Eubacteriales	Peptostreptococcaceae	Peptostreptococcaceae_[G-6]	[Eubacterium]_minutum
674	Bacteria	Actinobacteria	Coriobacteriia	Coriobacteriales	Coriobacteriaceae	Atopobium	minutum	Bacteria	Actinobacteria	Coriobacteriia	Coriobacteriales	Atopobiaceae	Atopobium	minutum
676	Bacteria	Proteobacteria	Gammaproteobacteria	Enterobacterales	Enterobacteriaceae	Proteus	mirabilis	Bacteria	Proteobacteria	Gammaproteobacteria	Enterobacterales	Morganellaceae	Proteus	mirabilis
681	Bacteria	Actinobacteria	Actinobacteria	Actinomycetales	Micrococcaceae	Rothia	mucilaginosa	Bacteria	Actinobacteria	Actinomycetia	Micrococcales	Micrococcaceae	Rothia	mucilaginosa
688	Bacteria	Actinobacteria	Actinobacteria	Actinomycetales	Actinomycetaceae	Actinomyces	viscosus	Bacteria	Actinobacteria	Actinomycetia	Actinomycetales	Actinomycetaceae	Actinomyces	viscosus
691	Bacteria	Firmicutes	Clostridia	Clostridiales	Peptostreptococcaceae_[XI]	Mogibacterium	neglectum	Bacteria	Firmicutes	Clostridia	Eubacteriales	Peptostreptococcaceae	Mogibacterium	neglectum
692	Bacteria	Actinobacteria	Actinobacteria	Corynebacteriales	Mycobacteriaceae	Mycobacterium	neoaurum	Bacteria	Actinobacteria	Actinomycetia	Corynebacteriales	Mycobacteriaceae	Mycolicibacterium	neoaurum
694	Bacteria	Firmicutes	Clostridia	Clostridiales	Peptostreptococcaceae_[XI]	Peptostreptococcaceae_[XI][G-6]	[Eubacterium]_nodatum	Bacteria	Firmicutes	Clostridia	Eubacteriales	Peptostreptococcaceae	Peptostreptococcaceae_[G-6]	[Eubacterium]_nodatum
701	Bacteria	Actinobacteria	Actinobacteria	Actinomycetales	Actinomycetaceae	Schaalia	odontolyticus	Bacteria	Actinobacteria	Actinomycetia	Actinomycetales	Actinomycetaceae	Schaalia	odontolytica
704	Bacteria	Firmicutes	Mollicutes	Mycoplasmatales	Mycoplasmataceae	Mycoplasma	orale	Bacteria	Tenericutes	Mollicutes	Mycoplasmatales	Mycoplasmataceae	Mycoplasma	orale
708	Bacteria	Actinobacteria	Actinobacteria	Actinomycetales	Actinomycetaceae	Actinomyces	oricola	Bacteria	Actinobacteria	Actinomycetia	Actinomycetales	Actinomycetaceae	Actinomyces	oricola
709	Bacteria	Firmicutes	Bacilli	Lactobacillales	Lactobacillaceae	Lactobacillus	oris	Bacteria	Firmicutes	Bacilli	Lactobacillales	Lactobacillaceae	Limosilactobacillus	oris
716	Bacteria	Firmicutes	Bacilli	Lactobacillales	Lactobacillaceae	Lactobacillus	paracasei	Bacteria	Firmicutes	Bacilli	Lactobacillales	Lactobacillaceae	Lacticaseibacillus	paracasei
723	Bacteria	Actinobacteria	Coriobacteriia	Coriobacteriales	Coriobacteriaceae	Atopobium	parvulum	Bacteria	Actinobacteria	Coriobacteriia	Coriobacteriales	Atopobiaceae	Lancefieldella	parvula
724	Bacteria	Spirochaetes	Spirochaetia	Spirochaetales	Spirochaetaceae	Treponema	parvum	Bacteria	Spirochaetes	Spirochaetia	Spirochaetales	Treponemataceae	Treponema	parvum
725	Bacteria	Spirochaetes	Spirochaetia	Spirochaetales	Spirochaetaceae	Treponema	pectinovorum	Bacteria	Spirochaetes	Spirochaetia	Spirochaetales	Treponemataceae	Treponema	pectinovorum
732	Bacteria	Firmicutes	Mollicutes	Mycoplasmatales	Mycoplasmataceae	Mycoplasma	pneumoniae	Bacteria	Tenericutes	Mollicutes	Mycoplasmatales	Mycoplasmataceae	Mycoplasma	pneumoniae
733	Bacteria	Chlamydiae	Chlamydiia	Chlamydiales	Chlamydiaceae	Chlamydophila	pneumoniae	Bacteria	Chlamydiae	Chlamydiia	Chlamydiales	Chlamydiaceae	Chlamydia	pneumoniae
738	Bacteria	Firmicutes	Clostridia	Clostridiales	Peptoniphilaceae	Anaerococcus	prevotii	Bacteria	Firmicutes	Tissierellia	Tissierellales	Peptoniphilaceae	Anaerococcus	prevotii
739	Bacteria	Actinobacteria	Actinobacteria	Propionibacteriales	Propionibacteriaceae	Arachnia	propionica	Bacteria	Actinobacteria	Actinomycetia	Propionibacteriales	Propionibacteriaceae	Arachnia	propionica
740	Bacteria	Proteobacteria	Gammaproteobacteria	Pseudomonadales	Pseudomonadaceae	Pseudomonas	pseudoalcaligenes	Bacteria	Proteobacteria	Gammaproteobacteria	Pseudomonadales	Pseudomonadaceae	Pseudomonas	oleovorans
742	Bacteria	Firmicutes	Clostridia	Clostridiales	Peptostreptococcaceae_[XI]	Mogibacterium	pumilum	Bacteria	Firmicutes	Clostridia	Eubacteriales	Peptostreptococcaceae	Mogibacterium	pumilum
743	Bacteria	Spirochaetes	Spirochaetia	Spirochaetales	Spirochaetaceae	Treponema	putidum	Bacteria	Spirochaetes	Spirochaetia	Spirochaetales	Treponemataceae	Treponema	putidum
746	Bacteria	Actinobacteria	Actinobacteria	Actinomycetales	Actinomycetaceae	Actinomyces	radicidentis	Bacteria	Actinobacteria	Actinomycetia	Actinomycetales	Actinomycetaceae	Actinomyces	radicidentis
747	Bacteria	Proteobacteria	Alphaproteobacteria	Sphingomonadales	Erythrobacteraceae	Erythromicrobium	ramosum	Bacteria	Proteobacteria	Alphaproteobacteria	Sphingomonadales	Erythrobacteraceae	Erythrobacter	ramosus
749	Bacteria	Firmicutes	Bacilli	Lactobacillales	Lactobacillaceae	Lactobacillus	rhamnosus	Bacteria	Firmicutes	Bacilli	Lactobacillales	Lactobacillaceae	Lacticaseibacillus	rhamnosus
750	Bacteria	Actinobacteria	Coriobacteriia	Coriobacteriales	Coriobacteriaceae	Atopobium	rimae	Bacteria	Actinobacteria	Coriobacteriia	Coriobacteriales	Atopobiaceae	Lancefieldella	rimae
754	Bacteria	Firmicutes	Mollicutes	Mycoplasmatales	Mycoplasmataceae	Mycoplasma	salivarium	Bacteria	Tenericutes	Mollicutes	Mycoplasmatales	Mycoplasmataceae	Mycoplasma	salivarium
756	Bacteria	Firmicutes	Bacilli	Lactobacillales	Lactobacillaceae	Lactobacillus	salivarius	Bacteria	Firmicutes	Bacilli	Lactobacillales	Lactobacillaceae	Ligilactobacillus	salivarius
759	Bacteria	Firmicutes	Clostridia	Clostridiales	Peptostreptococcaceae_[XI]	Peptostreptococcaceae_[XI][G-5]	[Eubacterium]_saphenum	Bacteria	Firmicutes	Clostridia	Eubacteriales	Peptostreptococcaceae	Peptostreptococcaceae_[G-5]	[Eubacterium]_saphenum
769	Bacteria	Spirochaetes	Spirochaetia	Spirochaetales	Spirochaetaceae	Treponema	socranskii	Bacteria	Spirochaetes	Spirochaetia	Spirochaetales	Treponemataceae	Treponema	socranskii
777	Bacteria	Synergistetes	Synergistia	Synergistales	Dethiosulfovibrionaceae	Jonquetella	anthropi	Bacteria	Synergistetes	Synergistia	Synergistales	Synergistaceae	Jonquetella	anthropi
788	Bacteria	Firmicutes	Clostridia	Clostridiales	Peptoniphilaceae	Anaerococcus	tetradius	Bacteria	Firmicutes	Tissierellia	Tissierellales	Peptoniphilaceae	Anaerococcus	tetradius
790	Bacteria	Firmicutes	Clostridia	Clostridiales	Peptoniphilaceae	Peptoniphilaceae_[G-2]	bacterium_HMT_790	Bacteria	Firmicutes	Tissierellia	Tissierellales	Peptoniphilaceae	Peptoniphilaceae_[G-2]	bacterium_HMT_790
805	Bacteria	Spirochaetes	Spirochaetia	Spirochaetales	Spirochaetaceae	Treponema	pallidum	Bacteria	Spirochaetes	Spirochaetia	Spirochaetales	Treponemataceae	Treponema	pallidum
808	Bacteria	Bacteroidetes	Bacteroidia	Bacteroidales	Porphyromonadaceae	Tannerella	sp._HMT_808	Bacteria	Bacteroidetes	Bacteroidia	Bacteroidales	Tannerellaceae	Tannerella	sp._HMT_808
810	Bacteria	Actinobacteria	Coriobacteriia	Coriobacteriales	Coriobacteriaceae	Atopobium	sp._HMT_810	Bacteria	Actinobacteria	Coriobacteriia	Coriobacteriales	Coriobacteriaceae	Olegusella	massiliensis
811	Bacteria	Actinobacteria	Actinobacteria	Actinomycetales	Actinomycetaceae	Arcanobacterium	haemolyticum	Bacteria	Actinobacteria	Actinomycetia	Actinomycetales	Actinomycetaceae	Arcanobacterium	haemolyticum
814	Bacteria	Actinobacteria	Coriobacteriia	Coriobacteriales	Coriobacteriaceae	Atopobium	vaginae	Bacteria	Actinobacteria	Coriobacteriia	Coriobacteriales	Coriobacteriaceae	Fannyhessea	vaginae
816	Bacteria	Firmicutes	Bacilli	Lactobacillales	Lactobacillaceae	Lactobacillus	coleohominis	Bacteria	Firmicutes	Bacilli	Lactobacillales	Lactobacillaceae	Limosilactobacillus	coleohominis
818	Bacteria	Firmicutes	Bacilli	Lactobacillales	Lactobacillaceae	Lactobacillus	reuteri_clade_818	Bacteria	Firmicutes	Bacilli	Lactobacillales	Lactobacillaceae	Limosilactobacillus	reuteri_clade_818
822	Bacteria	Actinobacteria	Actinobacteria	Corynebacteriales	Mycobacteriaceae	Mycobacterium	tuberculosis	Bacteria	Actinobacteria	Actinomycetia	Corynebacteriales	Mycobacteriaceae	Mycobacterium	tuberculosis
823	Bacteria	Actinobacteria	Actinobacteria	Corynebacteriales	Mycobacteriaceae	Mycobacterium	leprae	Bacteria	Actinobacteria	Actinomycetia	Corynebacteriales	Mycobacteriaceae	Mycobacterium	leprae
827	Bacteria	Proteobacteria	Gammaproteobacteria	Enterobacterales	Enterobacteriaceae	Yersinia	pestis	Bacteria	Proteobacteria	Gammaproteobacteria	Enterobacterales	Yersiniaceae	Yersinia	pestis
829	Bacteria	Actinobacteria	Actinobacteria	Bifidobacteriales	Bifidobacteriaceae	Gardnerella	vaginalis	Bacteria	Actinobacteria	Actinomycetia	Bifidobacteriales	Bifidobacteriaceae	Gardnerella	vaginalis
830	Bacteria	Actinobacteria	Actinobacteria	Actinomycetales	Actinomycetaceae	Mobiluncus	mulieris	Bacteria	Actinobacteria	Actinomycetia	Actinomycetales	Actinomycetaceae	Mobiluncus	mulieris
832	Bacteria	Actinobacteria	Actinobacteria	Corynebacteriales	Corynebacteriaceae	Turicella	otitidis	Bacteria	Actinobacteria	Actinomycetia	Corynebacteriales	Corynebacteriaceae	Corynebacterium	otitidis
835	Bacteria	Actinobacteria	Actinobacteria	Corynebacteriales	Corynebacteriaceae	Corynebacterium	mucifaciens	Bacteria	Actinobacteria	Actinomycetia	Corynebacteriales	Corynebacteriaceae	Corynebacterium	mucifaciens
836	Bacteria	Firmicutes	Clostridia	Clostridiales	Peptoniphilaceae	Peptoniphilus	lacrimalis	Bacteria	Firmicutes	Tissierellia	Tissierellales	Peptoniphilaceae	Peptoniphilus	lacrimalis
840	Bacteria	Firmicutes	Clostridia	Clostridiales	Peptoniphilaceae	Peptoniphilus	indolicus	Bacteria	Firmicutes	Tissierellia	Tissierellales	Peptoniphilaceae	Peptoniphilus	indolicus
844	Bacteria	Fusobacteria	Fusobacteriia	Fusobacteriales	Leptotrichiaceae	Sneathia	amnii	Bacteria	Fusobacteria	Fusobacteriia	Fusobacteriales	Leptotrichiaceae	Sneathia	vaginalis
845	Bacteria	Fusobacteria	Fusobacteriia	Fusobacteriales	Leptotrichiaceae	Leptotrichia	goodfellowii	Bacteria	Fusobacteria	Fusobacteriia	Fusobacteriales	Leptotrichiaceae	Pseudoleptotrichia	goodfellowii
848	Bacteria	Actinobacteria	Actinobacteria	Actinomycetales	Actinomycetaceae	Peptidiphaga	gingivicola	Bacteria	Actinobacteria	Actinomycetia	Actinomycetales	Actinomycetaceae	Peptidiphaga	gingivicola
849	Bacteria	Actinobacteria	Actinobacteria	Actinomycetales	Actinomycetaceae	Actinomyces	johnsonii	Bacteria	Actinobacteria	Actinomycetia	Actinomycetales	Actinomycetaceae	Actinomyces	johnsonii
850	Bacteria	Actinobacteria	Actinobacteria	Actinomycetales	Actinomycetaceae	Schaalia	cardiffensis	Bacteria	Actinobacteria	Actinomycetia	Actinomycetales	Actinomycetaceae	Schaalia	cardiffensis
852	Bacteria	Actinobacteria	Actinobacteria	Actinomycetales	Actinomycetaceae	Actinomyces	massiliensis	Bacteria	Actinobacteria	Actinomycetia	Actinomycetales	Actinomycetaceae	Actinomyces	massiliensis
853	Bacteria	Actinobacteria	Actinobacteria	Corynebacteriales	Corynebacteriaceae	Corynebacterium	urealyticum	Bacteria	Actinobacteria	Actinomycetia	Corynebacteriales	Corynebacteriaceae	Corynebacterium	urealyticum
855	Bacteria	Actinobacteria	Actinobacteria	Actinomycetales	Dermacoccaceae	Kytococcus	sedentarius	Bacteria	Actinobacteria	Actinomycetia	Micrococcales	Kytococcaceae	Kytococcus	sedentarius
856	Bacteria	Actinobacteria	Actinobacteria	Micrococcales	Sanguibacteraceae	Sanguibacter	keddieii	Bacteria	Actinobacteria	Actinomycetia	Micrococcales	Sanguibacteraceae	Sanguibacter	keddieii
859	Bacteria	Firmicutes	Clostridia	Clostridiales	Peptoniphilaceae	Anaerococcus	lactolyticus	Bacteria	Firmicutes	Tissierellia	Tissierellales	Peptoniphilaceae	Anaerococcus	lactolyticus
861	Bacteria	Firmicutes	Bacilli	Lactobacillales	Lactobacillaceae	Lactobacillus	plantarum	Bacteria	Firmicutes	Bacilli	Lactobacillales	Lactobacillaceae	Lactiplantibacillus	plantarum
862	Bacteria	Actinobacteria	Actinobacteria	Bifidobacteriales	Bifidobacteriaceae	Bifidobacterium	longum	Bacteria	Actinobacteria	Actinomycetia	Bifidobacteriales	Bifidobacteriaceae	Bifidobacterium	longum
866	Bacteria	Actinobacteria	Actinobacteria	Actinomycetales	Actinomycetaceae	Actinomyces	graevenitzii	Bacteria	Actinobacteria	Actinomycetia	Actinomycetales	Actinomycetaceae	Actinomyces	graevenitzii
876	Bacteria	Firmicutes	Clostridia	Clostridiales	Clostridiales_[F-3]	Clostridiales_[F-3][G-1]	bacterium_HMT_876	Bacteria	Firmicutes	Clostridia	Eubacteriales	Clostridiales_[F-3]	Clostridiales_[F-3][G-1]	bacterium_HMT_876
877	Bacteria	Actinobacteria	Actinobacteria	Actinomycetales	Actinomycetaceae	Schaalia	sp._HMT_877	Bacteria	Actinobacteria	Actinomycetia	Actinomycetales	Actinomycetaceae	Schaalia	sp._HMT_877
881	Bacteria	Firmicutes	Bacilli	Lactobacillales	Lactobacillaceae	Lactobacillus	buchneri	Bacteria	Firmicutes	Bacilli	Lactobacillales	Lactobacillaceae	Lentilactobacillus	buchneri
882	Bacteria	Firmicutes	Bacilli	Lactobacillales	Lactobacillaceae	Lactobacillus	panis	Bacteria	Firmicutes	Bacilli	Lactobacillales	Lactobacillaceae	Limosilactobacillus	panis
883	Bacteria	Firmicutes	Bacilli	Lactobacillales	Lactobacillaceae	Lactobacillus	pentosus	Bacteria	Firmicutes	Bacilli	Lactobacillales	Lactobacillaceae	Lactiplantibacillus	pentosus
884	Bacteria	Firmicutes	Bacilli	Lactobacillales	Lactobacillaceae	Lactobacillus	rapi	Bacteria	Firmicutes	Bacilli	Lactobacillales	Lactobacillaceae	Lentilactobacillus	rapi
888	Bacteria	Actinobacteria	Actinobacteria	Actinomycetales	Actinomycetaceae	Actinomyces	dentalis	Bacteria	Actinobacteria	Actinomycetia	Actinomycetales	Actinomycetaceae	Actinomyces	dentalis
889	Bacteria	Actinobacteria	Actinobacteria	Bifidobacteriales	Bifidobacteriaceae	Bifidobacterium	breve	Bacteria	Actinobacteria	Actinomycetia	Bifidobacteriales	Bifidobacteriaceae	Bifidobacterium	breve
890	Bacteria	Actinobacteria	Actinobacteria	Bifidobacteriales	Bifidobacteriaceae	Bifidobacterium	subtile	Bacteria	Actinobacteria	Actinomycetia	Bifidobacteriales	Bifidobacteriaceae	Bifidobacterium	subtile
891	Bacteria	Actinobacteria	Actinobacteria	Bifidobacteriales	Bifidobacteriaceae	Bifidobacterium	scardovii	Bacteria	Actinobacteria	Actinomycetia	Bifidobacteriales	Bifidobacteriaceae	Bifidobacterium	scardovii
893	Bacteria	Actinobacteria	Actinobacteria	Actinomycetales	Actinomycetaceae	Actinomyces	oris	Bacteria	Actinobacteria	Actinomycetia	Actinomycetales	Actinomycetaceae	Actinomyces	oris
895	Bacteria	Actinobacteria	Actinobacteria	Bifidobacteriales	Bifidobacteriaceae	Bifidobacterium	animalis	Bacteria	Actinobacteria	Actinomycetia	Bifidobacteriales	Bifidobacteriaceae	Bifidobacterium	animalis
896	Bacteria	Actinobacteria	Actinobacteria	Actinomycetales	Actinomycetaceae	Actinomyces	sp._HMT_896	Bacteria	Actinobacteria	Actinomycetia	Actinomycetales	Actinomycetaceae	Actinomyces	sp._HMT_896
897	Bacteria	Actinobacteria	Actinobacteria	Actinomycetales	Actinomycetaceae	Actinomyces	sp._HMT_897	Bacteria	Actinobacteria	Actinomycetia	Actinomycetales	Actinomycetaceae	Actinomyces	sp._HMT_897
900	Bacteria	Bacteroidetes	Flavobacteriia	Flavobacteriales	Flavobacteriaceae	Bergeyella	sp._HMT_900	Bacteria	Bacteroidetes	Flavobacteriia	Flavobacteriales	Weeksellaceae	Weeksellaceae [G-1]	sp._HMT_900
906	Bacteria	Firmicutes	Mollicutes	Mollicutes_[O-2]	Mollicutes_[F-2]	Mollicutes_[G-2]	bacterium_HMT_906	Bacteria	Tenericutes	Mollicutes	Mollicutes_[O-2]	Mollicutes_[F-2]	Mollicutes_[G-2]	bacterium_HMT_906
907	Bacteria	Bacteroidetes	Flavobacteriia	Flavobacteriales	Flavobacteriaceae	Bergeyella	sp._HMT_907	Bacteria	Bacteroidetes	Flavobacteriia	Flavobacteriales	Weeksellaceae	Weeksellaceae [G-1]	sp._HMT_907
910	Bacteria	Firmicutes	Clostridia	Clostridiales	Lachnospiraceae_[XIV]	Stomatobaculum	sp._HMT_910	Bacteria	Firmicutes	Clostridia	Eubacteriales	Lachnospiraceae	Stomatobaculum	sp._HMT_910
915	Bacteria	Actinobacteria	Actinobacteria	Propionibacteriales	Propionibacteriaceae	Propionibacteriaceae_[G-1]	bacterium_HMT_915	Bacteria	Actinobacteria	Actinomycetia	Propionibacteriales	Propionibacteriaceae	Propionibacteriaceae_[G-1]	bacterium_HMT_915
916	Bacteria	Bacteroidetes	Bacteroidia	Bacteroidales	Porphyromonadaceae	Tannerella	sp._HMT_916	Bacteria	Bacteroidetes	Bacteroidia	Bacteroidales	Tannerellaceae	Tannerella	sp._HMT_916
918	Bacteria	Firmicutes	Negativicutes	Veillonellales	Veillonellaceae	Veillonellaceae_[G-1]	bacterium_HMT_918	Bacteria	Firmicutes	Negativicutes	Selenomonadales	Selenomonadaceae	Veillonellaceae_[G-1]	bacterium_HMT_918
922	Bacteria	Firmicutes	Clostridia	Clostridiales	Peptostreptococcaceae_[XI]	Peptostreptococcaceae_[XI][G-7]	bacterium_HMT_922	Bacteria	Firmicutes	Clostridia	Eubacteriales	Peptostreptococcaceae	Peptostreptococcaceae_[G-7]	bacterium_HMT_922
924	Bacteria	Firmicutes	Clostridia	Clostridiales	Lachnospiraceae_[XIV]	Lachnospiraceae_[G-9]	bacterium_HMT_924	Bacteria	Firmicutes	Clostridia	Eubacteriales	Lachnospiraceae	Lachnospiraceae_[G-9]	bacterium_HMT_924
927	Bacteria	Spirochaetes	Spirochaetia	Spirochaetales	Spirochaetaceae	Treponema	sp._HMT_927	Bacteria	Spirochaetes	Spirochaetia	Spirochaetales	Treponemataceae	Treponema	sp._HMT_927
929	Bacteria	Firmicutes	Clostridia	Clostridiales	Peptoniphilaceae	Peptoniphilaceae_[G-3]	bacterium_HMT_929	Bacteria	Firmicutes	Tissierellia	Tissierellales	Peptoniphilaceae	Peptoniphilaceae_[G-3]	bacterium_HMT_929
931	Bacteria	Bacteroidetes	Flavobacteriia	Flavobacteriales	Flavobacteriaceae	Bergeyella	sp._HMT_931	Bacteria	Bacteroidetes	Flavobacteriia	Flavobacteriales	Weeksellaceae	Weeksellaceae [G-1]	sp._HMT_931
934	Bacteria	Firmicutes	Clostridia	Clostridiales	Lachnospiraceae_[XIV]	Oribacterium	parvum	Bacteria	Firmicutes	Clostridia	Eubacteriales	Lachnospiraceae	Oribacterium	parvum
935	Bacteria	Firmicutes	Clostridia	Clostridiales	Ruminococcaceae	Fastidiosipila	sanguinis	Bacteria	Firmicutes	Clostridia	Eubacteriales	Oscillospiraceae	Fastidiosipila	sanguinis
938	Bacteria	Firmicutes	Bacilli	Lactobacillales	Lactobacillaceae	Lactobacillus	reuteri_clade_938	Bacteria	Firmicutes	Bacilli	Lactobacillales	Lactobacillaceae	Limosilactobacillus	reuteri_clade_938
950	Bacteria	Firmicutes	Clostridia	Clostridiales	Peptostreptococcaceae_[XI]	Peptostreptococcaceae_[XI][G-3]	bacterium_HMT_950	Bacteria	Firmicutes	Clostridia	Eubacteriales	Peptostreptococcaceae	Peptostreptococcaceae_[G-3]	bacterium_HMT_950
951	Bacteria	Spirochaetes	Spirochaetia	Spirochaetales	Spirochaetaceae	Treponema	sp._HMT_951	Bacteria	Spirochaetes	Spirochaetia	Spirochaetales	Treponemataceae	Treponema	sp._HMT_951
982	Bacteria	Chlorobi	Ignavibacteria	Ignavibacteriales	Ignavibacteriaceae	Ignavibacterium	album	Bacteria	Ignavibacteriae	Ignavibacteria	Ignavibacteriales	Ignavibacteriaceae	Ignavibacterium	album
983	Bacteria	Chlorobi	Ignavibacteria	Ignavibacteriales	Melioribacteraceae	Melioribacter	roseus	Bacteria	Ignavibacteriae	Ignavibacteria	Ignavibacteriales	Melioribacteraceae	Melioribacter	roseus
