HMT	Domain	Phylum	Class	Order	Family	Genus	Species
1	Bacteria	Proteobacteria	Alphaproteobacteria	Hyphomicrobiales	Bartonellaceae	Bartonella	schoenbuchensis
2	Bacteria	Proteobacteria	Alphaproteobacteria	Caulobacterales	Caulobacteraceae	Caulobacter	sp._HMT_002
3	Bacteria	Proteobacteria	Alphaproteobacteria	Sphingomonadales	Sphingomonadaceae	Sphingomonas	glacialis
4	Bacteria	Proteobacteria	Alphaproteobacteria	Sphingomonadales	Sphingomonadaceae	Sphingomonas	sp._HMT_004
5	Bacteria	Proteobacteria	Gammaproteobacteria	Pseudomonadales	Moraxellaceae	Acinetobacter	lwoffii
6	Bacteria	Proteobacteria	Alphaproteobacteria	Sphingomonadales	Sphingomonadaceae	Novosphingobium	humi
7	Bacteria	Proteobacteria	Alphaproteobacteria	Sphingomonadales	Erythrobacteraceae	Erythrobacter	tepidarius
8	Bacteria	Firmicutes	Clostridia	Eubacteriales	Peptostreptococcaceae	Mogibacterium	vescum
10	Bacteria	Proteobacteria	Gammaproteobacteria	Pseudomonadales	Moraxellaceae	Acinetobacter	radioresistens
11	Bacteria	Proteobacteria	Betaproteobacteria	Neisseriales	Neisseriaceae	Eikenella	sp._HMT_011
12	Bacteria	Proteobacteria	Betaproteobacteria	Neisseriales	Neisseriaceae	Kingella	sp._HMT_012
13	Bacteria	Proteobacteria	Betaproteobacteria	Neisseriales	Neisseriaceae	Neisseria	bacilliformis
14	Bacteria	Proteobacteria	Betaproteobacteria	Neisseriales	Neisseriaceae	Neisseria	oralis
17	Bacteria	Firmicutes	Tissierellia	Tissierellales	Peptoniphilaceae	Anaerococcus	octavius
18	Bacteria	Proteobacteria	Betaproteobacteria	Neisseriales	Neisseriaceae	Neisseria	sp._HMT_018
19	Bacteria	Actinobacteria	Actinomycetia	Corynebacteriales	Corynebacteriaceae	Corynebacterium	accolens
20	Bacteria	Proteobacteria	Betaproteobacteria	Neisseriales	Neisseriaceae	Neisseria	sp._HMT_020
21	Bacteria	Firmicutes	Bacilli	Lactobacillales	Streptococcaceae	Streptococcus	vestibularis
22	Bacteria	Proteobacteria	Betaproteobacteria	Burkholderiales	Burkholderiaceae	Lautropia	mirabilis
23	Bacteria	Proteobacteria	Betaproteobacteria	Burkholderiales	Comamonadaceae	Delftia	acidovorans
24	Bacteria	Proteobacteria	Betaproteobacteria	Burkholderiales	Comamonadaceae	Schlegelella	thermodepolymerans
25	Bacteria	Proteobacteria	Betaproteobacteria	Burkholderiales	Comamonadaceae	Leptothrix	sp._HMT_025
26	Bacteria	Proteobacteria	Betaproteobacteria	Burkholderiales	Comamonadaceae	Schlegelella	aquatica
27	Bacteria	Proteobacteria	Betaproteobacteria	Burkholderiales	Burkholderiaceae	Cupriavidus	gilardii
28	Bacteria	Proteobacteria	Betaproteobacteria	Rhodocyclales	Rhodocyclaceae	Oryzomicrobium	terrae
29	Bacteria	Spirochaetes	Spirochaetia	Spirochaetales	Treponemataceae	Treponema	vincentii
30	Bacteria	Actinobacteria	Actinomycetia	Corynebacteriales	Corynebacteriaceae	Corynebacterium	afermentans
31	Bacteria	Actinobacteria	Actinomycetia	Corynebacteriales	Corynebacteriaceae	Corynebacterium	amycolatum
32	Bacteria	Proteobacteria	Gammaproteobacteria	Pseudomonadales	Pseudomonadaceae	Pseudomonas	sp._HMT_032
33	Bacteria	Actinobacteria	Actinomycetia	Corynebacteriales	Corynebacteriaceae	Corynebacterium	appendicis
34	Bacteria	Actinobacteria	Actinomycetia	Corynebacteriales	Corynebacteriaceae	Corynebacterium	aurimucosum
35	Bacteria	Proteobacteria	Gammaproteobacteria	Pasteurellales	Pasteurellaceae	Haemophilus	paraphrohaemolyticus
36	Bacteria	Proteobacteria	Gammaproteobacteria	Pasteurellales	Pasteurellaceae	Haemophilus	sp._HMT_036
37	Bacteria	Proteobacteria	Gammaproteobacteria	Xanthomonadales	Xanthomonadaceae	Stenotrophomonas	nitritireducens
38	Bacteria	Actinobacteria	Coriobacteriia	Coriobacteriales	Atopobiaceae	Olsenella	uli
39	Bacteria	Proteobacteria	Deltaproteobacteria	Bdellovibrionales	Bdellovibrionaceae	Bdellovibrio	sp._HMT_039
40	Bacteria	Proteobacteria	Deltaproteobacteria	Desulfovibrionales	Desulfovibrionaceae	Desulfovibrio	sp._HMT_040
41	Bacteria	Proteobacteria	Deltaproteobacteria	Desulfobacterales	Desulfobulbaceae	Desulfobulbus	sp._HMT_041
42	Bacteria	Firmicutes	Clostridia	Eubacteriales	Peptostreptococcaceae	Mogibacterium	timidum
44	Bacteria	Proteobacteria	Epsilonproteobacteria	Campylobacterales	Campylobacteraceae	Campylobacter	sp._HMT_044
45	Bacteria	Firmicutes	Bacilli	Bacillales	Bacillaceae	Alkalihalobacillus	clausii
46	Bacteria	Firmicutes	Bacilli	Bacillales	Gemellaceae	Gemella	morbillorum
47	Bacteria	Actinobacteria	Actinomycetia	Corynebacteriales	Corynebacteriaceae	Corynebacterium	jeikeium
48	Bacteria	Firmicutes	Bacilli	Bacillales	Paenibacillaceae	Paenibacillus	typhae
49	Bacteria	Actinobacteria	Actinomycetia	Corynebacteriales	Corynebacteriaceae	Corynebacterium	kroppenstedtii
50	Bacteria	Actinobacteria	Actinomycetia	Corynebacteriales	Corynebacteriaceae	Corynebacterium	macginleyi
51	Bacteria	Firmicutes	Bacilli	Lactobacillales	Lactobacillaceae	Limosilactobacillus	vaginalis
52	Bacteria	Firmicutes	Bacilli	Lactobacillales	Lactobacillaceae	Limosilactobacillus	sp._HMT_052
53	Bacteria	Actinobacteria	Actinomycetia	Corynebacteriales	Corynebacteriaceae	Corynebacterium	minutissimum
54	Bacteria	Actinobacteria	Actinomycetia	Corynebacteriales	Corynebacteriaceae	Corynebacterium	pilbarense
56	Bacteria	Firmicutes	Bacilli	Lactobacillales	Streptococcaceae	Streptococcus	sp._HMT_056
57	Bacteria	Firmicutes	Bacilli	Lactobacillales	Streptococcaceae	Streptococcus	sp._HMT_057
58	Bacteria	Firmicutes	Bacilli	Lactobacillales	Streptococcaceae	Streptococcus	oralis_subsp._dentisani_clade_058
59	Bacteria	Actinobacteria	Actinomycetia	Corynebacteriales	Corynebacteriaceae	Corynebacterium	propinquum
60	Bacteria	Actinobacteria	Actinomycetia	Corynebacteriales	Corynebacteriaceae	Corynebacterium	pseudodiphtheriticum
61	Bacteria	Firmicutes	Bacilli	Lactobacillales	Streptococcaceae	Streptococcus	sp._HMT_061
62	Bacteria	Actinobacteria	Actinomycetia	Corynebacteriales	Corynebacteriaceae	Corynebacterium	simulans
63	Bacteria	Actinobacteria	Actinomycetia	Corynebacteriales	Corynebacteriaceae	Corynebacterium	singulare
64	Bacteria	Firmicutes	Bacilli	Lactobacillales	Streptococcaceae	Streptococcus	sp._HMT_064
66	Bacteria	Firmicutes	Bacilli	Lactobacillales	Streptococcaceae	Streptococcus	sp._HMT_066
70	Bacteria	Firmicutes	Bacilli	Lactobacillales	Streptococcaceae	Streptococcus	oralis_subsp._tigurinus_clade_070
71	Bacteria	Firmicutes	Bacilli	Lactobacillales	Streptococcaceae	Streptococcus	oralis_subsp._tigurinus_clade_071
72	Bacteria	Actinobacteria	Actinomycetia	Corynebacteriales	Corynebacteriaceae	Corynebacterium	striatum
73	Bacteria	Firmicutes	Bacilli	Lactobacillales	Streptococcaceae	Streptococcus	australis
74	Bacteria	Firmicutes	Bacilli	Lactobacillales	Streptococcaceae	Streptococcus	sp._HMT_074
75	Bacteria	Firmicutes	Clostridia	Eubacteriales	Ruminococcaceae	Ruminococcaceae_[G-1]	bacterium_HMT_075
76	Bacteria	Firmicutes	Bacilli	Bacillales	Staphylococcaceae	Staphylococcus	warneri
77	Bacteria	Actinobacteria	Actinomycetia	Corynebacteriales	Corynebacteriaceae	Corynebacterium	tuberculostearicum
78	Bacteria	Firmicutes	Clostridia	Eubacteriales	Lachnospiraceae	Oribacterium	sp._HMT_078
80	Bacteria	Firmicutes	Clostridia	Eubacteriales	Lachnospiraceae	Butyrivibrio	sp._HMT_080
81	Bacteria	Firmicutes	Clostridia	Eubacteriales	Peptostreptococcaceae	Peptostreptococcaceae_[G-7]	bacterium_HMT_081
82	Bacteria	Firmicutes	Clostridia	Eubacteriales	Lachnospiraceae	Lachnoanaerobaculum	orale
83	Bacteria	Firmicutes	Clostridia	Eubacteriales	Lachnospiraceae	Lachnoanaerobaculum	sp._HMT_083
84	Bacteria	Actinobacteria	Actinomycetia	Micrococcales	Micrococcaceae	Kocuria	palustris
85	Bacteria	Firmicutes	Clostridia	Eubacteriales	Ruminococcaceae	Ruminococcaceae_[G-2]	bacterium_HMT_085
86	Bacteria	Firmicutes	Clostridia	Eubacteriales	Lachnospiraceae	Lachnospiraceae_[G-7]	bacterium_HMT_086
87	Bacteria	Actinobacteria	Actinomycetia	Micrococcales	Micrococcaceae	Micrococcus	luteus
88	Bacteria	Firmicutes	Clostridia	Eubacteriales	Lachnospiraceae	Lachnospiraceae_[G-2]	bacterium_HMT_088
89	Bacteria	Firmicutes	Clostridia	Eubacteriales	Lachnospiraceae	Lachnoanaerobaculum	sp._HMT_089
90	Bacteria	Firmicutes	Clostridia	Eubacteriales	Lachnospiraceae	Butyrivibrio	sp._HMT_090
91	Bacteria	Firmicutes	Clostridia	Eubacteriales	Peptostreptococcaceae	Peptostreptococcaceae_[G-2]	bacterium_HMT_091
92	Bacteria	Proteobacteria	Betaproteobacteria	Neisseriales	Neisseriaceae	Neisseria	weaveri
93	Bacteria	Firmicutes	Clostridia	Eubacteriales	Clostridiales_[F-1]	Clostridiales_[F-1][G-1]	bacterium_HMT_093
94	Bacteria	Firmicutes	Clostridia	Eubacteriales	Lachnospiraceae	Lachnospiraceae_[G-10]	bacterium_HMT_094
95	Bacteria	Firmicutes	Clostridia	Eubacteriales	Lachnospiraceae	Shuttleworthia	satelles
96	Bacteria	Firmicutes	Clostridia	Eubacteriales	Lachnospiraceae	Lachnospiraceae_[G-2]	bacterium_HMT_096
97	Bacteria	Firmicutes	Clostridia	Eubacteriales	Lachnospiraceae	Stomatobaculum	sp._HMT_097
98	Bacteria	Proteobacteria	Gammaproteobacteria	Pseudomonadales	Moraxellaceae	Moraxella	nonliquefaciens
99	Bacteria	Proteobacteria	Betaproteobacteria	Neisseriales	Neisseriaceae	Neisseria	macacae
100	Bacteria	Firmicutes	Clostridia	Eubacteriales	Lachnospiraceae	Lachnospiraceae_[G-3]	bacterium_HMT_100
101	Bacteria	Proteobacteria	Betaproteobacteria	Neisseriales	Neisseriaceae	Neisseria	perflava
102	Bacteria	Firmicutes	Clostridia	Eubacteriales	Lachnospiraceae	Oribacterium	sp._HMT_102
103	Bacteria	Firmicutes	Clostridia	Eubacteriales	Peptostreptococcaceae	Peptostreptococcaceae_[G-4]	bacterium_HMT_103
104	Bacteria	Proteobacteria	Alphaproteobacteria	Rhodobacterales	Rhodobacteraceae	Paracoccus	yeei
105	Bacteria	Firmicutes	Clostridia	Eubacteriales	Peptostreptococcaceae	Peptostreptococcaceae_[G-1]	[Eubacterium]_infirmum
106	Bacteria	Firmicutes	Clostridia	Eubacteriales	Peptostreptococcaceae	Peptostreptococcaceae_[G-7]	[Eubacterium]_yurii_subsp._schtitka
107	Bacteria	Firmicutes	Clostridia	Eubacteriales	Lachnospiraceae	Lachnoanaerobaculum	umeaense
108	Bacteria	Firmicutes	Clostridia	Eubacteriales	Lachnospiraceae	Oribacterium	asaccharolyticum
109	Bacteria	Firmicutes	Tissierellia	Tissierellales	Peptoniphilaceae	Peptoniphilus	harei
110	Bacteria	Firmicutes	Tissierellia	Tissierellales	Peptoniphilaceae	Parvimonas	sp._HMT_110
111	Bacteria	Firmicutes	Tissierellia	Tissierellales	Peptoniphilaceae	Parvimonas	micra
112	Bacteria	Firmicutes	Clostridia	Eubacteriales	Peptostreptococcaceae	Peptostreptococcus	stomatis
113	Bacteria	Firmicutes	Tissierellia	Tissierellales	Peptoniphilaceae	Peptoniphilaceae_[G-1]	bacterium_HMT_113
114	Bacteria	Actinobacteria	Actinomycetia	Propionibacteriales	Propionibacteriaceae	Cutibacterium	granulosum
115	Bacteria	Proteobacteria	Gammaproteobacteria	Enterobacterales	Yersiniaceae	Serratia	marcescens
116	Bacteria	Firmicutes	Bacilli	Bacillales	Staphylococcaceae	Staphylococcus	capitis
117	Bacteria	Firmicutes	Bacilli	Bacillales	Staphylococcaceae	Staphylococcus	cohnii
118	Bacteria	Firmicutes	Negativicutes	Veillonellales	Veillonellaceae	Dialister	invisus
119	Bacteria	Firmicutes	Negativicutes	Veillonellales	Veillonellaceae	Dialister	sp._HMT_119
120	Bacteria	Firmicutes	Bacilli	Bacillales	Staphylococcaceae	Staphylococcus	haemolyticus
121	Bacteria	Firmicutes	Negativicutes	Veillonellales	Veillonellaceae	Anaeroglobus	geminatus
122	Bacteria	Firmicutes	Negativicutes	Veillonellales	Veillonellaceae	Megasphaera	micronuciformis
123	Bacteria	Firmicutes	Negativicutes	Veillonellales	Veillonellaceae	Colibacter	massiliensis
124	Bacteria	Firmicutes	Negativicutes	Selenomonadales	Selenomonadaceae	Selenomonas	artemidis
125	Bacteria	Firmicutes	Negativicutes	Selenomonadales	Selenomonadaceae	Selenomonas	flueggei
126	Bacteria	Firmicutes	Negativicutes	Selenomonadales	Selenomonadaceae	Selenomonas	sp._HMT_126
127	Bacteria	Firmicutes	Bacilli	Bacillales	Staphylococcaceae	Staphylococcus	hominis
128	Bacteria	Firmicutes	Bacilli	Bacillales	Staphylococcaceae	Staphylococcus	lugdunensis
129	Bacteria	Firmicutes	Negativicutes	Selenomonadales	Selenomonadaceae	Veillonellaceae_[G-1]	bacterium_HMT_129
130	Bacteria	Firmicutes	Negativicutes	Selenomonadales	Selenomonadaceae	Selenomonas	noxia
131	Bacteria	Firmicutes	Negativicutes	Selenomonadales	Selenomonadaceae	Mitsuokella	sp._HMT_131
132	Bacteria	Firmicutes	Negativicutes	Selenomonadales	Selenomonadaceae	Veillonellaceae_[G-1]	bacterium_HMT_132
133	Bacteria	Firmicutes	Negativicutes	Selenomonadales	Selenomonadaceae	Selenomonas	sp._HMT_133
134	Bacteria	Firmicutes	Negativicutes	Selenomonadales	Selenomonadaceae	Selenomonas	sp._HMT_134
135	Bacteria	Firmicutes	Negativicutes	Selenomonadales	Selenomonadaceae	Veillonellaceae_[G-1]	bacterium_HMT_135
136	Bacteria	Firmicutes	Negativicutes	Selenomonadales	Selenomonadaceae	Selenomonas	sp._HMT_136
137	Bacteria	Firmicutes	Negativicutes	Selenomonadales	Selenomonadaceae	Selenomonas	sp._HMT_137
138	Bacteria	Firmicutes	Negativicutes	Selenomonadales	Selenomonadaceae	Selenomonas	sp._HMT_138
139	Bacteria	Firmicutes	Negativicutes	Selenomonadales	Selenomonadaceae	Selenomonas	dianae
141	Bacteria	Firmicutes	Bacilli	Bacillales	Staphylococcaceae	Staphylococcus	pasteuri
142	Bacteria	Firmicutes	Bacilli	Bacillales	Staphylococcaceae	Staphylococcus	pettenkoferi
145	Bacteria	Firmicutes	Negativicutes	Selenomonadales	Selenomonadaceae	Veillonellaceae_[G-1]	bacterium_HMT_145
146	Bacteria	Firmicutes	Negativicutes	Selenomonadales	Selenomonadaceae	Selenomonas	sp._HMT_146
148	Bacteria	Firmicutes	Negativicutes	Selenomonadales	Selenomonadaceae	Veillonellaceae_[G-1]	bacterium_HMT_148
149	Bacteria	Firmicutes	Negativicutes	Selenomonadales	Selenomonadaceae	Selenomonas	sp._HMT_149
150	Bacteria	Firmicutes	Negativicutes	Selenomonadales	Selenomonadaceae	Veillonellaceae_[G-1]	bacterium_HMT_150
151	Bacteria	Firmicutes	Negativicutes	Selenomonadales	Selenomonadaceae	Selenomonas	sputigena
152	Bacteria	Firmicutes	Bacilli	Lactobacillales	Streptococcaceae	Streptococcus	thermophilus
153	Bacteria	Proteobacteria	Gammaproteobacteria	Enterobacterales	Enterobacteriaceae	Klebsiella	aerogenes
154	Bacteria	Proteobacteria	Gammaproteobacteria	Pseudomonadales	Moraxellaceae	Moraxella	lincolnii
155	Bacteria	Firmicutes	Negativicutes	Selenomonadales	Selenomonadaceae	Veillonellaceae_[G-1]	bacterium_HMT_155
158	Bacteria	Firmicutes	Negativicutes	Veillonellales	Veillonellaceae	Veillonella	rogosae
160	Bacteria	Firmicutes	Negativicutes	Veillonellales	Veillonellaceae	Veillonella	dispar
161	Bacteria	Firmicutes	Negativicutes	Veillonellales	Veillonellaceae	Veillonella	parvula
163	Bacteria	Firmicutes	Clostridia	Eubacteriales	Lachnospiraceae	Lachnospiraceae_[G-7]	bacterium_HMT_163
164	Bacteria	Firmicutes	Clostridia	Eubacteriales	Lachnospiraceae	Catonella	sp._HMT_164
165	Bacteria	Firmicutes	Clostridia	Eubacteriales	Lachnospiraceae	Catonella	morbi
166	Bacteria	Firmicutes	Clostridia	Eubacteriales	Lachnospiraceae	Johnsonella	sp._HMT_166
167	Bacteria	Firmicutes	Clostridia	Eubacteriales	Peptococcaceae	Peptococcus	sp._HMT_167
168	Bacteria	Firmicutes	Clostridia	Eubacteriales	Peptococcaceae	Peptococcus	sp._HMT_168
169	Bacteria	Actinobacteria	Actinomycetia	Actinomycetales	Actinomycetaceae	Actinomyces	sp._HMT_169
170	Bacteria	Actinobacteria	Actinomycetia	Actinomycetales	Actinomycetaceae	Actinomyces	sp._HMT_170
171	Bacteria	Actinobacteria	Actinomycetia	Actinomycetales	Actinomycetaceae	Actinomyces	sp._HMT_171
172	Bacteria	Actinobacteria	Actinomycetia	Actinomycetales	Actinomycetaceae	Schaalia	sp._HMT_172
173	Bacteria	Actinobacteria	Actinomycetia	Corynebacteriales	Lawsonellaceae	Lawsonella	clevelandensis
174	Bacteria	Proteobacteria	Betaproteobacteria	Neisseriales	Neisseriaceae	Neisseriaceae_[G-1]	bacterium_HMT_174
175	Bacteria	Actinobacteria	Actinomycetia	Actinomycetales	Actinomycetaceae	Actinomyces	sp._HMT_175
176	Bacteria	Actinobacteria	Actinomycetia	Actinomycetales	Actinomycetaceae	Actinomyces	naeslundii
178	Bacteria	Actinobacteria	Actinomycetia	Actinomycetales	Actinomycetaceae	Schaalia	sp._HMT_178
179	Bacteria	Actinobacteria	Actinomycetia	Actinomycetales	Actinomycetaceae	Actinomyces	timonensis
180	Bacteria	Actinobacteria	Actinomycetia	Actinomycetales	Actinomycetaceae	Schaalia	sp._HMT_180
181	Bacteria	Actinobacteria	Actinomycetia	Actinomycetales	Actinomycetaceae	Schaalia	lingnae
182	Bacteria	Firmicutes	Bacilli	Bacillales	Bacillaceae	Anoxybacillus	flavithermus
183	Bacteria	Actinobacteria	Actinomycetia	Actinomycetales	Actinomycetaceae	Peptidiphaga	sp._HMT_183
184	Bacteria	Actinobacteria	Actinomycetia	Corynebacteriales	Corynebacteriaceae	Corynebacterium	tuscaniense
185	Bacteria	Actinobacteria	Actinomycetia	Micrococcales	Microbacteriaceae	Microbacterium	ginsengisoli
186	Bacteria	Actinobacteria	Actinomycetia	Micrococcales	Microbacteriaceae	Microbacterium	flavescens
187	Bacteria	Firmicutes	Tissierellia	Tissierellales	Peptoniphilaceae	Peptoniphilus	sp._HMT_187
188	Bacteria	Actinobacteria	Actinomycetia	Micrococcales	Micrococcaceae	Rothia	aeria
189	Bacteria	Actinobacteria	Actinomycetia	Micrococcales	Micrococcaceae	Kocuria	atrinae
190	Bacteria	Actinobacteria	Actinomycetia	Micrococcales	Intrasporangiaceae	Arsenicicoccus	bolidensis
191	Bacteria	Actinobacteria	Actinomycetia	Propionibacteriales	Propionibacteriaceae	Acidipropionibacterium	acidifaciens
192	Bacteria	Actinobacteria	Actinomycetia	Propionibacteriales	Propionibacteriaceae	Propionibacteriaceae_[G-2]	bacterium_HMT_192
193	Bacteria	Actinobacteria	Actinomycetia	Propionibacteriales	Propionibacteriaceae	Cutibacterium	sp._HMT_193
194	Bacteria	Actinobacteria	Actinomycetia	Propionibacteriales	Propionibacteriaceae	Arachnia	rubra
195	Bacteria	Actinobacteria	Actinomycetia	Bifidobacteriales	Bifidobacteriaceae	Scardovia	wiggsiae
196	Bacteria	Proteobacteria	Alphaproteobacteria	Rhodospirillales	Rhodospirillales_[F-1]	Enhydrobacter	aerosaccus
197	Bacteria	Actinobacteria	Actinomycetia	Micrococcales	Micrococcaceae	Kocuria	rhizophila
198	Bacteria	Actinobacteria	Actinomycetia	Bifidobacteriales	Bifidobacteriaceae	Alloscardovia	omnicolens
199	Bacteria	Actinobacteria	Coriobacteriia	Coriobacteriales	Atopobiaceae	Lancefieldella	sp._HMT_199
200	Bacteria	Fusobacteria	Fusobacteriia	Fusobacteriales	Fusobacteriaceae	Fusobacterium	nucleatum_subsp._vincentii
201	Bacteria	Fusobacteria	Fusobacteriia	Fusobacteriales	Fusobacteriaceae	Fusobacterium	periodonticum
202	Bacteria	Fusobacteria	Fusobacteriia	Fusobacteriales	Fusobacteriaceae	Fusobacterium	nucleatum_subsp._polymorphum
203	Bacteria	Fusobacteria	Fusobacteriia	Fusobacteriales	Fusobacteriaceae	Fusobacterium	sp._HMT_203
204	Bacteria	Fusobacteria	Fusobacteriia	Fusobacteriales	Fusobacteriaceae	Fusobacterium	sp._HMT_204
205	Bacteria	Fusobacteria	Fusobacteriia	Fusobacteriales	Fusobacteriaceae	Fusobacterium	sp._HMT_205
206	Bacteria	Bacteroidetes	Flavobacteriia	Flavobacteriales	Weeksellaceae	Cloacibacterium	sp._HMT_206
207	Bacteria	Actinobacteria	Actinomycetia	Corynebacteriales	Corynebacteriaceae	Corynebacterium	gottingense
208	Bacteria	Actinobacteria	Actinomycetia	Corynebacteriales	Corynebacteriaceae	Corynebacterium	bovis
209	Bacteria	Proteobacteria	Betaproteobacteria	Burkholderiales	Comamonadaceae	Acidovorax	ebreus
211	Bacteria	Proteobacteria	Betaproteobacteria	Burkholderiales	Comamonadaceae	Acidovorax	caeni
212	Bacteria	Fusobacteria	Fusobacteriia	Fusobacteriales	Leptotrichiaceae	Leptotrichia	sp._HMT_212
213	Bacteria	Fusobacteria	Fusobacteriia	Fusobacteriales	Leptotrichiaceae	Leptotrichia	hongkongensis
214	Bacteria	Fusobacteria	Fusobacteriia	Fusobacteriales	Leptotrichiaceae	Leptotrichia	shahii
215	Bacteria	Fusobacteria	Fusobacteriia	Fusobacteriales	Leptotrichiaceae	Leptotrichia	sp._HMT_215
216	Bacteria	Proteobacteria	Betaproteobacteria	Burkholderiales	Comamonadaceae	Acidovorax	temperans
217	Bacteria	Fusobacteria	Fusobacteriia	Fusobacteriales	Leptotrichiaceae	Leptotrichia	sp._HMT_217
218	Bacteria	Fusobacteria	Fusobacteriia	Fusobacteriales	Leptotrichiaceae	Leptotrichia	sp._HMT_218
219	Bacteria	Fusobacteria	Fusobacteriia	Fusobacteriales	Leptotrichiaceae	Pseudoleptotrichia	sp._HMT_219
221	Bacteria	Fusobacteria	Fusobacteriia	Fusobacteriales	Leptotrichiaceae	Pseudoleptotrichia	sp._HMT_221
222	Bacteria	Fusobacteria	Fusobacteriia	Fusobacteriales	Leptotrichiaceae	Leptotrichia	wadei
223	Bacteria	Fusobacteria	Fusobacteriia	Fusobacteriales	Leptotrichiaceae	Leptotrichia	sp._HMT_223
224	Bacteria	Fusobacteria	Fusobacteriia	Fusobacteriales	Leptotrichiaceae	Leptotrichia	hofstadii
225	Bacteria	Fusobacteria	Fusobacteriia	Fusobacteriales	Leptotrichiaceae	Leptotrichia	sp._HMT_225
226	Bacteria	Spirochaetes	Spirochaetia	Spirochaetales	Treponemataceae	Treponema	sp._HMT_226
227	Bacteria	Spirochaetes	Spirochaetia	Spirochaetales	Treponemataceae	Treponema	sp._HMT_227
228	Bacteria	Spirochaetes	Spirochaetia	Spirochaetales	Treponemataceae	Treponema	sp._HMT_228
229	Bacteria	Cyanobacteria	Oscillatoriophycideae	Oscillatoriales	Microcoleaceae	Arthrospira	platensis
230	Bacteria	Spirochaetes	Spirochaetia	Spirochaetales	Treponemataceae	Treponema	sp._HMT_230
231	Bacteria	Spirochaetes	Spirochaetia	Spirochaetales	Treponemataceae	Treponema	sp._HMT_231
232	Bacteria	Spirochaetes	Spirochaetia	Spirochaetales	Treponemataceae	Treponema	sp._HMT_232
233	Bacteria	Firmicutes	Bacilli	Bacillales	Staphylococcaceae	Staphylococcus	schleiferi
234	Bacteria	Spirochaetes	Spirochaetia	Spirochaetales	Treponemataceae	Treponema	sp._HMT_234
235	Bacteria	Spirochaetes	Spirochaetia	Spirochaetales	Treponemataceae	Treponema	sp._HMT_235
236	Bacteria	Spirochaetes	Spirochaetia	Spirochaetales	Treponemataceae	Treponema	sp._HMT_236
237	Bacteria	Spirochaetes	Spirochaetia	Spirochaetales	Treponemataceae	Treponema	sp._HMT_237
238	Bacteria	Spirochaetes	Spirochaetia	Spirochaetales	Treponemataceae	Treponema	sp._HMT_238
239	Bacteria	Spirochaetes	Spirochaetia	Spirochaetales	Treponemataceae	Treponema	sp._HMT_239
241	Bacteria	Firmicutes	Bacilli	Bacillales	Listeriaceae	Brochothrix	thermosphacta
242	Bacteria	Spirochaetes	Spirochaetia	Spirochaetales	Treponemataceae	Treponema	sp._HMT_242
243	Bacteria	Firmicutes	Bacilli	Bacillales	Staphylococcaceae	Jeotgalicoccus	huakuii
244	Bacteria	Proteobacteria	Alphaproteobacteria	Rhodospirillales	Acetobacteraceae	Roseomonas	gilardii
245	Bacteria	Proteobacteria	Alphaproteobacteria	Rhodospirillales	Acetobacteraceae	Roseomonas	mucosa
246	Bacteria	Spirochaetes	Spirochaetia	Spirochaetales	Treponemataceae	Treponema	sp._HMT_246
247	Bacteria	Spirochaetes	Spirochaetia	Spirochaetales	Treponemataceae	Treponema	sp._HMT_247
248	Bacteria	Fusobacteria	Fusobacteriia	Fusobacteriales	Fusobacteriaceae	Fusobacterium	sp._HMT_248
249	Bacteria	Spirochaetes	Spirochaetia	Spirochaetales	Treponemataceae	Treponema	sp._HMT_249
250	Bacteria	Spirochaetes	Spirochaetia	Spirochaetales	Treponemataceae	Treponema	sp._HMT_250
251	Bacteria	Spirochaetes	Spirochaetia	Spirochaetales	Treponemataceae	Treponema	sp._HMT_251
252	Bacteria	Spirochaetes	Spirochaetia	Spirochaetales	Treponemataceae	Treponema	sp._HMT_252
253	Bacteria	Spirochaetes	Spirochaetia	Spirochaetales	Treponemataceae	Treponema	sp._HMT_253
254	Bacteria	Spirochaetes	Spirochaetia	Spirochaetales	Treponemataceae	Treponema	sp._HMT_254
256	Bacteria	Spirochaetes	Spirochaetia	Spirochaetales	Treponemataceae	Treponema	sp._HMT_256
257	Bacteria	Spirochaetes	Spirochaetia	Spirochaetales	Treponemataceae	Treponema	sp._HMT_257
258	Bacteria	Spirochaetes	Spirochaetia	Spirochaetales	Treponemataceae	Treponema	sp._HMT_258
259	Bacteria	Proteobacteria	Gammaproteobacteria	Pasteurellales	Pasteurellaceae	Haemophilus	sp._HMT_259
260	Bacteria	Spirochaetes	Spirochaetia	Spirochaetales	Treponemataceae	Treponema	sp._HMT_260
261	Bacteria	Bacteroidetes	Chitinophagia	Chitinophagales	Chitinophagaceae	Segetibacter	aerophilus
262	Bacteria	Spirochaetes	Spirochaetia	Spirochaetales	Treponemataceae	Treponema	sp._HMT_262
263	Bacteria	Spirochaetes	Spirochaetia	Spirochaetales	Treponemataceae	Treponema	sp._HMT_263
264	Bacteria	Spirochaetes	Spirochaetia	Spirochaetales	Treponemataceae	Treponema	sp._HMT_264
265	Bacteria	Spirochaetes	Spirochaetia	Spirochaetales	Treponemataceae	Treponema	sp._HMT_265
266	Bacteria	Proteobacteria	Betaproteobacteria	Burkholderiales	Comamonadaceae	Leptothrix	sp._HMT_266
268	Bacteria	Spirochaetes	Spirochaetia	Spirochaetales	Treponemataceae	Treponema	sp._HMT_268
269	Bacteria	Spirochaetes	Spirochaetia	Spirochaetales	Treponemataceae	Treponema	sp._HMT_269
270	Bacteria	Spirochaetes	Spirochaetia	Spirochaetales	Treponemataceae	Treponema	sp._HMT_270
271	Bacteria	Spirochaetes	Spirochaetia	Spirochaetales	Treponemataceae	Treponema	sp._HMT_271
272	Bacteria	Bacteroidetes	Bacteroidia	Bacteroidales	Bacteroidaceae	Phocaeicola	abscessus
273	Bacteria	Bacteroidetes	Bacteroidia	Bacteroidales	Porphyromonadaceae	Porphyromonas	endodontalis
274	Bacteria	Bacteroidetes	Bacteroidia	Bacteroidales	Bacteroidales_[F-2]	Bacteroidales_[G-2]	bacterium_HMT_274
275	Bacteria	Bacteroidetes	Bacteroidia	Bacteroidales	Porphyromonadaceae	Porphyromonas	sp._HMT_275
276	Bacteria	Proteobacteria	Gammaproteobacteria	Pseudomonadales	Moraxellaceae	Moraxella	sp._HMT_276
277	Bacteria	Bacteroidetes	Bacteroidia	Bacteroidales	Porphyromonadaceae	Porphyromonas	sp._HMT_277
278	Bacteria	Bacteroidetes	Bacteroidia	Bacteroidales	Porphyromonadaceae	Porphyromonas	sp._HMT_278
279	Bacteria	Bacteroidetes	Bacteroidia	Bacteroidales	Porphyromonadaceae	Porphyromonas	pasteri
280	Bacteria	Bacteroidetes	Bacteroidetes_[C-1]	Bacteroidetes_[O-1]	Bacteroidetes_[F-1]	Bacteroidetes_[G-3]	bacterium_HMT_280
281	Bacteria	Bacteroidetes	Bacteroidetes_[C-1]	Bacteroidetes_[O-1]	Bacteroidetes_[F-1]	Bacteroidetes_[G-3]	bacterium_HMT_281
282	Bacteria	Proteobacteria	Gammaproteobacteria	Pseudomonadales	Moraxellaceae	Acinetobacter	junii
283	Bacteria	Bacteroidetes	Bacteroidia	Bacteroidales	Porphyromonadaceae	Porphyromonas	catoniae
284	Bacteria	Bacteroidetes	Bacteroidia	Bacteroidales	Porphyromonadaceae	Porphyromonas	sp._HMT_284
285	Bacteria	Bacteroidetes	Bacteroidia	Bacteroidales	Porphyromonadaceae	Porphyromonas	sp._HMT_285
286	Bacteria	Bacteroidetes	Bacteroidia	Bacteroidales	Tannerellaceae	Tannerella	sp._HMT_286
288	Bacteria	Bacteroidetes	Bacteroidia	Bacteroidales	Prevotellaceae	Prevotella	oulorum
289	Bacteria	Bacteroidetes	Bacteroidia	Bacteroidales	Prevotellaceae	Prevotella	maculosa
290	Bacteria	Firmicutes	Tissierellia	Tissierellales	Peptoniphilaceae	Anaerococcus	sp._HMT_290
291	Bacteria	Bacteroidetes	Bacteroidia	Bacteroidales	Prevotellaceae	Prevotella	denticola
292	Bacteria	Bacteroidetes	Bacteroidia	Bacteroidales	Prevotellaceae	Prevotella	sp._HMT_292
293	Bacteria	Bacteroidetes	Bacteroidia	Bacteroidales	Prevotellaceae	Prevotella	sp._HMT_293
294	Bacteria	Firmicutes	Tissierellia	Tissierellales	Peptoniphilaceae	Anaerococcus	sp._HMT_294
295	Bacteria	Firmicutes	Tissierellia	Tissierellales	Peptoniphilaceae	Anaerococcus	sp._HMT_295
297	Bacteria	Proteobacteria	Gammaproteobacteria	Pseudomonadales	Moraxellaceae	Acinetobacter	johnsonii
298	Bacteria	Bacteroidetes	Bacteroidia	Bacteroidales	Prevotellaceae	Prevotella	histicola
299	Bacteria	Bacteroidetes	Bacteroidia	Bacteroidales	Prevotellaceae	Prevotella	nanceiensis
300	Bacteria	Bacteroidetes	Bacteroidia	Bacteroidales	Prevotellaceae	Prevotella	sp._HMT_300
301	Bacteria	Bacteroidetes	Bacteroidia	Bacteroidales	Prevotellaceae	Prevotella	sp._HMT_301
302	Bacteria	Bacteroidetes	Bacteroidia	Bacteroidales	Prevotellaceae	Alloprevotella	rava
303	Bacteria	Bacteroidetes	Bacteroidia	Bacteroidales	Prevotellaceae	Prevotella	pleuritidis
304	Bacteria	Bacteroidetes	Bacteroidia	Bacteroidales	Prevotellaceae	Prevotella	sp._HMT_304
305	Bacteria	Bacteroidetes	Bacteroidia	Bacteroidales	Prevotellaceae	Prevotella	sp._HMT_305
306	Bacteria	Bacteroidetes	Bacteroidia	Bacteroidales	Prevotellaceae	Prevotella	sp._HMT_306
307	Bacteria	Bacteroidetes	Bacteroidia	Bacteroidales	Prevotellaceae	Prevotella	salivae
308	Bacteria	Bacteroidetes	Bacteroidia	Bacteroidales	Prevotellaceae	Alloprevotella	sp._HMT_308
309	Bacteria	Bacteroidetes	Bacteroidia	Bacteroidales	Prevotellaceae	Prevotella	sp._HMT_309
311	Bacteria	Bacteroidetes	Bacteroidia	Bacteroidales	Prevotellaceae	Prevotella	oris
312	Bacteria	Firmicutes	Bacilli	Lactobacillales	Aerococcaceae	Aerococcus	viridans
313	Bacteria	Bacteroidetes	Bacteroidia	Bacteroidales	Prevotellaceae	Prevotella	jejuni
314	Bacteria	Bacteroidetes	Bacteroidia	Bacteroidales	Prevotellaceae	Prevotella	sp._HMT_314
315	Bacteria	Bacteroidetes	Bacteroidia	Bacteroidales	Prevotellaceae	Prevotella	sp._HMT_315
316	Bacteria	Proteobacteria	Alphaproteobacteria	Rhodobacterales	Rhodobacteraceae	Haematobacter	missouriensis
317	Bacteria	Bacteroidetes	Bacteroidia	Bacteroidales	Prevotellaceae	Prevotella	sp._HMT_317
318	Bacteria	Bacteroidetes	Sphingobacteriia	Sphingobacteriales	Sphingobacteriaceae	Pedobacter	sp._HMT_318
319	Bacteria	Bacteroidetes	Flavobacteriia	Flavobacteriales	Weeksellaceae	Chryseobacterium	sp._HMT_319
320	Bacteria	Bacteroidetes	Chitinophagia	Chitinophagales	Chitinophagaceae	Flavitalea	sp._HMT_320
321	Bacteria	Bacteroidetes	Sphingobacteriia	Sphingobacteriales	Sphingobacteriaceae	Pedobacter	sp._HMT_321
322	Bacteria	Bacteroidetes	Flavobacteriia	Flavobacteriales	Weeksellaceae	Riemerella	sp._HMT_322
323	Bacteria	Bacteroidetes	Flavobacteriia	Flavobacteriales	Flavobacteriaceae	Capnocytophaga	sp._HMT_323
324	Bacteria	Bacteroidetes	Flavobacteriia	Flavobacteriales	Flavobacteriaceae	Capnocytophaga	sp._HMT_324
325	Bacteria	Bacteroidetes	Flavobacteriia	Flavobacteriales	Flavobacteriaceae	Capnocytophaga	granulosa
326	Bacteria	Bacteroidetes	Flavobacteriia	Flavobacteriales	Flavobacteriaceae	Capnocytophaga	endodontalis
327	Bacteria	Proteobacteria	Betaproteobacteria	Neisseriales	Neisseriaceae	Neisseriaceae_[G-1]	bacterium_HMT_327
328	Bacteria	Actinobacteria	Actinomycetia	Corynebacteriales	Corynebacteriaceae	Corynebacterium	mastitidis
329	Bacteria	Bacteroidetes	Flavobacteriia	Flavobacteriales	Flavobacteriaceae	Capnocytophaga	leadbetteri
330	Bacteria	Proteobacteria	Alphaproteobacteria	Alphaproteobacteria_[O-1]	Alphaproteobacteria_[F-1]	Micavibrio	aeruginosavorus
331	Bacteria	Firmicutes	Bacilli	Bacillales	Staphylococcaceae	Staphylococcus	auricularis
332	Bacteria	Bacteroidetes	Flavobacteriia	Flavobacteriales	Flavobacteriaceae	Capnocytophaga	sp._HMT_332
333	Bacteria	Actinobacteria	Actinomycetia	Corynebacteriales	Corynebacteriaceae	Corynebacterium	massiliense
334	Bacteria	Bacteroidetes	Flavobacteriia	Flavobacteriales	Flavobacteriaceae	Capnocytophaga	sp._HMT_334
335	Bacteria	Bacteroidetes	Flavobacteriia	Flavobacteriales	Flavobacteriaceae	Capnocytophaga	sp._HMT_335
336	Bacteria	Bacteroidetes	Flavobacteriia	Flavobacteriales	Flavobacteriaceae	Capnocytophaga	sp._HMT_336
337	Bacteria	Bacteroidetes	Flavobacteriia	Flavobacteriales	Flavobacteriaceae	Capnocytophaga	gingivalis
338	Bacteria	Bacteroidetes	Flavobacteriia	Flavobacteriales	Flavobacteriaceae	Capnocytophaga	sp._HMT_338
339	Bacteria	Actinobacteria	Actinomycetia	Micrococcales	Intrasporangiaceae	Janibacter	indicus
340	Bacteria	Actinobacteria	Actinomycetia	Micrococcales	Brevibacteriaceae	Brevibacterium	paucivorans
341	Bacteria	Actinobacteria	Actinomycetia	Corynebacteriales	Corynebacteriaceae	Corynebacterium	coyleae
342	Bacteria	Proteobacteria	Alphaproteobacteria	Sphingomonadales	Sphingomonadaceae	Novosphingobium	panipatense
343	Bacteria	Proteobacteria	Betaproteobacteria	Burkholderiales	Alcaligenaceae	Achromobacter	xylosoxidans
344	Bacteria	Proteobacteria	Gammaproteobacteria	Pseudomonadales	Pseudomonadaceae	Pseudomonas	luteola
345	Bacteria	Absconditabacteria_(SR1)	Absconditabacteria_(SR1)_[C-1]	Absconditabacteria_(SR1)_[O-1]	Absconditabacteria_(SR1)_[F-1]	Absconditabacteria_(SR1)_[G-1]	bacterium_HMT_345
346	Bacteria	Saccharibacteria_(TM7)	Saccharibacteria_(TM7)_[C-1]	Saccharibacteria_(TM7)_[O-1]	Saccharibacteria_(TM7)_[F-1]	Saccharibacteria_(TM7)_[G-1]	bacterium_HMT_346
347	Bacteria	Saccharibacteria_(TM7)	Saccharibacteria_(TM7)_[C-1]	Saccharibacteria_(TM7)_[O-1]	Saccharibacteria_(TM7)_[F-1]	Saccharibacteria_(TM7)_[G-1]	bacterium_HMT_347
348	Bacteria	Saccharibacteria_(TM7)	Saccharibacteria_(TM7)_[C-1]	Saccharibacteria_(TM7)_[O-1]	Saccharibacteria_(TM7)_[F-1]	Saccharibacteria_(TM7)_[G-1]	bacterium_HMT_348
349	Bacteria	Saccharibacteria_(TM7)	Saccharibacteria_(TM7)_[C-1]	Saccharibacteria_(TM7)_[O-1]	Saccharibacteria_(TM7)_[F-1]	Saccharibacteria_(TM7)_[G-1]	bacterium_HMT_349
350	Bacteria	Saccharibacteria_(TM7)	Saccharibacteria_(TM7)_[C-1]	Saccharibacteria_(TM7)_[O-1]	Saccharibacteria_(TM7)_[F-1]	Saccharibacteria_(TM7)_[G-2]	bacterium_HMT_350
351	Bacteria	Saccharibacteria_(TM7)	Saccharibacteria_(TM7)_[C-1]	Saccharibacteria_(TM7)_[O-1]	Saccharibacteria_(TM7)_[F-1]	Saccharibacteria_(TM7)_[G-3]	bacterium_HMT_351
352	Bacteria	Saccharibacteria_(TM7)	Saccharibacteria_(TM7)_[C-1]	Saccharibacteria_(TM7)_[O-1]	Saccharibacteria_(TM7)_[F-1]	Saccharibacteria_(TM7)_[G-1]	bacterium_HMT_352
354	Bacteria	Actinobacteria	Actinomycetia	Micrococcales	Dermabacteraceae	Dermabacter	hominis
355	Bacteria	Saccharibacteria_(TM7)	Saccharibacteria_(TM7)_[C-1]	Saccharibacteria_(TM7)_[O-1]	Saccharibacteria_(TM7)_[F-1]	Saccharibacteria_(TM7)_[G-4]	bacterium_HMT_355
356	Bacteria	Saccharibacteria_(TM7)	Saccharibacteria_(TM7)_[C-1]	Saccharibacteria_(TM7)_[O-1]	Saccharibacteria_(TM7)_[F-2]	Saccharibacteria_(TM7)_[G-5]	bacterium_HMT_356
357	Bacteria	Synergistetes	Synergistia	Synergistales	Synergistaceae	Pyramidobacter	piscolens
358	Bacteria	Synergistetes	Synergistia	Synergistales	Synergistaceae	Fretibacterium	sp._HMT_358
359	Bacteria	Synergistetes	Synergistia	Synergistales	Synergistaceae	Fretibacterium	sp._HMT_359
360	Bacteria	Synergistetes	Synergistia	Synergistales	Synergistaceae	Fretibacterium	sp._HMT_360
361	Bacteria	Synergistetes	Synergistia	Synergistales	Synergistaceae	Fretibacterium	sp._HMT_361
362	Bacteria	Synergistetes	Synergistia	Synergistales	Synergistaceae	Fretibacterium	sp._HMT_362
363	Bacteria	Synergistetes	Synergistia	Synergistales	Synergistaceae	Fretibacterium	fastidiosum
365	Bacteria	Bacteroidetes	Bacteroidetes_[C-1]	Bacteroidetes_[O-1]	Bacteroidetes_[F-1]	Bacteroidetes_[G-3]	bacterium_HMT_365
366	Bacteria	Firmicutes	Clostridia	Eubacteriales	Ruminococcaceae	Ruminococcaceae_[G-3]	bacterium_HMT_366
368	Bacteria	Actinobacteria	Actinomycetia	Corynebacteriales	Dietziaceae	Dietzia	cinnamea
369	Bacteria	Firmicutes	Clostridia	Eubacteriales	Peptostreptococcaceae	Peptostreptococcaceae_[G-4]	bacterium_HMT_369
370	Bacteria	Fusobacteria	Fusobacteriia	Fusobacteriales	Fusobacteriaceae	Fusobacterium	sp._HMT_370
373	Bacteria	Firmicutes	Clostridia	Eubacteriales	Lachnospiraceae	Stomatobaculum	sp._HMT_373
375	Bacteria	Firmicutes	Tissierellia	Tissierellales	Peptoniphilaceae	Peptoniphilus	sp._HMT_375
376	Bacteria	Bacteroidetes	Bacteroidia	Bacteroidales	Prevotellaceae	Prevotella	sp._HMT_376
377	Bacteria	Firmicutes	Clostridia	Eubacteriales	Peptostreptococcaceae	Peptostreptococcaceae_[G-7]	[Eubacterium]_yurii_subsps._yurii_&_margaretiae
378	Bacteria	Bacteroidetes	Bacteroidia	Bacteroidales	Prevotellaceae	Prevotella	micans
380	Bacteria	Bacteroidetes	Flavobacteriia	Flavobacteriales	Flavobacteriaceae	Capnocytophaga	sp._HMT_380
381	Bacteria	Firmicutes	Clostridia	Eubacteriales	Ruminococcaceae	Ruminococcaceae_[G-3]	bacterium_HMT_381
382	Bacteria	Firmicutes	Clostridia	Eubacteriales	Peptostreptococcaceae	Peptostreptococcaceae_[G-8]	bacterium_HMT_382
383	Bacteria	Firmicutes	Clostridia	Eubacteriales	Peptostreptococcaceae	Peptostreptococcaceae_[G-1]	bacterium_HMT_383
386	Bacteria	Firmicutes	Tissierellia	Tissierellales	Peptoniphilaceae	Peptoniphilus	sp._HMT_386
388	Bacteria	Firmicutes	Negativicutes	Selenomonadales	Selenomonadaceae	Selenomonas	sp._HMT_388
389	Bacteria	Firmicutes	Bacilli	Lactobacillales	Aerococcaceae	Abiotrophia	defectiva
392	Bacteria	Fusobacteria	Fusobacteriia	Fusobacteriales	Leptotrichiaceae	Leptotrichia	sp._HMT_392
393	Bacteria	Firmicutes	Tissierellia	Tissierellales	Peptoniphilaceae	Parvimonas	sp._HMT_393
396	Bacteria	Bacteroidetes	Bacteroidia	Bacteroidales	Prevotellaceae	Prevotella	sp._HMT_396
398	Bacteria	Firmicutes	Bacilli	Lactobacillales	Streptococcaceae	Streptococcus	oralis_subsp._dentisani_clade_398
402	Bacteria	Firmicutes	Clostridia	Eubacteriales	Clostridiales_[F-1]	Clostridiales_[F-1][G-2]	bacterium_HMT_402
406	Bacteria	Proteobacteria	Betaproteobacteria	Burkholderiales	Burkholderiaceae	Ralstonia	sp._HMT_406
407	Bacteria	Actinobacteria	Actinomycetia	Bifidobacteriales	Bifidobacteriaceae	Aeriscardovia	bacterium_HMT_407
408	Bacteria	Proteobacteria	Gammaproteobacteria	Pseudomonadales	Moraxellaceae	Acinetobacter	sp._HMT_408
411	Bacteria	Firmicutes	Bacilli	Lactobacillales	Streptococcaceae	Streptococcus	parasanguinis_clade_411
412	Bacteria	Bacteroidetes	Flavobacteriia	Flavobacteriales	Flavobacteriaceae	Capnocytophaga	sp._HMT_412
414	Bacteria	Actinobacteria	Actinomycetia	Actinomycetales	Actinomycetaceae	Actinomyces	sp._HMT_414
416	Bacteria	Actinobacteria	Coriobacteriia	Coriobacteriales	Coriobacteriaceae	Fannyhessea	sp._HMT_416
417	Bacteria	Fusobacteria	Fusobacteriia	Fusobacteriales	Leptotrichiaceae	Leptotrichia	sp._HMT_417
418	Bacteria	Firmicutes	Bacilli	Lactobacillales	Lactobacillaceae	Lentilactobacillus	parafarraginis
419	Bacteria	Firmicutes	Clostridia	Eubacteriales	Lachnospiraceae	Stomatobaculum	longum
420	Bacteria	Fusobacteria	Fusobacteriia	Fusobacteriales	Fusobacteriaceae	Fusobacterium	nucleatum_subsp._animalis
422	Bacteria	Bacteroidetes	Flavobacteriia	Flavobacteriales	Weeksellaceae	Cloacibacterium	normanense
423	Bacteria	Firmicutes	Bacilli	Lactobacillales	Streptococcaceae	Streptococcus	sp._HMT_423
424	Bacteria	Firmicutes	Bacilli	Lactobacillales	Lactobacillaceae	Lentilactobacillus	kisonensis
431	Bacteria	Firmicutes	Bacilli	Lactobacillales	Streptococcaceae	Streptococcus	infantis_clade_431
435	Bacteria	Firmicutes	Clostridia	Eubacteriales	Syntrophomonadaceae_[VIII]	Syntrophomonadaceae_[VIII][G-1]	bacterium_HMT_435
436	Bacteria	Bacteroidetes	Bacteroidetes_[C-1]	Bacteroidetes_[O-1]	Bacteroidetes_[F-1]	Bacteroidetes_[G-3]	bacterium_HMT_436
439	Bacteria	Chloroflexi	Anaerolineae	Anaerolineales	Anaerolineaceae	Anaerolineae_[G-1]	bacterium_HMT_439
442	Bacteria	Firmicutes	Negativicutes	Selenomonadales	Selenomonadaceae	Selenomonas	sp._HMT_442
443	Bacteria	Bacteroidetes	Bacteroidia	Bacteroidales	Prevotellaceae	Prevotella	sp._HMT_443
448	Bacteria	Actinobacteria	Actinomycetia	Actinomycetales	Actinomycetaceae	Actinomyces	sp._HMT_448
451	Bacteria	Firmicutes	Clostridia	Eubacteriales	Lachnospiraceae	Catonella	sp._HMT_451
455	Bacteria	Firmicutes	Clostridia	Eubacteriales	Lachnospiraceae	Butyrivibrio	sp._HMT_455
457	Bacteria	Firmicutes	Clostridia	Eubacteriales	Lachnospiraceae	Oribacterium	sinus
458	Bacteria	Proteobacteria	Gammaproteobacteria	Pasteurellales	Pasteurellaceae	Aggregatibacter	sp._HMT_458
459	Bacteria	Proteobacteria	Betaproteobacteria	Neisseriales	Neisseriaceae	Kingella	sp._HMT_459
461	Bacteria	Firmicutes	Bacilli	Lactobacillales	Lactobacillaceae	Lactobacillus	ultunensis
463	Bacteria	Fusobacteria	Fusobacteriia	Fusobacteriales	Leptotrichiaceae	Leptotrichia	sp._HMT_463
465	Bacteria	Bacteroidetes	Bacteroidia	Bacteroidales	Bacteroidaceae	Bacteroides	zoogleoformans
466	Bacteria	Bacteroidetes	Bacteroidia	Bacteroidales	Prevotellaceae	Alloprevotella	tannerae
467	Bacteria	Firmicutes	Clostridia	Eubacteriales	Peptostreptococcaceae	Peptostreptococcaceae_[G-1]	[Eubacterium]_sulci
468	Bacteria	Firmicutes	Bacilli	Bacillales	Bacillaceae	Bacillus	subtilis
469	Bacteria	Bacteroidetes	Bacteroidia	Bacteroidales	Prevotellaceae	Prevotella	melaninogenica
472	Bacteria	Bacteroidetes	Bacteroidia	Bacteroidales	Prevotellaceae	Prevotella	sp._HMT_472
473	Bacteria	Bacteroidetes	Bacteroidia	Bacteroidales	Prevotellaceae	Alloprevotella	sp._HMT_473
475	Bacteria	Bacteroidetes	Bacteroidia	Bacteroidales	Prevotellaceae	Prevotella	sp._HMT_475
476	Bacteria	Proteobacteria	Betaproteobacteria	Neisseriales	Neisseriaceae	Neisseria	subflava
477	Bacteria	Proteobacteria	Gammaproteobacteria	Pseudomonadales	Pseudomonadaceae	Pseudomonas	stutzeri
478	Bacteria	Firmicutes	Negativicutes	Selenomonadales	Selenomonadaceae	Selenomonas	sp._HMT_478
479	Bacteria	Firmicutes	Negativicutes	Selenomonadales	Selenomonadaceae	Selenomonas	sp._HMT_479
481	Bacteria	Firmicutes	Negativicutes	Selenomonadales	Selenomonadaceae	Selenomonas	sp._HMT_481
483	Bacteria	Firmicutes	Negativicutes	Selenomonadales	Selenomonadaceae	Veillonellaceae_[G-1]	bacterium_HMT_483
484	Bacteria	Firmicutes	Erysipelotrichia	Erysipelotrichales	Erysipelotrichaceae	Erysipelothrix	tonsillarum
485	Bacteria	Proteobacteria	Alphaproteobacteria	Hyphomicrobiales	Rhizobiaceae	Agrobacterium	tumefaciens
488	Bacteria	Saccharibacteria_(TM7)	Saccharibacteria_(TM7)_[C-1]	Saccharibacteria_(TM7)_[O-1]	Saccharibacteria_(TM7)_[F-1]	Saccharibacteria_(TM7)_[G-1]	bacterium_HMT_488
490	Bacteria	Spirochaetes	Spirochaetia	Spirochaetales	Treponemataceae	Treponema	sp._HMT_490
493	Bacteria	Firmicutes	Clostridia	Eubacteriales	Peptostreptococcaceae	Peptostreptococcaceae_[G-5]	bacterium_HMT_493
494	Bacteria	Firmicutes	Clostridia	Eubacteriales	Lachnospiraceae	Lachnoanaerobaculum	saburreum
495	Bacteria	Firmicutes	Clostridia	Eubacteriales	Peptostreptococcaceae	Peptostreptococcaceae_[G-3]	bacterium_HMT_495
496	Bacteria	Firmicutes	Clostridia	Eubacteriales	Lachnospiraceae	Lachnoanaerobaculum	sp._HMT_496
498	Bacteria	Fusobacteria	Fusobacteriia	Fusobacteriales	Leptotrichiaceae	Leptotrichia	sp._HMT_498
499	Bacteria	Proteobacteria	Betaproteobacteria	Neisseriales	Neisseriaceae	Neisseria	sp._HMT_499
500	Bacteria	Firmicutes	Clostridia	Eubacteriales	Lachnospiraceae	Lachnospiraceae_[G-8]	bacterium_HMT_500
501	Bacteria	Firmicutes	Negativicutes	Selenomonadales	Selenomonadaceae	Selenomonas	sp._HMT_501
503	Bacteria	Bacteroidetes	Bacteroidetes_[C-1]	Bacteroidetes_[O-1]	Bacteroidetes_[F-1]	Bacteroidetes_[G-3]	bacterium_HMT_503
504	Bacteria	Tenericutes	Mollicutes	Mollicutes_[O-1]	Mollicutes_[F-1]	Mollicutes_[G-1]	bacterium_HMT_504
505	Bacteria	Bacteroidetes	Bacteroidetes_[C-1]	Bacteroidetes_[O-1]	Bacteroidetes_[F-1]	Bacteroidetes_[G-5]	bacterium_HMT_505
507	Bacteria	Bacteroidetes	Bacteroidetes_[C-1]	Bacteroidetes_[O-1]	Bacteroidetes_[F-1]	Bacteroidetes_[G-5]	bacterium_HMT_507
508	Bacteria	Spirochaetes	Spirochaetia	Spirochaetales	Treponemataceae	Treponema	sp._HMT_508
509	Bacteria	Bacteroidetes	Bacteroidetes_[C-1]	Bacteroidetes_[O-1]	Bacteroidetes_[F-1]	Bacteroidetes_[G-4]	bacterium_HMT_509
511	Bacteria	Bacteroidetes	Bacteroidetes_[C-1]	Bacteroidetes_[O-1]	Bacteroidetes_[F-1]	Bacteroidetes_[G-5]	bacterium_HMT_511
512	Bacteria	Proteobacteria	Gammaproteobacteria	Pasteurellales	Pasteurellaceae	Aggregatibacter	sp._HMT_512
513	Bacteria	Proteobacteria	Gammaproteobacteria	Pasteurellales	Pasteurellaceae	Aggregatibacter	sp._HMT_513
515	Bacteria	Bacteroidetes	Bacteroidia	Bacteroidales	Prevotellaceae	Prevotella	sp._HMT_515
516	Bacteria	Bacteroidetes	Bacteroidia	Bacteroidales	Odoribacteraceae	Odoribacter	bacterium_HMT_516
517	Bacteria	Spirochaetes	Spirochaetia	Spirochaetales	Treponemataceae	Treponema	sp._HMT_517
518	Bacteria	Spirochaetes	Spirochaetia	Spirochaetales	Treponemataceae	Treponema	sp._HMT_518
521	Bacteria	Firmicutes	Negativicutes	Selenomonadales	Selenomonadaceae	Mitsuokella	sp._HMT_521
523	Bacteria	Proteobacteria	Betaproteobacteria	Neisseriales	Neisseriaceae	Neisseria	sp._HMT_523
524	Bacteria	Firmicutes	Negativicutes	Veillonellales	Veillonellaceae	Veillonella	atypica
525	Bacteria	Actinobacteria	Actinomycetia	Actinomycetales	Actinomycetaceae	Actinomyces	sp._HMT_525
526	Bacteria	Bacteroidetes	Bacteroidia	Bacteroidales	Prevotellaceae	Prevotella	koreensis
529	Bacteria	Firmicutes	Bacilli	Lactobacillales	Lactobacillaceae	Lactobacillus	acidophilus
530	Bacteria	Actinobacteria	Actinomycetia	Propionibacteriales	Propionibacteriaceae	Cutibacterium	acnes
531	Bacteria	Proteobacteria	Gammaproteobacteria	Pasteurellales	Pasteurellaceae	Aggregatibacter	actinomycetemcomitans
534	Bacteria	Firmicutes	Bacilli	Lactobacillales	Carnobacteriaceae	Granulicatella	adiacens
535	Bacteria	Proteobacteria	Gammaproteobacteria	Pasteurellales	Pasteurellaceae	Haemophilus	aegyptius
536	Bacteria	Proteobacteria	Gammaproteobacteria	Pseudomonadales	Pseudomonadaceae	Pseudomonas	aeruginosa
537	Bacteria	Firmicutes	Bacilli	Lactobacillales	Streptococcaceae	Streptococcus	agalactiae
538	Bacteria	Firmicutes	Clostridia	Eubacteriales	Eubacteriaceae	Pseudoramibacter	alactolyticus
539	Bacteria	Firmicutes	Clostridia	Eubacteriales	Peptostreptococcaceae	Filifactor	alocis
540	Bacteria	Proteobacteria	Gammaproteobacteria	Cardiobacteriales	Cardiobacteriaceae	Cardiobacterium	valvarum
541	Bacteria	Spirochaetes	Spirochaetia	Spirochaetales	Treponemataceae	Treponema	amylovorum
542	Bacteria	Firmicutes	Clostridia	Eubacteriales	Peptostreptococcaceae	Peptostreptococcus	anaerobius
543	Bacteria	Firmicutes	Bacilli	Lactobacillales	Streptococcaceae	Streptococcus	anginosus
544	Bacteria	Proteobacteria	Alphaproteobacteria	Hyphomicrobiales	Brucellaceae	Brucella	anthropi
545	Bacteria	Proteobacteria	Gammaproteobacteria	Pasteurellales	Pasteurellaceae	Aggregatibacter	aphrophilus
547	Bacteria	Bacteroidetes	Bacteroidia	Bacteroidales	Porphyromonadaceae	Porphyromonas	asaccharolytica
548	Bacteria	Firmicutes	Tissierellia	Tissierellales	Peptoniphilaceae	Peptoniphilus	asaccharolyticus
550	Bacteria	Firmicutes	Bacilli	Bacillales	Staphylococcaceae	Staphylococcus	aureus
552	Bacteria	Actinobacteria	Actinomycetia	Propionibacteriales	Propionibacteriaceae	Cutibacterium	avidum
553	Bacteria	Bacteroidetes	Bacteroidia	Bacteroidales	Prevotellaceae	Prevotella	baroniae
554	Bacteria	Proteobacteria	Gammaproteobacteria	Pseudomonadales	Moraxellaceae	Acinetobacter	baumannii
555	Bacteria	Firmicutes	Bacilli	Bacillales	Gemellaceae	Gemella	bergeri
556	Bacteria	Bacteroidetes	Bacteroidia	Bacteroidales	Prevotellaceae	Prevotella	bivia
557	Bacteria	Firmicutes	Clostridia	Eubacteriales	Peptostreptococcaceae	Peptostreptococcaceae_[G-9]	[Eubacterium]_brachy
558	Bacteria	Firmicutes	Bacilli	Lactobacillales	Lactobacillaceae	Levilactobacillus	brevis
559	Bacteria	Proteobacteria	Alphaproteobacteria	Hyphomicrobiales	Bradyrhizobiaceae	Afipia	broomeae
560	Bacteria	Bacteroidetes	Bacteroidia	Bacteroidales	Prevotellaceae	Prevotella	buccae
561	Bacteria	Tenericutes	Mollicutes	Mycoplasmatales	Mycoplasmataceae	Mycoplasma	buccale
562	Bacteria	Bacteroidetes	Bacteroidia	Bacteroidales	Prevotellaceae	Prevotella	buccalis
563	Bacteria	Fusobacteria	Fusobacteriia	Fusobacteriales	Leptotrichiaceae	Leptotrichia	buccalis
565	Bacteria	Proteobacteria	Gammaproteobacteria	Enterobacterales	Enterobacteriaceae	Enterobacter	cancerogenus
567	Bacteria	Firmicutes	Bacilli	Bacillales	Staphylococcaceae	Staphylococcus	caprae
568	Bacteria	Firmicutes	Bacilli	Lactobacillales	Lactobacillaceae	Lacticaseibacillus	casei
569	Bacteria	Firmicutes	Erysipelotrichia	Erysipelotrichales	Coprobacillaceae	Eggerthia	catenaformis
571	Bacteria	Proteobacteria	Betaproteobacteria	Burkholderiales	Burkholderiaceae	Burkholderia	cepacia
572	Bacteria	Bacteroidetes	Bacteroidia	Bacteroidales	Prevotellaceae	Prevotella	veroralis
574	Bacteria	Proteobacteria	Gammaproteobacteria	Enterobacterales	Enterobacteriaceae	Escherichia	coli
575	Bacteria	Proteobacteria	Epsilonproteobacteria	Campylobacterales	Campylobacteraceae	Campylobacter	concisus
576	Bacteria	Firmicutes	Bacilli	Lactobacillales	Streptococcaceae	Streptococcus	constellatus
577	Bacteria	Proteobacteria	Betaproteobacteria	Neisseriales	Neisseriaceae	Eikenella	corrodens
578	Bacteria	Firmicutes	Bacilli	Lactobacillales	Streptococcaceae	Streptococcus	cristatus_clade_578
579	Bacteria	Actinobacteria	Coriobacteriia	Eggerthellales	Eggerthellaceae	Cryptobacterium	curtum
580	Bacteria	Proteobacteria	Epsilonproteobacteria	Campylobacterales	Campylobacteraceae	Campylobacter	curvus
582	Bacteria	Proteobacteria	Betaproteobacteria	Neisseriales	Neisseriaceae	Kingella	denitrificans
583	Bacteria	Bacteroidetes	Bacteroidia	Bacteroidales	Prevotellaceae	Prevotella	dentalis
584	Bacteria	Spirochaetes	Spirochaetia	Spirochaetales	Treponemataceae	Treponema	denticola
586	Bacteria	Actinobacteria	Actinomycetia	Bifidobacteriales	Bifidobacteriaceae	Parascardovia	denticolens
587	Bacteria	Actinobacteria	Actinomycetia	Micrococcales	Micrococcaceae	Rothia	dentocariosa
588	Bacteria	Actinobacteria	Actinomycetia	Bifidobacteriales	Bifidobacteriaceae	Bifidobacterium	dentium
590	Bacteria	Proteobacteria	Alphaproteobacteria	Caulobacterales	Caulobacteraceae	Brevundimonas	diminuta
591	Bacteria	Actinobacteria	Actinomycetia	Corynebacteriales	Corynebacteriaceae	Corynebacterium	diphtheriae
593	Bacteria	Firmicutes	Clostridia	Eubacteriales	Peptostreptococcaceae	Mogibacterium	diversum
594	Bacteria	Firmicutes	Bacilli	Lactobacillales	Streptococcaceae	Streptococcus	downei
595	Bacteria	Actinobacteria	Actinomycetia	Corynebacteriales	Corynebacteriaceae	Corynebacterium	durum
596	Bacteria	Firmicutes	Bacilli	Lactobacillales	Carnobacteriaceae	Granulicatella	elegans
597	Bacteria	Proteobacteria	Alphaproteobacteria	Hyphomicrobiales	Bradyrhizobiaceae	Bradyrhizobium	elkanii
598	Bacteria	Proteobacteria	Betaproteobacteria	Neisseriales	Neisseriaceae	Neisseria	elongata
600	Bacteria	Bacteroidetes	Bacteroidia	Bacteroidales	Prevotellaceae	Prevotella	enoeca
601	Bacteria	Firmicutes	Bacilli	Bacillales	Staphylococcaceae	Staphylococcus	epidermidis
602	Bacteria	Actinobacteria	Coriobacteriia	Eggerthellales	Eggerthellaceae	Slackia	exigua
603	Bacteria	Firmicutes	Erysipelotrichia	Erysipelotrichales	Erysipelotrichaceae	Bulleidia	extructa
604	Bacteria	Firmicutes	Bacilli	Lactobacillales	Enterococcaceae	Enterococcus	faecalis
605	Bacteria	Proteobacteria	Deltaproteobacteria	Desulfovibrionales	Desulfovibrionaceae	Desulfovibrio	fairfieldensis
606	Bacteria	Tenericutes	Mollicutes	Mycoplasmatales	Mycoplasmataceae	Mycoplasma	faucium
607	Bacteria	Tenericutes	Mollicutes	Mycoplasmatales	Mycoplasmataceae	Mycoplasmopsis	fermentans
608	Bacteria	Firmicutes	Bacilli	Lactobacillales	Lactobacillaceae	Limosilactobacillus	fermentum
609	Bacteria	Proteobacteria	Betaproteobacteria	Neisseriales	Neisseriaceae	Neisseria	flava
610	Bacteria	Proteobacteria	Betaproteobacteria	Neisseriales	Neisseriaceae	Neisseria	flavescens
612	Bacteria	Proteobacteria	Gammaproteobacteria	Pseudomonadales	Pseudomonadaceae	Pseudomonas	fluorescens
613	Bacteria	Bacteroidetes	Bacteroidia	Bacteroidales	Tannerellaceae	Tannerella	forsythia
614	Bacteria	Firmicutes	Bacilli	Bacillales	Bacillaceae	Lysinibacillus	fusiformis
615	Bacteria	Firmicutes	Bacilli	Lactobacillales	Lactobacillaceae	Lactobacillus	gasseri
616	Bacteria	Tenericutes	Mollicutes	Mycoplasmatales	Mycoplasmataceae	Mycoplasma	genitalium
617	Bacteria	Actinobacteria	Actinomycetia	Actinomycetales	Actinomycetaceae	Schaalia	georgiae
618	Bacteria	Actinobacteria	Actinomycetia	Actinomycetales	Actinomycetaceae	Actinomyces	gerencseriae
619	Bacteria	Bacteroidetes	Bacteroidia	Bacteroidales	Porphyromonadaceae	Porphyromonas	gingivalis
621	Bacteria	Proteobacteria	Betaproteobacteria	Neisseriales	Neisseriaceae	Neisseria	gonorrhoeae
622	Bacteria	Firmicutes	Bacilli	Lactobacillales	Streptococcaceae	Streptococcus	gordonii
623	Bacteria	Proteobacteria	Epsilonproteobacteria	Campylobacterales	Campylobacteraceae	Campylobacter	gracilis
626	Bacteria	Firmicutes	Bacilli	Bacillales	Gemellaceae	Gemella	haemolysans
627	Bacteria	Bacteroidetes	Flavobacteriia	Flavobacteriales	Flavobacteriaceae	Capnocytophaga	haemolytica
630	Bacteria	Bacteroidetes	Bacteroidia	Bacteroidales	Bacteroidaceae	Bacteroides	heparinolyticus
632	Bacteria	Tenericutes	Mollicutes	Mycoplasmatales	Mycoplasmataceae	Mycoplasma	hominis
633	Bacteria	Proteobacteria	Gammaproteobacteria	Cardiobacteriales	Cardiobacteriaceae	Cardiobacterium	hominis
634	Bacteria	Proteobacteria	Gammaproteobacteria	Enterobacterales	Enterobacteriaceae	Enterobacter	hormaechei
635	Bacteria	Firmicutes	Clostridia	Eubacteriales	Lachnospiraceae	Johnsonella	ignava
636	Bacteria	Proteobacteria	Alphaproteobacteria	Hyphomicrobiales	Boseaceae	Bosea	vestrisii
638	Bacteria	Firmicutes	Bacilli	Lactobacillales	Streptococcaceae	Streptococcus	infantis_clade_638
639	Bacteria	Firmicutes	Negativicutes	Selenomonadales	Selenomonadaceae	Selenomonas	infelix
641	Bacteria	Proteobacteria	Gammaproteobacteria	Pasteurellales	Pasteurellaceae	Haemophilus	influenzae
642	Bacteria	Actinobacteria	Actinomycetia	Bifidobacteriales	Bifidobacteriaceae	Scardovia	inopinata
643	Bacteria	Bacteroidetes	Bacteroidia	Bacteroidales	Prevotellaceae	Prevotella	intermedia
644	Bacteria	Firmicutes	Bacilli	Lactobacillales	Streptococcaceae	Streptococcus	intermedius
645	Bacteria	Actinobacteria	Actinomycetia	Actinomycetales	Actinomycetaceae	Actinomyces	israelii
646	Bacteria	Proteobacteria	Betaproteobacteria	Neisseriales	Neisseriaceae	Kingella	kingae
649	Bacteria	Proteobacteria	Betaproteobacteria	Neisseriales	Neisseriaceae	Neisseria	lactamica
652	Bacteria	Proteobacteria	Alphaproteobacteria	Hyphomicrobiales	Bradyrhizobiaceae	Rhodopseudomonas	telluris
653	Bacteria	Spirochaetes	Spirochaetia	Spirochaetales	Treponemataceae	Treponema	lecithinolyticum
654	Bacteria	Actinobacteria	Coriobacteriia	Eggerthellales	Eggerthellaceae	Eggerthella	lenta
655	Bacteria	Firmicutes	Clostridia	Eubacteriales	Eubacteriaceae	Eubacterium	limosum
656	Bacteria	Tenericutes	Mollicutes	Mycoplasmatales	Mycoplasmataceae	Mycoplasmopsis	lipophila
658	Bacteria	Bacteroidetes	Bacteroidia	Bacteroidales	Prevotellaceae	Prevotella	loescheii
659	Bacteria	Proteobacteria	Alphaproteobacteria	Hyphomicrobiales	Phyllobacteriaceae	Mesorhizobium	japonicum
660	Bacteria	Proteobacteria	Alphaproteobacteria	Hyphomicrobiales	Phyllobacteriaceae	Aquamicrobium	lusatiense
662	Bacteria	Firmicutes	Tissierellia	Tissierellales	Peptoniphilaceae	Finegoldia	magna
663	Bacteria	Proteobacteria	Gammaproteobacteria	Xanthomonadales	Xanthomonadaceae	Stenotrophomonas	maltophilia
664	Bacteria	Spirochaetes	Spirochaetia	Spirochaetales	Treponemataceae	Treponema	maltophilum
665	Bacteria	Bacteroidetes	Bacteroidia	Bacteroidales	Prevotellaceae	Prevotella	marshii
666	Bacteria	Actinobacteria	Actinomycetia	Corynebacteriales	Corynebacteriaceae	Corynebacterium	matruchotii
667	Bacteria	Spirochaetes	Spirochaetia	Spirochaetales	Treponemataceae	Treponema	medium
669	Bacteria	Proteobacteria	Betaproteobacteria	Neisseriales	Neisseriaceae	Neisseria	meningitidis
671	Bacteria	Actinobacteria	Actinomycetia	Actinomycetales	Actinomycetaceae	Schaalia	meyeri
673	Bacteria	Firmicutes	Clostridia	Eubacteriales	Peptostreptococcaceae	Peptostreptococcaceae_[G-6]	[Eubacterium]_minutum
674	Bacteria	Actinobacteria	Coriobacteriia	Coriobacteriales	Atopobiaceae	Atopobium	minutum
676	Bacteria	Proteobacteria	Gammaproteobacteria	Enterobacterales	Morganellaceae	Proteus	mirabilis
677	Bacteria	Firmicutes	Bacilli	Lactobacillales	Streptococcaceae	Streptococcus	mitis
678	Bacteria	Firmicutes	Erysipelotrichia	Erysipelotrichales	Erysipelotrichaceae	Solobacterium	moorei
681	Bacteria	Actinobacteria	Actinomycetia	Micrococcales	Micrococcaceae	Rothia	mucilaginosa
682	Bacteria	Proteobacteria	Betaproteobacteria	Neisseriales	Neisseriaceae	Neisseria	mucosa
683	Bacteria	Proteobacteria	Betaproteobacteria	Neisseriales	Neisseriaceae	Simonsiella	muelleri
684	Bacteria	Firmicutes	Negativicutes	Selenomonadales	Selenomonadaceae	Mitsuokella	multacida
685	Bacteria	Bacteroidetes	Bacteroidia	Bacteroidales	Prevotellaceae	Prevotella	multiformis
686	Bacteria	Firmicutes	Bacilli	Lactobacillales	Streptococcaceae	Streptococcus	mutans
688	Bacteria	Actinobacteria	Actinomycetia	Actinomycetales	Actinomycetaceae	Actinomyces	viscosus
689	Bacteria	Fusobacteria	Fusobacteriia	Fusobacteriales	Fusobacteriaceae	Fusobacterium	naviforme
690	Bacteria	Fusobacteria	Fusobacteriia	Fusobacteriales	Fusobacteriaceae	Fusobacterium	necrophorum
691	Bacteria	Firmicutes	Clostridia	Eubacteriales	Peptostreptococcaceae	Mogibacterium	neglectum
692	Bacteria	Actinobacteria	Actinomycetia	Corynebacteriales	Mycobacteriaceae	Mycolicibacterium	neoaurum
693	Bacteria	Bacteroidetes	Bacteroidia	Bacteroidales	Prevotellaceae	Prevotella	nigrescens
694	Bacteria	Firmicutes	Clostridia	Eubacteriales	Peptostreptococcaceae	Peptostreptococcaceae_[G-6]	[Eubacterium]_nodatum
698	Bacteria	Fusobacteria	Fusobacteriia	Fusobacteriales	Fusobacteriaceae	Fusobacterium	nucleatum_subsp._nucleatum
700	Bacteria	Bacteroidetes	Flavobacteriia	Flavobacteriales	Flavobacteriaceae	Capnocytophaga	ochracea
701	Bacteria	Actinobacteria	Actinomycetia	Actinomycetales	Actinomycetaceae	Schaalia	odontolytica
703	Bacteria	Proteobacteria	Deltaproteobacteria	Desulfovibrionales	Desulfomicrobiaceae	Desulfomicrobium	orale
704	Bacteria	Tenericutes	Mollicutes	Mycoplasmatales	Mycoplasmataceae	Mycoplasma	orale
705	Bacteria	Bacteroidetes	Bacteroidia	Bacteroidales	Prevotellaceae	Prevotella	oralis
706	Bacteria	Proteobacteria	Betaproteobacteria	Neisseriales	Neisseriaceae	Kingella	oralis
707	Bacteria	Firmicutes	Bacilli	Lactobacillales	Streptococcaceae	Streptococcus	oralis_subsp._oralis
708	Bacteria	Actinobacteria	Actinomycetia	Actinomycetales	Actinomycetaceae	Actinomyces	oricola
709	Bacteria	Firmicutes	Bacilli	Lactobacillales	Lactobacillaceae	Limosilactobacillus	oris
711	Bacteria	Proteobacteria	Gammaproteobacteria	Pseudomonadales	Moraxellaceae	Moraxella	osloensis
714	Bacteria	Bacteroidetes	Bacteroidia	Bacteroidales	Prevotellaceae	Prevotella	pallens
716	Bacteria	Firmicutes	Bacilli	Lactobacillales	Lactobacillaceae	Lacticaseibacillus	paracasei
717	Bacteria	Proteobacteria	Betaproteobacteria	Burkholderiales	Comamonadaceae	Variovorax	paradoxus
718	Bacteria	Proteobacteria	Gammaproteobacteria	Pasteurellales	Pasteurellaceae	Haemophilus	parainfluenzae
720	Bacteria	Proteobacteria	Gammaproteobacteria	Pasteurellales	Pasteurellaceae	Aggregatibacter	paraphrophilus
721	Bacteria	Firmicutes	Bacilli	Lactobacillales	Streptococcaceae	Streptococcus	parasanguinis_clade_721
723	Bacteria	Actinobacteria	Coriobacteriia	Coriobacteriales	Atopobiaceae	Lancefieldella	parvula
724	Bacteria	Spirochaetes	Spirochaetia	Spirochaetales	Treponemataceae	Treponema	parvum
725	Bacteria	Spirochaetes	Spirochaetia	Spirochaetales	Treponemataceae	Treponema	pectinovorum
726	Bacteria	Firmicutes	Negativicutes	Selenomonadales	Selenomonadaceae	Centipeda	periodontii
728	Bacteria	Firmicutes	Bacilli	Lactobacillales	Streptococcaceae	Streptococcus	peroris
731	Bacteria	Proteobacteria	Gammaproteobacteria	Enterobacterales	Enterobacteriaceae	Klebsiella	pneumoniae
732	Bacteria	Tenericutes	Mollicutes	Mycoplasmatales	Mycoplasmataceae	Mycoplasma	pneumoniae
733	Bacteria	Chlamydiae	Chlamydiia	Chlamydiales	Chlamydiaceae	Chlamydia	pneumoniae
734	Bacteria	Firmicutes	Bacilli	Lactobacillales	Streptococcaceae	Streptococcus	pneumoniae
736	Bacteria	Firmicutes	Negativicutes	Veillonellales	Veillonellaceae	Dialister	pneumosintes
737	Bacteria	Proteobacteria	Betaproteobacteria	Neisseriales	Neisseriaceae	Neisseria	polysaccharea
738	Bacteria	Firmicutes	Tissierellia	Tissierellales	Peptoniphilaceae	Anaerococcus	prevotii
739	Bacteria	Actinobacteria	Actinomycetia	Propionibacteriales	Propionibacteriaceae	Arachnia	propionica
740	Bacteria	Proteobacteria	Gammaproteobacteria	Pseudomonadales	Pseudomonadaceae	Pseudomonas	oleovorans
742	Bacteria	Firmicutes	Clostridia	Eubacteriales	Peptostreptococcaceae	Mogibacterium	pumilum
743	Bacteria	Spirochaetes	Spirochaetia	Spirochaetales	Treponemataceae	Treponema	putidum
745	Bacteria	Firmicutes	Bacilli	Lactobacillales	Streptococcaceae	Streptococcus	pyogenes
746	Bacteria	Actinobacteria	Actinomycetia	Actinomycetales	Actinomycetaceae	Actinomyces	radicidentis
747	Bacteria	Proteobacteria	Alphaproteobacteria	Sphingomonadales	Erythrobacteraceae	Erythrobacter	ramosus
748	Bacteria	Proteobacteria	Epsilonproteobacteria	Campylobacterales	Campylobacteraceae	Campylobacter	rectus
749	Bacteria	Firmicutes	Bacilli	Lactobacillales	Lactobacillaceae	Lacticaseibacillus	rhamnosus
750	Bacteria	Actinobacteria	Coriobacteriia	Coriobacteriales	Atopobiaceae	Lancefieldella	rimae
753	Bacteria	Proteobacteria	Gammaproteobacteria	Enterobacterales	Enterobacteriaceae	Cronobacter	sakazakii
754	Bacteria	Tenericutes	Mollicutes	Mycoplasmatales	Mycoplasmataceae	Mycoplasma	salivarium
755	Bacteria	Firmicutes	Bacilli	Lactobacillales	Streptococcaceae	Streptococcus	salivarius
756	Bacteria	Firmicutes	Bacilli	Lactobacillales	Lactobacillaceae	Ligilactobacillus	salivarius
757	Bacteria	Firmicutes	Bacilli	Bacillales	Gemellaceae	Gemella	sanguinis
758	Bacteria	Firmicutes	Bacilli	Lactobacillales	Streptococcaceae	Streptococcus	sanguinis
759	Bacteria	Firmicutes	Clostridia	Eubacteriales	Peptostreptococcaceae	Peptostreptococcaceae_[G-5]	[Eubacterium]_saphenum
762	Bacteria	Proteobacteria	Gammaproteobacteria	Pasteurellales	Pasteurellaceae	Aggregatibacter	segnis
763	Bacteria	Proteobacteria	Epsilonproteobacteria	Campylobacterales	Campylobacteraceae	Campylobacter	showae
764	Bacteria	Proteobacteria	Betaproteobacteria	Neisseriales	Neisseriaceae	Neisseria	sicca
767	Bacteria	Firmicutes	Bacilli	Lactobacillales	Streptococcaceae	Streptococcus	sinensis
768	Bacteria	Firmicutes	Bacilli	Lactobacillales	Streptococcaceae	Streptococcus	sobrinus
769	Bacteria	Spirochaetes	Spirochaetia	Spirochaetales	Treponemataceae	Treponema	socranskii
775	Bacteria	Bacteroidetes	Flavobacteriia	Flavobacteriales	Flavobacteriaceae	Capnocytophaga	sputigena
776	Bacteria	Proteobacteria	Epsilonproteobacteria	Campylobacterales	Campylobacteraceae	Campylobacter	sputorum
777	Bacteria	Synergistetes	Synergistia	Synergistales	Synergistaceae	Jonquetella	anthropi
780	Bacteria	Firmicutes	Negativicutes	Veillonellales	Veillonellaceae	Veillonella	sp._HMT_780
781	Bacteria	Bacteroidetes	Bacteroidia	Bacteroidales	Prevotellaceae	Prevotella	saccharolytica
782	Bacteria	Bacteroidetes	Bacteroidia	Bacteroidales	Prevotellaceae	Prevotella	fusca
785	Bacteria	Bacteroidetes	Bacteroidia	Bacteroidales	Porphyromonadaceae	Porphyromonas	uenonis
786	Bacteria	Firmicutes	Bacilli	Bacillales	Paenibacillaceae	Paenibacillus	phoenicis
787	Bacteria	Bacteroidetes	Bacteroidia	Bacteroidales	Bacteroidaceae	Bacteroides	pyogenes
788	Bacteria	Firmicutes	Tissierellia	Tissierellales	Peptoniphilaceae	Anaerococcus	tetradius
790	Bacteria	Firmicutes	Tissierellia	Tissierellales	Peptoniphilaceae	Peptoniphilaceae_[G-2]	bacterium_HMT_790
794	Bacteria	Bacteroidetes	Bacteroidia	Bacteroidales	Prevotellaceae	Prevotella	multisaccharivorax
795	Bacteria	Bacteroidetes	Bacteroidia	Bacteroidales	Prevotellaceae	Prevotella	shahii
801	Bacteria	Firmicutes	Bacilli	Lactobacillales	Enterococcaceae	Enterococcus	casseliflavus
802	Bacteria	Firmicutes	Bacilli	Lactobacillales	Enterococcaceae	Enterococcus	saccharolyticus
803	Bacteria	Firmicutes	Bacilli	Lactobacillales	Enterococcaceae	Enterococcus	italicus
804	Bacteria	Firmicutes	Bacilli	Lactobacillales	Streptococcaceae	Lactococcus	lactis
805	Bacteria	Spirochaetes	Spirochaetia	Spirochaetales	Treponemataceae	Treponema	pallidum
806	Bacteria	Actinobacteria	Coriobacteriia	Coriobacteriales	Atopobiaceae	Olsenella	profusa
807	Bacteria	Actinobacteria	Coriobacteriia	Coriobacteriales	Atopobiaceae	Olsenella	sp._HMT_807
808	Bacteria	Bacteroidetes	Bacteroidia	Bacteroidales	Tannerellaceae	Tannerella	sp._HMT_808
809	Bacteria	Actinobacteria	Coriobacteriia	Coriobacteriales	Atopobiaceae	Olsenella	sp._HMT_809
810	Bacteria	Actinobacteria	Coriobacteriia	Coriobacteriales	Coriobacteriaceae	Olegusella	massiliensis
811	Bacteria	Actinobacteria	Actinomycetia	Actinomycetales	Actinomycetaceae	Arcanobacterium	haemolyticum
812	Bacteria	Proteobacteria	Epsilonproteobacteria	Campylobacterales	Helicobacteraceae	Helicobacter	pylori
813	Bacteria	Firmicutes	Bacilli	Lactobacillales	Carnobacteriaceae	Dolosigranulum	pigrum
814	Bacteria	Actinobacteria	Coriobacteriia	Coriobacteriales	Coriobacteriaceae	Fannyhessea	vaginae
815	Archaea	Euryarchaeota	Methanobacteria	Methanobacteriales	Methanobacteriaceae	Methanobrevibacter	oralis
816	Bacteria	Firmicutes	Bacilli	Lactobacillales	Lactobacillaceae	Limosilactobacillus	coleohominis
817	Bacteria	Firmicutes	Bacilli	Lactobacillales	Lactobacillaceae	Lactobacillus	crispatus
818	Bacteria	Firmicutes	Bacilli	Lactobacillales	Lactobacillaceae	Limosilactobacillus	reuteri_clade_818
819	Bacteria	Firmicutes	Bacilli	Lactobacillales	Lactobacillaceae	Lactobacillus	johnsonii
820	Bacteria	Bacteroidetes	Bacteroidia	Bacteroidales	Prevotellaceae	Prevotella	sp._HMT_820
821	Bacteria	Proteobacteria	Gammaproteobacteria	Pasteurellales	Pasteurellaceae	Haemophilus	ducreyi
822	Bacteria	Actinobacteria	Actinomycetia	Corynebacteriales	Mycobacteriaceae	Mycobacterium	tuberculosis
823	Bacteria	Actinobacteria	Actinomycetia	Corynebacteriales	Mycobacteriaceae	Mycobacterium	leprae
824	Bacteria	Firmicutes	Bacilli	Bacillales	Bacillaceae	Bacillus	anthracis
825	Bacteria	Firmicutes	Bacilli	Bacillales	Listeriaceae	Listeria	monocytogenes
827	Bacteria	Proteobacteria	Gammaproteobacteria	Enterobacterales	Yersiniaceae	Yersinia	pestis
828	Bacteria	Proteobacteria	Betaproteobacteria	Burkholderiales	Alcaligenaceae	Bordetella	pertussis
829	Bacteria	Actinobacteria	Actinomycetia	Bifidobacteriales	Bifidobacteriaceae	Gardnerella	vaginalis
830	Bacteria	Actinobacteria	Actinomycetia	Actinomycetales	Actinomycetaceae	Mobiluncus	mulieris
831	Bacteria	Firmicutes	Bacilli	Lactobacillales	Carnobacteriaceae	Alloiococcus	otitis
832	Bacteria	Actinobacteria	Actinomycetia	Corynebacteriales	Corynebacteriaceae	Corynebacterium	otitidis
833	Bacteria	Proteobacteria	Gammaproteobacteria	Pseudomonadales	Moraxellaceae	Moraxella	catarrhalis
834	Bacteria	Proteobacteria	Gammaproteobacteria	Pseudomonadales	Pseudomonadaceae	Pseudomonas	otitidis
835	Bacteria	Actinobacteria	Actinomycetia	Corynebacteriales	Corynebacteriaceae	Corynebacterium	mucifaciens
836	Bacteria	Firmicutes	Tissierellia	Tissierellales	Peptoniphilaceae	Peptoniphilus	lacrimalis
837	Bacteria	Fusobacteria	Fusobacteriia	Fusobacteriales	Leptotrichiaceae	Sneathia	sanguinegens
838	Bacteria	Firmicutes	Bacilli	Lactobacillales	Lactobacillaceae	Lactobacillus	iners
839	Bacteria	Firmicutes	Bacilli	Lactobacillales	Lactobacillaceae	Lactobacillus	jensenii
840	Bacteria	Firmicutes	Tissierellia	Tissierellales	Peptoniphilaceae	Peptoniphilus	indolicus
841	Bacteria	Firmicutes	Negativicutes	Veillonellales	Veillonellaceae	Megasphaera	sp._HMT_841
842	Bacteria	Proteobacteria	Epsilonproteobacteria	Campylobacterales	Campylobacteraceae	Campylobacter	ureolyticus
843	Bacteria	Firmicutes	Negativicutes	Veillonellales	Veillonellaceae	Dialister	micraerophilus
844	Bacteria	Fusobacteria	Fusobacteriia	Fusobacteriales	Leptotrichiaceae	Sneathia	vaginalis
845	Bacteria	Fusobacteria	Fusobacteriia	Fusobacteriales	Leptotrichiaceae	Pseudoleptotrichia	goodfellowii
847	Bacteria	Fusobacteria	Fusobacteriia	Fusobacteriales	Leptotrichiaceae	Leptotrichia	sp._HMT_847
848	Bacteria	Actinobacteria	Actinomycetia	Actinomycetales	Actinomycetaceae	Peptidiphaga	gingivicola
849	Bacteria	Actinobacteria	Actinomycetia	Actinomycetales	Actinomycetaceae	Actinomyces	johnsonii
850	Bacteria	Actinobacteria	Actinomycetia	Actinomycetales	Actinomycetaceae	Schaalia	cardiffensis
851	Bacteria	Proteobacteria	Gammaproteobacteria	Pasteurellales	Pasteurellaceae	Haemophilus	haemolyticus
852	Bacteria	Actinobacteria	Actinomycetia	Actinomycetales	Actinomycetaceae	Actinomyces	massiliensis
853	Bacteria	Actinobacteria	Actinomycetia	Corynebacteriales	Corynebacteriaceae	Corynebacterium	urealyticum
854	Bacteria	Proteobacteria	Betaproteobacteria	Burkholderiales	Burkholderiaceae	Ralstonia	pickettii
855	Bacteria	Actinobacteria	Actinomycetia	Micrococcales	Kytococcaceae	Kytococcus	sedentarius
856	Bacteria	Actinobacteria	Actinomycetia	Micrococcales	Sanguibacteraceae	Sanguibacter	keddieii
857	Bacteria	Proteobacteria	Alphaproteobacteria	Rhodobacterales	Rhodobacteraceae	Rhodobacter	capsulatus
858	Bacteria	Proteobacteria	Betaproteobacteria	Burkholderiales	Comamonadaceae	Comamonas	testosteroni
859	Bacteria	Firmicutes	Tissierellia	Tissierellales	Peptoniphilaceae	Anaerococcus	lactolyticus
860	Bacteria	Fusobacteria	Fusobacteriia	Fusobacteriales	Fusobacteriaceae	Fusobacterium	gonidiaformans
861	Bacteria	Firmicutes	Bacilli	Lactobacillales	Lactobacillaceae	Lactiplantibacillus	plantarum
862	Bacteria	Actinobacteria	Actinomycetia	Bifidobacteriales	Bifidobacteriaceae	Bifidobacterium	longum
863	Bacteria	Bacteroidetes	Flavobacteriia	Flavobacteriales	Flavobacteriaceae	Capnocytophaga	sp._HMT_863
864	Bacteria	Bacteroidetes	Flavobacteriia	Flavobacteriales	Flavobacteriaceae	Capnocytophaga	sp._HMT_864
865	Bacteria	Proteobacteria	Gammaproteobacteria	Enterobacterales	Enterobacteriaceae	Kluyvera	ascorbata
866	Bacteria	Actinobacteria	Actinomycetia	Actinomycetales	Actinomycetaceae	Actinomyces	graevenitzii
869	Bacteria	Saccharibacteria_(TM7)	Saccharibacteria_(TM7)_[C-1]	Saccharibacteria_(TM7)_[O-1]	Saccharibacteria_(TM7)_[F-1]	Saccharibacteria_(TM7)_[G-1]	bacterium_HMT_869
870	Bacteria	Saccharibacteria_(TM7)	Saccharibacteria_(TM7)_[C-1]	Saccharibacteria_(TM7)_[O-1]	Saccharibacteria_(TM7)_[F-1]	Saccharibacteria_(TM7)_[G-6]	bacterium_HMT_870
871	Bacteria	Gracilibacteria_(GN02)	Gracilibacteria_(GN02)_[C-1]	Gracilibacteria_(GN02)_[O-1]	Gracilibacteria_(GN02)_[F-1]	Gracilibacteria_(GN02)_[G-1]	bacterium_HMT_871
872	Bacteria	Gracilibacteria_(GN02)	Gracilibacteria_(GN02)_[C-1]	Gracilibacteria_(GN02)_[O-1]	Gracilibacteria_(GN02)_[F-1]	Gracilibacteria_(GN02)_[G-1]	bacterium_HMT_872
873	Bacteria	Gracilibacteria_(GN02)	Gracilibacteria_(GN02)_[C-2]	Gracilibacteria_(GN02)_[O-2]	Gracilibacteria_(GN02)_[F-2]	Gracilibacteria_(GN02)_[G-2]	bacterium_HMT_873
874	Bacteria	Absconditabacteria_(SR1)	Absconditabacteria_(SR1)_[C-1]	Absconditabacteria_(SR1)_[O-1]	Absconditabacteria_(SR1)_[F-1]	Absconditabacteria_(SR1)_[G-1]	bacterium_HMT_874
875	Bacteria	Absconditabacteria_(SR1)	Absconditabacteria_(SR1)_[C-1]	Absconditabacteria_(SR1)_[O-1]	Absconditabacteria_(SR1)_[F-1]	Absconditabacteria_(SR1)_[G-1]	bacterium_HMT_875
876	Bacteria	Firmicutes	Clostridia	Eubacteriales	Clostridiales_[F-3]	Clostridiales_[F-3][G-1]	bacterium_HMT_876
877	Bacteria	Actinobacteria	Actinomycetia	Actinomycetales	Actinomycetaceae	Schaalia	sp._HMT_877
878	Bacteria	Bacteroidetes	Flavobacteriia	Flavobacteriales	Flavobacteriaceae	Capnocytophaga	sp._HMT_878
879	Bacteria	Fusobacteria	Fusobacteriia	Fusobacteriales	Leptotrichiaceae	Leptotrichia	sp._HMT_879
880	Bacteria	Firmicutes	Bacilli	Lactobacillales	Enterococcaceae	Enterococcus	durans
881	Bacteria	Firmicutes	Bacilli	Lactobacillales	Lactobacillaceae	Lentilactobacillus	buchneri
882	Bacteria	Firmicutes	Bacilli	Lactobacillales	Lactobacillaceae	Limosilactobacillus	panis
883	Bacteria	Firmicutes	Bacilli	Lactobacillales	Lactobacillaceae	Lactiplantibacillus	pentosus
884	Bacteria	Firmicutes	Bacilli	Lactobacillales	Lactobacillaceae	Lentilactobacillus	rapi
885	Bacteria	Bacteroidetes	Bacteroidia	Bacteroidales	Prevotellaceae	Prevotella	scopos
886	Bacteria	Firmicutes	Bacilli	Lactobacillales	Streptococcaceae	Streptococcus	cristatus_clade_886
887	Bacteria	Firmicutes	Negativicutes	Veillonellales	Veillonellaceae	Veillonella	denticariosi
888	Bacteria	Actinobacteria	Actinomycetia	Actinomycetales	Actinomycetaceae	Actinomyces	dentalis
889	Bacteria	Actinobacteria	Actinomycetia	Bifidobacteriales	Bifidobacteriaceae	Bifidobacterium	breve
890	Bacteria	Actinobacteria	Actinomycetia	Bifidobacteriales	Bifidobacteriaceae	Bifidobacterium	subtile
891	Bacteria	Actinobacteria	Actinomycetia	Bifidobacteriales	Bifidobacteriaceae	Bifidobacterium	scardovii
892	Bacteria	Firmicutes	Negativicutes	Selenomonadales	Selenomonadaceae	Selenomonas	sp._HMT_892
893	Bacteria	Actinobacteria	Actinomycetia	Actinomycetales	Actinomycetaceae	Actinomyces	oris
894	Bacteria	Proteobacteria	Betaproteobacteria	Burkholderiales	Comamonadaceae	Ottowia	sp._HMT_894
895	Bacteria	Actinobacteria	Actinomycetia	Bifidobacteriales	Bifidobacteriaceae	Bifidobacterium	animalis
896	Bacteria	Actinobacteria	Actinomycetia	Actinomycetales	Actinomycetaceae	Actinomyces	sp._HMT_896
897	Bacteria	Actinobacteria	Actinomycetia	Actinomycetales	Actinomycetaceae	Actinomyces	sp._HMT_897
898	Bacteria	Proteobacteria	Gammaproteobacteria	Pasteurellales	Pasteurellaceae	Aggregatibacter	sp._HMT_898
899	Bacteria	Bacteroidetes	Bacteroidetes_[C-1]	Bacteroidetes_[O-1]	Bacteroidetes_[F-1]	Bacteroidetes_[G-3]	bacterium_HMT_899
900	Bacteria	Bacteroidetes	Flavobacteriia	Flavobacteriales	Weeksellaceae	Weeksellaceae_[G-1]	sp._HMT_900
901	Bacteria	Bacteroidetes	Flavobacteriia	Flavobacteriales	Flavobacteriaceae	Capnocytophaga	sp._HMT_901
902	Bacteria	Bacteroidetes	Flavobacteriia	Flavobacteriales	Flavobacteriaceae	Capnocytophaga	sp._HMT_902
903	Bacteria	Bacteroidetes	Flavobacteriia	Flavobacteriales	Flavobacteriaceae	Capnocytophaga	sp._HMT_903
904	Bacteria	Firmicutes	Erysipelotrichia	Erysipelotrichales	Erysipelotrichaceae	Erysipelotrichaceae_[G-1]	bacterium_HMT_904
905	Bacteria	Firmicutes	Erysipelotrichia	Erysipelotrichales	Erysipelotrichaceae	Erysipelotrichaceae_[G-1]	bacterium_HMT_905
906	Bacteria	Tenericutes	Mollicutes	Mollicutes_[O-2]	Mollicutes_[F-2]	Mollicutes_[G-2]	bacterium_HMT_906
907	Bacteria	Bacteroidetes	Flavobacteriia	Flavobacteriales	Weeksellaceae	Weeksellaceae_[G-1]	sp._HMT_907
908	Bacteria	Proteobacteria	Gammaproteobacteria	Pasteurellales	Pasteurellaceae	Haemophilus	sp._HMT_908
909	Bacteria	Fusobacteria	Fusobacteriia	Fusobacteriales	Leptotrichiaceae	Leptotrichia	sp._HMT_909
910	Bacteria	Firmicutes	Clostridia	Eubacteriales	Lachnospiraceae	Stomatobaculum	sp._HMT_910
911	Bacteria	Bacteroidetes	Bacteroidetes_[C-1]	Bacteroidetes_[O-1]	Bacteroidetes_[F-1]	Bacteroidetes_[G-7]	bacterium_HMT_911
912	Bacteria	Bacteroidetes	Bacteroidia	Bacteroidales	Prevotellaceae	Alloprevotella	sp._HMT_912
913	Bacteria	Bacteroidetes	Bacteroidia	Bacteroidales	Prevotellaceae	Alloprevotella	sp._HMT_913
914	Bacteria	Bacteroidetes	Bacteroidia	Bacteroidales	Prevotellaceae	Alloprevotella	sp._HMT_914
915	Bacteria	Actinobacteria	Actinomycetia	Propionibacteriales	Propionibacteriaceae	Propionibacteriaceae_[G-1]	bacterium_HMT_915
916	Bacteria	Bacteroidetes	Bacteroidia	Bacteroidales	Tannerellaceae	Tannerella	sp._HMT_916
917	Bacteria	Firmicutes	Negativicutes	Veillonellales	Veillonellaceae	Veillonella	sp._HMT_917
918	Bacteria	Firmicutes	Negativicutes	Selenomonadales	Selenomonadaceae	Veillonellaceae_[G-1]	bacterium_HMT_918
919	Bacteria	Firmicutes	Negativicutes	Selenomonadales	Selenomonadaceae	Selenomonas	sp._HMT_919
920	Bacteria	Firmicutes	Negativicutes	Selenomonadales	Selenomonadaceae	Selenomonas	sp._HMT_920
921	Bacteria	Firmicutes	Bacilli	Bacillales	Paenibacillaceae	Paenibacillus	glucanolyticus
922	Bacteria	Firmicutes	Clostridia	Eubacteriales	Peptostreptococcaceae	Peptostreptococcaceae_[G-7]	bacterium_HMT_922
924	Bacteria	Firmicutes	Clostridia	Eubacteriales	Lachnospiraceae	Lachnospiraceae_[G-9]	bacterium_HMT_924
927	Bacteria	Spirochaetes	Spirochaetia	Spirochaetales	Treponemataceae	Treponema	sp._HMT_927
928	Bacteria	Firmicutes	Bacilli	Bacillales	Gemellaceae	Gemella	sp._HMT_928
929	Bacteria	Firmicutes	Tissierellia	Tissierellales	Peptoniphilaceae	Peptoniphilaceae_[G-3]	bacterium_HMT_929
930	Bacteria	Bacteroidetes	Bacteroidia	Bacteroidales	Porphyromonadaceae	Porphyromonas	sp._HMT_930
931	Bacteria	Bacteroidetes	Flavobacteriia	Flavobacteriales	Weeksellaceae	Weeksellaceae_[G-1]	sp._HMT_931
932	Bacteria	Proteobacteria	Betaproteobacteria	Neisseriales	Neisseriaceae	Kingella	sp._HMT_932
933	Bacteria	Bacteroidetes	Sphingobacteriia	Sphingobacteriales	Sphingobacteriaceae	Pedobacter	sp._HMT_933
934	Bacteria	Firmicutes	Clostridia	Eubacteriales	Lachnospiraceae	Oribacterium	parvum
935	Bacteria	Firmicutes	Clostridia	Eubacteriales	Oscillospiraceae	Fastidiosipila	sanguinis
936	Bacteria	Firmicutes	Negativicutes	Selenomonadales	Selenomonadaceae	Selenomonas	sp._HMT_936
937	Bacteria	Firmicutes	Negativicutes	Selenomonadales	Selenomonadaceae	Selenomonas	sp._HMT_937
938	Bacteria	Firmicutes	Bacilli	Lactobacillales	Lactobacillaceae	Limosilactobacillus	reuteri_clade_938
939	Bacteria	Actinobacteria	Coriobacteriia	Coriobacteriales	Atopobiaceae	Olsenella	sp._HMT_939
942	Bacteria	Bacteroidetes	Bacteroidia	Bacteroidales	Prevotellaceae	Prevotella	sp._HMT_942
943	Bacteria	Bacteroidetes	Bacteroidia	Bacteroidales	Prevotellaceae	Prevotella	aurantiaca
944	Bacteria	Proteobacteria	Gammaproteobacteria	Pasteurellales	Pasteurellaceae	Haemophilus	sputorum
945	Bacteria	Proteobacteria	Gammaproteobacteria	Pasteurellales	Pasteurellaceae	Haemophilus	parahaemolyticus
946	Bacteria	Proteobacteria	Gammaproteobacteria	Pasteurellales	Pasteurellaceae	Haemophilus	pittmaniae
948	Bacteria	Firmicutes	Bacilli	Lactobacillales	Streptococcaceae	Streptococcus	lactarius
949	Bacteria	Proteobacteria	Gammaproteobacteria	Pasteurellales	Pasteurellaceae	Aggregatibacter	sp._HMT_949
950	Bacteria	Firmicutes	Clostridia	Eubacteriales	Peptostreptococcaceae	Peptostreptococcaceae_[G-3]	bacterium_HMT_950
951	Bacteria	Spirochaetes	Spirochaetia	Spirochaetales	Treponemataceae	Treponema	sp._HMT_951
952	Bacteria	Saccharibacteria_(TM7)	Saccharibacteria_(TM7)_[C-1]	Saccharibacteria_(TM7)_[O-1]	Saccharibacteria_(TM7)_[F-1]	Saccharibacteria_(TM7)_[G-1]	bacterium_HMT_952
953	Bacteria	Fusobacteria	Fusobacteriia	Fusobacteriales	Fusobacteriaceae	Fusobacterium	hwasookii
954	Bacteria	Saccharibacteria_(TM7)	Saccharibacteria_(TM7)_[C-1]	Saccharibacteria_(TM7)_[O-1]	Saccharibacteria_(TM7)_[F-1]	Saccharibacteria_(TM7)_[G-7]	bacterium_HMT_954
955	Bacteria	Saccharibacteria_(TM7)	Saccharibacteria_(TM7)_[C-1]	Saccharibacteria_(TM7)_[O-1]	Saccharibacteria_(TM7)_[F-1]	Saccharibacteria_(TM7)_[G-8]	bacterium_HMT_955
956	Bacteria	Proteobacteria	Betaproteobacteria	Neisseriales	Neisseriaceae	Neisseria	cinerea
957	Bacteria	Saccharibacteria_(TM7)	Saccharibacteria_(TM7)_[C-1]	Saccharibacteria_(TM7)_[O-1]	Saccharibacteria_(TM7)_[F-1]	Saccharibacteria_(TM7)_[G-1]	bacterium_HMT_957
982	Bacteria	Ignavibacteriae	Ignavibacteria	Ignavibacteriales	Ignavibacteriaceae	Ignavibacterium	album
983	Bacteria	Ignavibacteriae	Ignavibacteria	Ignavibacteriales	Melioribacteraceae	Melioribacter	roseus
984	Bacteria	Chlorobi	Chlorobia	Chlorobiales	Chlorobiaceae	Chlorobium	limicola
986	Bacteria	Saccharibacteria_(TM7)	Saccharibacteria_(TM7)_[C-1]	Saccharibacteria_(TM7)_[O-1]	Saccharibacteria_(TM7)_[F-1]	Saccharibacteria_(TM7)_[G-7]	bacterium_HMT_986
987	Bacteria	Saccharibacteria_(TM7)	Saccharibacteria_(TM7)_[C-1]	Saccharibacteria_(TM7)_[O-1]	Saccharibacteria_(TM7)_[F-1]	Saccharibacteria_(TM7)_[G-7]	bacterium_HMT_987
988	Bacteria	Saccharibacteria_(TM7)	Saccharibacteria_(TM7)_[C-1]	Saccharibacteria_(TM7)_[O-1]	Saccharibacteria_(TM7)_[F-1]	Candidatus_Saccharimonas	aalborgensis
989	Bacteria	Saccharibacteria_(TM7)	Saccharibacteria_(TM7)_[C-1]	Saccharibacteria_(TM7)_[O-1]	Saccharibacteria_(TM7)_[F-1]	Saccharibacteria_(TM7)_[G-7]	bacterium_HMT_989
990	Bacteria	Absconditabacteria_(SR1)	Absconditabacteria_(SR1)_[C-1]	Absconditabacteria_(SR1)_[O-1]	Absconditabacteria_(SR1)_[F-1]	Absconditabacteria_(SR1)_[G-1]	bacterium_HMT_990
991	Bacteria	Absconditabacteria_(SR1)	Absconditabacteria_(SR1)_[C-1]	Absconditabacteria_(SR1)_[O-1]	Absconditabacteria_(SR1)_[F-1]	Absconditabacteria_(SR1)_[G-1]	bacterium_HMT_991
994	Bacteria	Chloroflexi	Caldilineae	Caldilineales	Caldilineaceae	Caldilinea	aerophila
995	Bacteria	Chloroflexi	Anaerolineae	Anaerolineales	Anaerolineaceae	Anaerolinea	thermophila
996	Bacteria	Gracilibacteria_(GN02)	Gracilibacteria_(GN02)_[C-1]	Gracilibacteria_(GN02)_[O-1]	Gracilibacteria_(GN02)_[F-1]	Gracilibacteria_(GN02)_[G-3]	bacterium_HMT_996
997	Bacteria	Gracilibacteria_(GN02)	Gracilibacteria_(GN02)_[C-1]	Gracilibacteria_(GN02)_[O-1]	Gracilibacteria_(GN02)_[F-1]	Gracilibacteria_(GN02)_[G-4]	bacterium_HMT_997
999	Bacteria	WPS-2	WPS-2_[C-1]	WPS-2_[O-1]	WPS-2_[F-1]	WPS-2_[G-1]	bacterium_HMT_999
