Taxonomy		HMT	Rank	type	source	Max	max any oral site	Abundance category	BM-mean	BM-sd	KG-mean	KG-sd	HP-mean	HP-sd	TH-mean	TH-sd	PT-mean	PT-sd	TD-mean	TD-sd	SV-mean	SV-sd	SUPP-mean	SUPP-sd	SUBP-mean	SUBP-sd	ST-mean	ST-sd
Archaea			Domain			0	0	4	0	0	0	0.001	0	0	0	0.005	0	0.001	0	0	0	0.004	0	0	0	0.002	0.001	0.006
Bacteria			Domain			100	100	1	100	0.003	100	0.001	100	0	100	0.005	100	0.001	100	0	100	0.004	100	0	99.999	0.008	99.999	0.006
Archaea;Euryarchaeota			Phylum			0	0	4	0	0	0	0.001	0	0	0	0.005	0	0.001	0	0	0	0.004	0	0	0	0.002	0.001	0.006
Bacteria;Absconditabacteria (SR1)			Phylum			0.405	0.405	2	0.016	0.048	0.003	0.013	0.048	0.184	0.083	0.266	0.092	0.344	0.065	0.246	0.405	1.184	0.033	0.095	0.039	0.121	0	0
Bacteria;Actinobacteria			Phylum			27.186	27.186	1	5.335	6.168	1.192	2.966	7.329	6.475	7.871	6.548	5.863	5.3	10.877	7.665	4.428	3.789	27.186	14.066	20.2	13.447	0.507	2.819
Bacteria;Bacteroidetes			Phylum			23.051	23.051	1	8.28	6.216	12.986	12.948	13.375	7.301	19.08	8.965	19.94	10.228	16.281	7.32	23.051	8.496	17.255	8.657	22.708	10.432	65.201	20.5
Bacteria;Chlamydiae			Phylum				0	4																				
Bacteria;Chlorobi			Phylum				0	4																				
Bacteria;Chloroflexi			Phylum			0.002	0.002	4	0	0.002	0	0	0	0.002	0	0.003	0.001	0.005	0	0	0	0.001	0.001	0.004	0.002	0.015	0	0
Bacteria;Cyanobacteria			Phylum			0.107	0.107	2	0.107	1.005	0.055	0.664	0.012	0.065	0.026	0.12	0.006	0.023	0.004	0.016	0.085	0.394	0.008	0.067	0.005	0.036	0.002	0.017
Bacteria;Firmicutes			Phylum			66.437	66.437	1	66.437	14.401	61.131	17.261	59.213	14.829	46.872	15.955	44.055	16.276	40.957	14.781	40.013	11.622	23.002	9.873	22.743	11.019	29.637	19.26
Bacteria;Fusobacteria			Phylum			15.514	15.514	1	3.868	3.557	2.683	3.987	4.659	3.896	10.652	7.895	14.507	8.74	11.247	8.66	7.448	4.662	11.271	8.955	15.514	9.452	0.072	0.5
Bacteria;Gracilibacteria (GN02)			Phylum				0	4																				
Bacteria;Proteobacteria			Phylum			21.665	21.665	1	15.618	8.77	21.665	11.943	14.992	8.815	14.497	12.285	14.191	10.281	19.688	13.58	20.595	11.394	19.602	10.851	15.17	9.966	2.91	4.735
Bacteria;Saccharibacteria (TM7)			Phylum			3.07	3.07	1	0.137	0.341	0.13	0.553	0.241	0.408	0.524	0.933	0.45	0.785	0.565	0.968	3.07	5.72	0.589	1.153	0.648	1.158	0.008	0.083
Bacteria;Spirochaetes			Phylum			2.24	2.24	1	0.099	0.3	0.004	0.013	0.054	0.111	0.207	0.635	0.574	1.423	0.06	0.133	0.358	0.745	0.627	1.489	2.24	4.085	0	0.004
Bacteria;Synergistetes			Phylum			0.172	0.172	2	0.003	0.012	0	0	0.001	0.007	0.006	0.035	0.017	0.09	0	0.002	0.01	0.038	0.027	0.085	0.172	0.579	0.002	0.008
Bacteria;WPS-2			Phylum				0	4																				
Archaea;Euryarchaeota;Methanobacteria			Class			0	0	4	0	0	0	0.001	0	0	0	0.005	0	0.001	0	0	0	0.004	0	0	0	0.002	0.001	0.006
Bacteria;Absconditabacteria (SR1);Absconditabacteria (SR1) [C-1]			Class				0	4																				
Bacteria;Absconditabacteria (SR1);Absconditabacteria (SR1) [C-2]			Class				0	4																				
Bacteria;Absconditabacteria (SR1);Absconditabacteria (SR1) [C-3]			Class				0	4																				
Bacteria;Actinobacteria;Actinomycetia			Class				0	4																				
Bacteria;Actinobacteria;Coriobacteriia			Class				0	4																				
Bacteria;Bacteroidetes;Bacteroidetes [C-1]			Class				0	4																				
Bacteria;Bacteroidetes;Bacteroidetes [C-2]			Class				0	4																				
Bacteria;Bacteroidetes;Bacteroidia			Class			20.549	20.549	1	6.38	5.488	11.031	12.146	12.715	7.204	17.519	8.75	17.732	10.19	15.374	7.171	20.549	8.478	6.893	6.404	13.513	10.339	64.866	20.641
Bacteria;Bacteroidetes;Chitinophagia			Class				0	4																				
Bacteria;Bacteroidetes;Flavobacteriia			Class			10.151	10.151	1	1.807	2.588	1.289	1.581	0.609	0.657	1.443	2.578	1.976	2.771	0.871	1.379	2.322	1.771	10.151	5.664	8.577	5.692	0.003	0.02
Bacteria;Bacteroidetes;Sphingobacteriia			Class			0.003	0.003	4	0	0	0	0.004	0.001	0.006	0.003	0.022	0.001	0.013	0	0	0.003	0.019	0	0.001	0.002	0.01	0.001	0.011
Bacteria;Chlamydiae;Chlamydiia			Class				0	4																				
Bacteria;Chlorobi;Chlorobia			Class				0	4																				
Bacteria;Chlorobi;Ignavibacteria			Class				0	4																				
Bacteria;Chloroflexi;Anaerolineae			Class			0.002	0.002	4	0	0.002	0	0	0	0	0	0.001	0.001	0.004	0	0	0	0.001	0.001	0.004	0.002	0.015	0	0
Bacteria;Chloroflexi;Caldilineae			Class				0	4																				
Bacteria;Cyanobacteria;Oscillatoriophycideae			Class				0	4																				
Bacteria;Firmicutes;Bacilli			Class			61.124	61.124	1	61.124	16.498	54.861	19.453	48.371	18.3	29.254	18.901	27.579	19.276	23.273	14.8	15.161	8.585	15.933	10.21	13.091	10.603	0.182	1.223
Bacteria;Firmicutes;Clostridia			Class			24.507	24.507	1	5.281	4.594	6.242	6.894	10.694	6.325	17.399	8.213	16.267	7.906	17.482	7.194	24.507	9.586	7.033	4.811	9.605	6.783	28.642	18.687
Bacteria;Firmicutes;Erysipelotrichia			Class			0.161	0.161	2	0.015	0.037	0.002	0.006	0.121	0.268	0.161	0.345	0.147	0.284	0.134	0.198	0.112	0.224	0.004	0.011	0.019	0.072	0.308	0.546
Bacteria;Firmicutes;Mollicutes			Class			0.069	0.069	3	0.004	0.016	0	0.002	0.005	0.016	0.029	0.121	0.069	0.265	0.005	0.018	0.045	0.127	0.009	0.036	0.033	0.101	0.031	0.305
Bacteria;Firmicutes;Negativicutes			Class				0	4																				
Bacteria;Fusobacteria;Fusobacteriia			Class			15.514	15.514	1	3.868	3.557	2.683	3.987	4.659	3.896	10.652	7.895	14.507	8.74	11.247	8.66	7.448	4.662	11.271	8.955	15.514	9.452	0.072	0.5
Bacteria;Gracilibacteria (GN02);Gracilibacteria (GN02) [C-1]			Class				0	4																				
Bacteria;Gracilibacteria (GN02);Gracilibacteria (GN02) [C-2]			Class				0	4																				
Bacteria;Proteobacteria;Alphaproteobacteria			Class			0.124	0.124	2	0.022	0.077	0.008	0.028	0.037	0.079	0.093	0.424	0.008	0.024	0.002	0.014	0.124	0.866	0.003	0.015	0.012	0.065	0.321	2.065
Bacteria;Proteobacteria;Betaproteobacteria			Class			12.624	12.624	1	4.541	5.134	2.731	4.788	6.919	6.518	6.368	7.768	5.679	7.018	10.172	10.62	8.34	9.26	12.624	9.066	9.554	8.181	2.166	3.537
Bacteria;Proteobacteria;Deltaproteobacteria			Class			0.009	0.009	4	0.001	0.005	0	0	0.005	0.057	0.007	0.052	0.001	0.004	0	0	0.009	0.076	0	0.002	0.003	0.019	0.021	0.052
Bacteria;Proteobacteria;Epsilonproteobacteria			Class			2.947	2.947	1	0.266	0.377	0.978	2.386	0.535	0.599	1.435	1.64	1.498	1.873	1.348	1.682	2.947	3.118	1.007	1.3	1.195	1.106	0.004	0.029
Bacteria;Proteobacteria;Gammaproteobacteria			Class			17.942	17.942	1	10.781	7.826	17.942	11.531	7.494	5.115	6.592	9.392	7.003	6.798	8.156	7.353	9.161	7.32	5.948	5.958	4.389	4.932	0.216	0.986
Bacteria;Saccharibacteria (TM7);Saccharibacteria (TM7) [C-1]			Class			3.07	3.07	1	0.137	0.341	0.13	0.553	0.241	0.408	0.524	0.933	0.45	0.785	0.565	0.968	3.07	5.72	0.589	1.153	0.648	1.158	0.008	0.083
Bacteria;Spirochaetes;Spirochaetia			Class			2.24	2.24	1	0.099	0.3	0.004	0.013	0.054	0.111	0.207	0.635	0.574	1.423	0.06	0.133	0.358	0.745	0.627	1.489	2.24	4.085	0	0.004
Bacteria;Synergistetes;Synergistia			Class			0.172	0.172	2	0.003	0.012	0	0	0.001	0.007	0.006	0.035	0.017	0.09	0	0.002	0.01	0.038	0.027	0.085	0.172	0.579	0.002	0.008
Bacteria;WPS-2;WPS-2 [C-1]			Class				0	4																				
Archaea;Euryarchaeota;Methanobacteria;Methanobacteriales			Order			0	0	4	0	0	0	0.001	0	0	0	0.005	0	0.001	0	0	0	0.004	0	0	0	0.002	0.001	0.006
Bacteria;Absconditabacteria (SR1);Absconditabacteria (SR1) [C-1];Absconditabacteria (SR1) [O-1]			Order				0	4																				
Bacteria;Absconditabacteria (SR1);Absconditabacteria (SR1) [C-2];Absconditabacteria (SR1) [O-2]			Order				0	4																				
Bacteria;Absconditabacteria (SR1);Absconditabacteria (SR1) [C-3];Absconditabacteria (SR1) [O-3]			Order				0	4																				
Bacteria;Actinobacteria;Actinomycetia;Actinomycetales			Order			27.143	27.143	1	5.262	6.143	1.182	2.939	6.962	6.342	7.268	6.304	5.449	5.087	10.261	7.283	3.891	3.661	27.143	14.083	20.042	13.474	0.292	2.791
Bacteria;Actinobacteria;Actinomycetia;Bifidobacteriales			Order			0.016	0.016	3	0.004	0.015	0	0.003	0.008	0.028	0.009	0.036	0.016	0.115	0.002	0.01	0.011	0.037	0.002	0.011	0.014	0.078	0.076	0.31
Bacteria;Actinobacteria;Actinomycetia;Corynebacteriales			Order				0	4																				
Bacteria;Actinobacteria;Actinomycetia;Micrococcales			Order				0	4																				
Bacteria;Actinobacteria;Actinomycetia;Propionibacteriales			Order				0	4																				
Bacteria;Actinobacteria;Coriobacteriia;Coriobacteriales			Order			0.611	0.611	2	0.069	0.093	0.009	0.045	0.357	0.462	0.592	0.647	0.396	0.607	0.611	0.762	0.512	0.589	0.041	0.082	0.143	0.351	0.138	0.273
Bacteria;Actinobacteria;Coriobacteriia;Eggerthellales			Order				0	4																				
Bacteria;Bacteroidetes;Bacteroidetes [C-1];Bacteroidetes [O-1]			Order				0	4																				
Bacteria;Bacteroidetes;Bacteroidetes [C-2];Bacteroidetes [O-2]			Order				0	4																				
Bacteria;Bacteroidetes;Bacteroidia;Bacteroidales			Order			20.549	20.549	1	6.38	5.488	11.031	12.146	12.715	7.204	17.519	8.75	17.732	10.19	15.374	7.171	20.549	8.478	6.893	6.404	13.513	10.339	64.866	20.641
Bacteria;Bacteroidetes;Chitinophagia;Chitinophagales			Order				0	4																				
Bacteria;Bacteroidetes;Flavobacteriia;Flavobacteriales			Order			10.151	10.151	1	1.807	2.588	1.289	1.581	0.609	0.657	1.443	2.578	1.976	2.771	0.871	1.379	2.322	1.771	10.151	5.664	8.577	5.692	0.003	0.02
Bacteria;Bacteroidetes;Sphingobacteriia;Sphingobacteriales			Order			0.003	0.003	4	0	0	0	0.004	0.001	0.006	0.003	0.022	0.001	0.013	0	0	0.003	0.019	0	0.001	0.002	0.01	0.001	0.011
Bacteria;Chlamydiae;Chlamydiia;Chlamydiales			Order				0	4																				
Bacteria;Chlorobi;Chlorobia;Chlorobiales			Order				0	4																				
Bacteria;Chlorobi;Ignavibacteria;Ignavibacteriales			Order				0	4																				
Bacteria;Chloroflexi;Anaerolineae;Anaerolineales			Order			0.002	0.002	4	0	0.002	0	0	0	0	0	0.001	0.001	0.004	0	0	0	0.001	0.001	0.004	0.002	0.015	0	0
Bacteria;Chloroflexi;Caldilineae;Caldilineales			Order				0	4																				
Bacteria;Cyanobacteria;Oscillatoriophycideae;Oscillatoriophycideae			Order				0	4																				
Bacteria;Firmicutes;Bacilli;Bacillales			Order			7.307	7.307	1	7.307	6.568	4.37	4.207	4.064	4.463	2.284	2.502	2.238	2.445	0.938	0.863	0.921	0.954	0.616	1.23	0.715	1.437	0.091	1.114
Bacteria;Firmicutes;Bacilli;Lactobacillales			Order			53.804	53.804	1	53.804	16.067	50.468	19.442	44.304	16.634	26.968	17.703	25.335	17.831	22.326	14.512	14.237	8.325	15.312	9.629	12.371	9.668	0.09	0.464
Bacteria;Firmicutes;Clostridia;Clostridiales			Order			23.961	23.961	1	5.269	4.589	6.241	6.893	10.674	6.309	17.328	8.163	16.211	7.863	17.452	7.169	23.961	9.26	7	4.795	9.577	6.775	28.5	18.601
Bacteria;Firmicutes;Erysipelotrichia;Erysipelotrichales			Order			0.161	0.161	2	0.015	0.037	0.002	0.006	0.121	0.268	0.161	0.345	0.147	0.284	0.134	0.198	0.112	0.224	0.004	0.011	0.019	0.072	0.308	0.546
Bacteria;Firmicutes;Mollicutes;Mollicutes [O-1]			Order				0	4																				
Bacteria;Firmicutes;Mollicutes;Mollicutes [O-2]			Order				0	4																				
Bacteria;Firmicutes;Mollicutes;Mycoplasmatales			Order			0.069	0.069	3	0.004	0.015	0	0.002	0.005	0.016	0.022	0.088	0.069	0.265	0.005	0.018	0.044	0.124	0.009	0.036	0.033	0.101	0	0.006
Bacteria;Firmicutes;Negativicutes;Selenomonadales			Order				0	4																				
Bacteria;Firmicutes;Negativicutes;Veillonellales			Order				0	4																				
Bacteria;Fusobacteria;Fusobacteriia;Fusobacteriales			Order			15.514	15.514	1	3.868	3.557	2.683	3.987	4.659	3.896	10.652	7.895	14.507	8.74	11.247	8.66	7.448	4.662	11.271	8.955	15.514	9.452	0.072	0.5
Bacteria;Gracilibacteria (GN02);Gracilibacteria (GN02) [C-1];Gracilibacteria (GN02) [O-1]			Order				0	4																				
Bacteria;Gracilibacteria (GN02);Gracilibacteria (GN02) [C-2];Gracilibacteria (GN02) [O-2]			Order				0	4																				
Bacteria;Proteobacteria;Alphaproteobacteria;Alphaproteobacteria [O-1]			Order				0	4																				
Bacteria;Proteobacteria;Alphaproteobacteria;Caulobacterales			Order			0.028	0.028	3	0.004	0.024	0.001	0.005	0.005	0.021	0.028	0.149	0.001	0.004	0.001	0.011	0.008	0.041	0	0.002	0.003	0.025	0.001	0.013
Bacteria;Proteobacteria;Alphaproteobacteria;Rhizobiales			Order			0.083	0.083	3	0.004	0.014	0.002	0.009	0.013	0.037	0.038	0.245	0.003	0.014	0	0.002	0.083	0.661	0.001	0.008	0.001	0.007	0.003	0.024
Bacteria;Proteobacteria;Alphaproteobacteria;Rhodobacterales			Order			0.007	0.007	4	0.007	0.039	0.002	0.016	0.004	0.021	0.003	0.018	0.001	0.01	0	0.003	0.001	0.006	0.001	0.005	0.004	0.031	0	0
Bacteria;Proteobacteria;Alphaproteobacteria;Rhodospirillales			Order			0.001	0.001	4	0	0	0	0	0	0.004	0.001	0.013	0	0	0	0	0	0.001	0	0	0	0	0	0
Bacteria;Proteobacteria;Alphaproteobacteria;Sphingomonadales			Order			0.031	0.031	3	0.006	0.028	0.003	0.014	0.013	0.048	0.022	0.068	0.002	0.009	0	0.003	0.031	0.214	0.001	0.004	0.003	0.018	0.004	0.041
Bacteria;Proteobacteria;Betaproteobacteria;Burkholderiales			Order			3.408	3.408	1	0.789	1.592	0.106	0.321	0.396	0.65	0.649	1.774	0.172	0.348	0.06	0.155	2.313	7.158	3.408	4.624	2.946	4.387	2.149	3.528
Bacteria;Proteobacteria;Betaproteobacteria;Neisseriales			Order			10.109	10.109	1	3.734	4.194	2.62	4.711	6.518	6.485	5.714	7.525	5.504	6.997	10.109	10.619	6.007	5.754	9.093	7.109	6.526	6.159	0.008	0.056
Bacteria;Proteobacteria;Betaproteobacteria;Rhodocyclales			Order			0.018	0.018	3	0.008	0.064	0.001	0.009	0.002	0.009	0.001	0.005	0	0.003	0	0	0.002	0.011	0.017	0.058	0.018	0.058	0	0
Bacteria;Proteobacteria;Deltaproteobacteria;Bdellovibrionales			Order				0	4																				
Bacteria;Proteobacteria;Deltaproteobacteria;Desulfobacterales			Order			0.003	0.003	4	0	0	0	0	0	0	0	0	0	0	0	0	0	0	0	0.002	0.003	0.019	0	0
Bacteria;Proteobacteria;Deltaproteobacteria;Desulfovibrionales			Order			0	0	4	0	0	0	0	0	0	0	0.001	0	0.001	0	0	0	0.002	0	0	0	0.002	0.021	0.05
Bacteria;Proteobacteria;Epsilonproteobacteria;Campylobacterales			Order			2.947	2.947	1	0.266	0.377	0.978	2.386	0.535	0.599	1.435	1.639	1.498	1.872	1.348	1.681	2.947	3.117	1.007	1.3	1.195	1.105	0.004	0.029
Bacteria;Proteobacteria;Gammaproteobacteria;Cardiobacteriales			Order			0.249	0.249	2	0.015	0.037	0.005	0.042	0.006	0.018	0.007	0.028	0.004	0.029	0.001	0.005	0.01	0.027	0.249	0.363	0.217	0.426	0	0
Bacteria;Proteobacteria;Gammaproteobacteria;Enterobacterales			Order			0.075	0.075	3	0.017	0.062	0.007	0.043	0.052	0.185	0.075	0.399	0.011	0.047	0.001	0.006	0.046	0.258	0.003	0.02	0.015	0.121	0.159	0.957
Bacteria;Proteobacteria;Gammaproteobacteria;Pasteurellales			Order			17.923	17.923	1	10.728	7.838	17.923	11.521	7.246	5.033	5.828	8.137	6.981	6.801	8.152	7.35	9.09	7.353	5.69	5.96	4.148	4.89	0.048	0.23
Bacteria;Proteobacteria;Gammaproteobacteria;Pseudomonadales			Order			0.583	0.583	2	0.01	0.03	0.005	0.035	0.132	0.487	0.583	4.75	0.004	0.011	0.001	0.01	0.006	0.017	0.002	0.007	0.005	0.021	0.002	0.019
Bacteria;Proteobacteria;Gammaproteobacteria;Xanthomonadales			Order			0.1	0.1	2	0.011	0.118	0	0.003	0.052	0.497	0.1	0.945	0.002	0.022	0	0.002	0.008	0.063	0	0.003	0.003	0.022	0	0
Bacteria;Saccharibacteria (TM7);Saccharibacteria (TM7) [C-1];Saccharibacteria (TM7) [O-1]			Order			3.07	3.07	1	0.137	0.341	0.13	0.553	0.241	0.408	0.524	0.933	0.45	0.785	0.565	0.968	3.07	5.72	0.589	1.153	0.648	1.158	0.008	0.083
Bacteria;Spirochaetes;Spirochaetia;Spirochaetales			Order			2.24	2.24	1	0.099	0.3	0.004	0.013	0.054	0.111	0.207	0.635	0.574	1.423	0.06	0.133	0.358	0.745	0.627	1.489	2.24	4.085	0	0.004
Bacteria;Synergistetes;Synergistia;Synergistales			Order			0.172	0.172	2	0.003	0.012	0	0	0.001	0.007	0.006	0.035	0.017	0.09	0	0.002	0.01	0.038	0.027	0.085	0.172	0.579	0.002	0.008
Bacteria;WPS-2;WPS-2 [C-1];WPS-2 [O-1]			Order				0	4																				
Archaea;Euryarchaeota;Methanobacteria;Methanobacteriales;Methanobacteriaceae			Family			0	0	4	0	0	0	0.001	0	0	0	0.005	0	0.001	0	0	0	0.004	0	0	0	0.002	0.001	0.006
Bacteria;Absconditabacteria (SR1);Absconditabacteria (SR1) [C-1];Absconditabacteria (SR1) [O-1];Absconditabacteria (SR1) [F-1]			Family				0	4																				
Bacteria;Absconditabacteria (SR1);Absconditabacteria (SR1) [C-2];Absconditabacteria (SR1) [O-2];Absconditabacteria (SR1) [F-2]			Family				0	4																				
Bacteria;Absconditabacteria (SR1);Absconditabacteria (SR1) [C-3];Absconditabacteria (SR1) [O-3];Absconditabacteria (SR1) [F-3]			Family				0	4																				
Bacteria;Actinobacteria;Actinomycetia;Actinomycetales;Actinomycetaceae			Family			9.161	9.161	1	2.403	3.375	0.65	1.407	3.988	4.038	5.517	4.927	4.419	4.437	7.814	6.715	2.489	2.42	9.161	8.757	7.897	8.954	0.028	0.351
Bacteria;Actinobacteria;Actinomycetia;Actinomycetales;Dermacoccaceae			Family			0.001	0.001	4	0	0.002	0	0	0	0.001	0.001	0.007	0	0	0	0	0	0	0	0	0	0	0	0
Bacteria;Actinobacteria;Actinomycetia;Actinomycetales;Dietziaceae			Family			0	0	4	0	0	0	0	0	0.001	0	0	0	0	0	0	0	0.002	0	0	0	0	0	0
Bacteria;Actinobacteria;Actinomycetia;Actinomycetales;Micrococcaceae			Family			5.467	5.467	1	2.318	3.893	0.28	0.776	2.254	2.761	1.094	1.504	0.832	1.247	2.271	3.081	1.02	1.631	5.467	6.827	3.688	5.16	0.002	0.012
Bacteria;Actinobacteria;Actinomycetia;Bifidobacteriales;Bifidobacteriaceae			Family			0.016	0.016	3	0.004	0.015	0	0.003	0.008	0.028	0.009	0.036	0.016	0.115	0.002	0.01	0.011	0.037	0.002	0.011	0.014	0.078	0.076	0.31
Bacteria;Actinobacteria;Actinomycetia;Corynebacteriales;Corynebacteriaceae			Family			10.877	10.877	1	0.351	0.708	0.201	1.565	0.378	1.266	0.389	2.409	0.133	0.813	0.102	0.483	0.242	0.365	10.877	6.995	6.984	5.992	0.007	0.052
Bacteria;Actinobacteria;Actinomycetia;Corynebacteriales;Corynebacteriales [F-1]			Family				0	4																				
Bacteria;Actinobacteria;Actinomycetia;Corynebacteriales;Mycobacteriaceae			Family			0.001	0.001	4	0	0.001	0	0.001	0	0.001	0.001	0.009	0	0.004	0	0	0.001	0.008	0	0.001	0	0	0	0
Bacteria;Actinobacteria;Actinomycetia;Micrococcales;Brevibacteriaceae			Family				0	4																				
Bacteria;Actinobacteria;Actinomycetia;Micrococcales;Dermabacteraceae			Family			0	0	4	0	0.006	0	0	0	0.003	0	0.001	0	0	0	0.001	0	0	0	0	0	0	0	0
Bacteria;Actinobacteria;Actinomycetia;Micrococcales;Intrasporangiaceae			Family			0.001	0.001	4	0	0	0	0	0.001	0.01	0	0.001	0	0	0	0	0	0	0	0	0	0	0	0.002
Bacteria;Actinobacteria;Actinomycetia;Micrococcales;Microbacteriaceae			Family			0.005	0.005	4	0	0.002	0	0.003	0.001	0.008	0.001	0.006	0	0.003	0	0.001	0.005	0.05	0	0.002	0.001	0.009	0	0
Bacteria;Actinobacteria;Actinomycetia;Micrococcales;Sanguibacteraceae			Family				0	4																				
Bacteria;Actinobacteria;Actinomycetia;Propionibacteriales;Propionibacteriaceae			Family			0.727	0.727	2	0.072	0.213	0.024	0.086	0.316	3.176	0.231	1.007	0.029	0.087	0.007	0.034	0.109	0.48	0.713	1.235	0.727	1.049	0.253	2.734
Bacteria;Actinobacteria;Coriobacteriia;Coriobacteriales;Atopobiaceae			Family				0	4																				
Bacteria;Actinobacteria;Coriobacteriia;Coriobacteriales;Coriobacteriaceae			Family			0.611	0.611	2	0.069	0.093	0.009	0.045	0.357	0.462	0.592	0.647	0.396	0.607	0.611	0.762	0.512	0.589	0.041	0.082	0.143	0.351	0.138	0.273
Bacteria;Actinobacteria;Coriobacteriia;Eggerthellales;Eggerthellaceae			Family				0	4																				
Bacteria;Bacteroidetes;Bacteroidetes [C-1];Bacteroidetes [O-1];Bacteroidetes [F-1]			Family				0	4																				
Bacteria;Bacteroidetes;Bacteroidetes [C-2];Bacteroidetes [O-2];Bacteroidetes [F-2]			Family				0	4																				
Bacteria;Bacteroidetes;Bacteroidia;Bacteroidales;Bacteroidaceae			Family			0.437	0.437	2	0.198	1.072	0.066	0.546	0.437	2.217	0.273	1.026	0.069	0.229	0.02	0.04	0.236	0.743	0.011	0.024	0.122	0.936	47.821	23.591
Bacteria;Bacteroidetes;Bacteroidia;Bacteroidales;Bacteroidales [F-2]			Family				0	4																				
Bacteria;Bacteroidetes;Bacteroidia;Bacteroidales;Porphyromonadaceae			Family			4.975	4.975	1	2.907	3.246	3.339	5.243	3.39	3.242	3.331	3.617	4.093	4.477	3.67	4.591	4.975	4.358	3.145	3.232	4.375	4.714	6.724	6.27
Bacteria;Bacteroidetes;Bacteroidia;Bacteroidales;Prevotellaceae			Family			14.007	14.007	1	2.823	3.162	3.522	5.379	8.297	5.83	12.777	7.885	12.428	9.18	10.998	6.64	14.007	7.338	3.388	4.263	8.372	7.995	4.037	10.294
Bacteria;Bacteroidetes;Chitinophagia;Chitinophagales;Chitinophagaceae			Family			0.002	0.002	4	0	0	0	0.001	0.001	0.004	0.002	0.016	0.001	0.013	0	0	0.002	0.014	0	0.001	0	0.003	0	0
Bacteria;Bacteroidetes;Flavobacteriia;Flavobacteriales;Flavobacteriaceae			Family			10.147	10.147	1	1.806	2.587	1.287	1.58	0.609	0.657	1.442	2.577	1.975	2.77	0.871	1.379	2.321	1.771	10.147	5.663	8.573	5.689	0.003	0.019
Bacteria;Bacteroidetes;Sphingobacteriia;Sphingobacteriales;Sphingobacteriaceae			Family			0.001	0.001	4	0	0	0	0.004	0	0.001	0	0.003	0	0.001	0	0	0.001	0.011	0	0	0	0.005	0.001	0.011
Bacteria;Chlamydiae;Chlamydiia;Chlamydiales;Chlamydiaceae			Family				0	4																				
Bacteria;Chlorobi;Chlorobia;Chlorobiales;Chlorobiaceae			Family				0	4																				
Bacteria;Chlorobi;Ignavibacteria;Ignavibacteriales;Ignavibacteriaceae			Family				0	4																				
Bacteria;Chlorobi;Ignavibacteria;Ignavibacteriales;Melioribacteraceae			Family				0	4																				
Bacteria;Chloroflexi;Anaerolineae;Anaerolineales;Anaerolineaceae			Family			0.002	0.002	4	0	0.002	0	0	0	0	0	0.001	0.001	0.004	0	0	0	0.001	0.001	0.004	0.002	0.015	0	0
Bacteria;Chloroflexi;Caldilineae;Caldilineales;Caldilineaceae			Family				0	4																				
Bacteria;Cyanobacteria;Oscillatoriophycideae;Oscillatoriophycideae;Oscillatoriales			Family				0	4																				
Bacteria;Firmicutes;Bacilli;Bacillales;Bacillaceae			Family			0.043	0.043	3	0.003	0.009	0.001	0.004	0.005	0.022	0.009	0.028	0.001	0.008	0.001	0.005	0.043	0.511	0	0.001	0.003	0.024	0	0
Bacteria;Firmicutes;Bacilli;Bacillales;Gemellaceae			Family				0	4																				
Bacteria;Firmicutes;Bacilli;Bacillales;Listeriaceae			Family			0.001	0.001	4	0.001	0.005	0	0.002	0.001	0.007	0	0.001	0	0	0	0	0	0.002	0	0	0	0	0	0
Bacteria;Firmicutes;Bacilli;Bacillales;Paenibacillaceae			Family			0.012	0.012	3	0	0	0	0	0	0.001	0	0.001	0	0	0	0	0.012	0.142	0	0	0	0	0	0
Bacteria;Firmicutes;Bacilli;Bacillales;Staphylococcaceae			Family			7.299	7.299	1	7.299	6.569	4.366	4.206	4.055	4.46	2.27	2.497	2.235	2.442	0.937	0.861	0.863	0.664	0.615	1.229	0.706	1.43	0.091	1.114
Bacteria;Firmicutes;Bacilli;Lactobacillales;Aerococcaceae			Family			0.366	0.366	2	0.315	0.691	0.089	0.355	0.094	0.251	0.052	0.188	0.027	0.073	0.019	0.122	0.129	0.366	0.366	0.729	0.273	0.64	0.001	0.005
Bacteria;Firmicutes;Bacilli;Lactobacillales;Carnobacteriaceae			Family			2.237	2.237	1	1.176	1.296	2.237	2.717	2.026	1.347	1.309	1.076	1.205	1.194	2.233	1.699	1.043	0.807	0.443	0.466	0.415	0.52	0.002	0.008
Bacteria;Firmicutes;Bacilli;Lactobacillales;Enterococcaceae			Family			0.002	0.002	4	0	0.003	0	0.003	0.001	0.006	0.001	0.004	0.001	0.005	0.002	0.008	0.001	0.005	0	0.002	0	0.002	0.003	0.036
Bacteria;Firmicutes;Bacilli;Lactobacillales;Lactobacillaceae			Family			0.155	0.155	2	0.018	0.066	0.005	0.01	0.052	0.478	0.155	1.019	0.01	0.065	0.014	0.073	0.035	0.167	0.011	0.067	0.083	1.036	0.017	0.095
Bacteria;Firmicutes;Bacilli;Lactobacillales;Streptococcaceae			Family			52.159	52.159	1	52.159	16.392	47.992	20.609	41.827	16.663	25.224	17.063	23.878	17.471	19.591	13.322	12.771	7.749	14.393	9.232	11.513	9.095	0.067	0.374
Bacteria;Firmicutes;Clostridia;Clostridiales;Clostridiales [F-1]			Family				0	4																				
Bacteria;Firmicutes;Clostridia;Clostridiales;Clostridiales [F-3]			Family				0	4																				
Bacteria;Firmicutes;Clostridia;Clostridiales;Eubacteriaceae [XV]			Family			0.233	0.233	2	0.034	0.06	0.004	0.016	0.177	0.222	0.215	0.328	0.233	0.441	0.132	0.182	0.117	0.167	0.036	0.095	0.163	0.254	0.148	0.481
Bacteria;Firmicutes;Clostridia;Clostridiales;Lachnospiraceae [XIV]			Family			5.297	5.297	1	0.868	0.997	0.193	0.368	2.453	2.065	5.297	3.762	4.683	3.426	4.649	3.423	4.495	3.3	1.034	1.27	1.318	1.276	6.934	5.696
Bacteria;Firmicutes;Clostridia;Clostridiales;Peptococcaceae			Family			0.06	0.06	3	0.011	0.031	0.001	0.005	0.033	0.053	0.045	0.083	0.06	0.098	0.033	0.061	0.025	0.055	0.016	0.04	0.035	0.063	0.006	0.017
Bacteria;Firmicutes;Clostridia;Clostridiales;Peptoniphilaceae			Family				0	4																				
Bacteria;Firmicutes;Clostridia;Clostridiales;Peptostreptococcaceae [XI]			Family			0.297	0.297	2	0.052	0.098	0.019	0.069	0.294	0.379	0.276	0.461	0.297	0.531	0.16	0.162	0.291	0.453	0.029	0.079	0.117	0.305	0.055	0.15
Bacteria;Firmicutes;Clostridia;Clostridiales;Ruminococcaceae			Family			0.108	0.108	2	0.024	0.056	0.009	0.043	0.076	0.307	0.108	0.673	0.03	0.159	0.004	0.017	0.038	0.171	0.002	0.005	0.027	0.214	14.547	11.938
Bacteria;Firmicutes;Clostridia;Clostridiales;Syntrophomonadaceae [VIII]			Family				0	4																				
Bacteria;Firmicutes;Erysipelotrichia;Erysipelotrichales;Erysipelotrichaceae			Family			0.161	0.161	2	0.015	0.037	0.002	0.006	0.121	0.268	0.161	0.345	0.147	0.284	0.134	0.198	0.112	0.224	0.004	0.011	0.019	0.072	0.308	0.546
Bacteria;Firmicutes;Mollicutes;Mollicutes [O-1];Mollicutes [F-1]			Family				0	4																				
Bacteria;Firmicutes;Mollicutes;Mollicutes [O-2];Mollicutes [F-2]			Family				0	4																				
Bacteria;Firmicutes;Mollicutes;Mycoplasmatales;Mycoplasmataceae			Family			0.069	0.069	3	0.004	0.015	0	0.002	0.005	0.016	0.022	0.088	0.069	0.265	0.005	0.018	0.044	0.124	0.009	0.036	0.033	0.101	0	0.006
Bacteria;Firmicutes;Negativicutes;Selenomonadales;Selenomonadaceae			Family				0	4																				
Bacteria;Firmicutes;Negativicutes;Veillonellales;Veillonellaceae			Family			16.991	16.991	1	3.957	3.537	5.972	6.817	7.047	4.566	10.496	5.774	9.952	6.018	11.894	5.36	16.991	7.895	5.475	4.114	6.721	5.787	2.143	3.091
Bacteria;Fusobacteria;Fusobacteriia;Fusobacteriales;Fusobacteriaceae			Family			11.997	11.997	1	2.671	2.707	2.241	3.38	3.199	2.907	5.647	5.262	9.806	7.414	7.802	6.892	5.862	4.361	6.455	5.647	11.997	8.408	0.07	0.499
Bacteria;Fusobacteria;Fusobacteriia;Fusobacteriales;Leptotrichiaceae			Family			4.997	4.997	1	1.195	1.729	0.44	1.261	1.458	1.87	4.997	5.649	4.679	5.079	3.416	4.419	1.584	1.302	4.807	4.956	3.507	3.622	0.002	0.016
Bacteria;Gracilibacteria (GN02);Gracilibacteria (GN02) [C-1];Gracilibacteria (GN02) [O-1];Gracilibacteria (GN02) [F-1]			Family				0	4																				
Bacteria;Gracilibacteria (GN02);Gracilibacteria (GN02) [C-2];Gracilibacteria (GN02) [O-2];Gracilibacteria (GN02) [F-2]			Family				0	4																				
Bacteria;Proteobacteria;Alphaproteobacteria;Alphaproteobacteria [O-1];Alphaproteobacteria [F-1]			Family				0	4																				
Bacteria;Proteobacteria;Alphaproteobacteria;Caulobacterales;Caulobacteraceae			Family			0.028	0.028	3	0.004	0.024	0.001	0.005	0.005	0.021	0.028	0.149	0.001	0.004	0.001	0.011	0.008	0.041	0	0.002	0.003	0.025	0.001	0.013
Bacteria;Proteobacteria;Alphaproteobacteria;Rhizobiales;Bartonellaceae			Family				0	4																				
Bacteria;Proteobacteria;Alphaproteobacteria;Rhizobiales;Bradyrhizobiaceae			Family			0.07	0.07	3	0.002	0.009	0.002	0.008	0.008	0.032	0.008	0.054	0.002	0.012	0	0.002	0.07	0.65	0.001	0.005	0.001	0.005	0.002	0.024
Bacteria;Proteobacteria;Alphaproteobacteria;Rhizobiales;Brucellaceae			Family			0	0	4	0	0	0	0	0	0	0	0.006	0	0	0	0	0	0	0	0	0	0	0	0
Bacteria;Proteobacteria;Alphaproteobacteria;Rhizobiales;Phyllobacteriaceae			Family			0.007	0.007	4	0	0.004	0	0.001	0	0.002	0.007	0.055	0	0.001	0	0	0	0.002	0	0.001	0	0.003	0	0.002
Bacteria;Proteobacteria;Alphaproteobacteria;Rhizobiales;Rhizobiaceae			Family			0	0	4	0	0	0	0	0	0.001	0	0.002	0	0	0	0	0	0.002	0	0.001	0	0	0	0
Bacteria;Proteobacteria;Alphaproteobacteria;Rhodobacterales;Rhodobacteraceae			Family			0.007	0.007	4	0.007	0.039	0.002	0.016	0.004	0.021	0.003	0.018	0.001	0.01	0	0.003	0.001	0.006	0.001	0.005	0.004	0.031	0	0
Bacteria;Proteobacteria;Alphaproteobacteria;Rhodospirillales;Acetobacteraceae			Family			0.001	0.001	4	0	0	0	0	0	0.004	0.001	0.007	0	0	0	0	0	0.001	0	0	0	0	0	0
Bacteria;Proteobacteria;Alphaproteobacteria;Rhodospirillales;Rhodospirillales [F-1]			Family				0	4																				
Bacteria;Proteobacteria;Alphaproteobacteria;Sphingomonadales;Erythrobacteraceae			Family			0	0	4	0	0	0	0	0	0.004	0	0.003	0	0	0	0	0	0	0	0.001	0	0.001	0	0
Bacteria;Proteobacteria;Alphaproteobacteria;Sphingomonadales;Sphingomonadaceae			Family			0.031	0.031	3	0.005	0.028	0.003	0.014	0.01	0.034	0.021	0.067	0.002	0.009	0	0.003	0.031	0.214	0.001	0.004	0.003	0.018	0.004	0.041
Bacteria;Proteobacteria;Betaproteobacteria;Burkholderiales;Alcaligenaceae			Family			0.046	0.046	3	0.008	0.023	0.003	0.021	0.01	0.031	0.046	0.526	0.007	0.065	0.001	0.004	0.017	0.052	0.02	0.041	0.022	0.063	1.901	3.399
Bacteria;Proteobacteria;Betaproteobacteria;Burkholderiales;Burkholderiaceae			Family			0.199	0.199	2	0.014	0.08	0.005	0.02	0.016	0.074	0.053	0.21	0.005	0.031	0.002	0.018	0.199	1.763	0.001	0.005	0.01	0.076	0.002	0.022
Bacteria;Proteobacteria;Betaproteobacteria;Burkholderiales;Comamonadaceae			Family			0.68	0.68	2	0.157	0.474	0.024	0.068	0.12	0.375	0.317	1.198	0.022	0.064	0.007	0.036	0.68	4.841	0.471	1.107	0.555	1.666	0.004	0.043
Bacteria;Proteobacteria;Betaproteobacteria;Neisseriales;Neisseriaceae			Family			10.109	10.109	1	3.734	4.194	2.62	4.711	6.518	6.485	5.714	7.525	5.504	6.997	10.109	10.619	6.007	5.754	9.093	7.109	6.526	6.159	0.008	0.056
Bacteria;Proteobacteria;Betaproteobacteria;Rhodocyclales;Rhodocyclaceae			Family			0.018	0.018	3	0.008	0.064	0.001	0.009	0.002	0.009	0.001	0.005	0	0.003	0	0	0.002	0.011	0.017	0.058	0.018	0.058	0	0
Bacteria;Proteobacteria;Deltaproteobacteria;Bdellovibrionales;Bdellovibrionaceae			Family				0	4																				
Bacteria;Proteobacteria;Deltaproteobacteria;Desulfobacterales;Desulfobulbaceae			Family			0.003	0.003	4	0	0	0	0	0	0	0	0	0	0	0	0	0	0	0	0.002	0.003	0.019	0	0
Bacteria;Proteobacteria;Deltaproteobacteria;Desulfovibrionales;Desulfomicrobiaceae			Family				0	4																				
Bacteria;Proteobacteria;Deltaproteobacteria;Desulfovibrionales;Desulfovibrionaceae			Family			0	0	4	0	0	0	0	0	0	0	0.001	0	0.001	0	0	0	0.001	0	0	0	0.002	0.015	0.038
Bacteria;Proteobacteria;Epsilonproteobacteria;Campylobacterales;Campylobacteraceae			Family			2.943	2.943	1	0.265	0.377	0.977	2.386	0.533	0.599	1.43	1.639	1.496	1.87	1.345	1.679	2.943	3.114	1.005	1.297	1.192	1.104	0.004	0.029
Bacteria;Proteobacteria;Epsilonproteobacteria;Campylobacterales;Helicobacteraceae			Family			0.004	0.004	4	0.001	0.013	0	0.003	0.002	0.017	0.004	0.049	0.001	0.005	0	0	0.002	0.013	0.001	0.008	0.001	0.009	0	0
Bacteria;Proteobacteria;Gammaproteobacteria;Cardiobacteriales;Cardiobacteriaceae			Family			0.249	0.249	2	0.015	0.037	0.005	0.042	0.006	0.018	0.007	0.028	0.004	0.029	0.001	0.005	0.01	0.027	0.249	0.363	0.217	0.426	0	0
Bacteria;Proteobacteria;Gammaproteobacteria;Enterobacterales;Enterobacteriaceae			Family			0.075	0.075	3	0.017	0.062	0.007	0.043	0.052	0.185	0.075	0.399	0.011	0.047	0.001	0.006	0.046	0.258	0.003	0.02	0.015	0.121	0.159	0.957
Bacteria;Proteobacteria;Gammaproteobacteria;Enterobacterales;Yersiniaceae			Family				0	4																				
Bacteria;Proteobacteria;Gammaproteobacteria;Pasteurellales;Pasteurellaceae			Family			17.923	17.923	1	10.728	7.838	17.923	11.521	7.246	5.033	5.828	8.137	6.981	6.801	8.152	7.35	9.09	7.353	5.69	5.96	4.148	4.89	0.048	0.23
Bacteria;Proteobacteria;Gammaproteobacteria;Pseudomonadales;Moraxellaceae			Family			0.539	0.539	2	0.004	0.014	0	0.004	0.119	0.481	0.539	4.739	0.001	0.005	0.001	0.01	0.003	0.013	0.001	0.005	0.003	0.014	0.002	0.019
Bacteria;Proteobacteria;Gammaproteobacteria;Pseudomonadales;Pseudomonadaceae			Family			0.044	0.044	3	0.006	0.024	0.004	0.035	0.013	0.05	0.044	0.24	0.003	0.009	0	0.001	0.003	0.011	0.001	0.005	0.002	0.012	0	0.004
Bacteria;Proteobacteria;Gammaproteobacteria;Xanthomonadales;Xanthomonadaceae			Family			0.099	0.099	3	0.01	0.117	0	0.003	0.051	0.497	0.099	0.945	0.002	0.022	0	0.002	0.008	0.063	0	0.003	0.003	0.022	0	0
Bacteria;Saccharibacteria (TM7);Saccharibacteria (TM7) [C-1];Saccharibacteria (TM7) [O-1];Saccharibacteria (TM7) [F-1]			Family				0	4																				
Bacteria;Saccharibacteria (TM7);Saccharibacteria (TM7) [C-1];Saccharibacteria (TM7) [O-1];Saccharibacteria (TM7) [F-2]			Family				0	4																				
Bacteria;Spirochaetes;Spirochaetia;Spirochaetales;Spirochaetaceae			Family			2.239	2.239	1	0.099	0.3	0.004	0.013	0.054	0.111	0.207	0.634	0.573	1.419	0.06	0.132	0.357	0.743	0.626	1.488	2.239	4.08	0	0.001
Bacteria;Synergistetes;Synergistia;Synergistales;Dethiosulfovibrionaceae			Family			0.172	0.172	2	0.003	0.012	0	0	0.001	0.007	0.006	0.035	0.017	0.09	0	0.002	0.01	0.038	0.027	0.085	0.172	0.579	0.002	0.008
Bacteria;Synergistetes;Synergistia;Synergistales;Synergistaceae			Family			0.172	0.172	2	0.003	0.012	0	0	0.001	0.007	0.006	0.035	0.017	0.09	0	0.002	0.01	0.038	0.027	0.085	0.172	0.579	0.002	0.008
Bacteria;WPS-2;WPS-2 [C-1];WPS-2 [O-1];WPS-2 [F-1]			Family				0	4																				
Archaea;Euryarchaeota;Methanobacteria;Methanobacteriales;Methanobacteriaceae;Methanobrevibacter			Genus			0	0	4	0	0	0	0.001	0	0	0	0.005	0	0.001	0	0	0	0.004	0	0	0	0.002	0.001	0.006
Bacteria;Absconditabacteria (SR1);Absconditabacteria (SR1) [C-1];Absconditabacteria (SR1) [O-1];Absconditabacteria (SR1) [F-1];Absconditabacteria (SR1) [G-1]			Genus				0	4																				
Bacteria;Absconditabacteria (SR1);Absconditabacteria (SR1) [C-2];Absconditabacteria (SR1) [O-2];Absconditabacteria (SR1) [F-2];Absconditabacteria (SR1) [G-2]			Genus				0	4																				
Bacteria;Absconditabacteria (SR1);Absconditabacteria (SR1) [C-3];Absconditabacteria (SR1) [O-3];Absconditabacteria (SR1) [F-3];Absconditabacteria (SR1) [G-3]			Genus				0	4																				
Bacteria;Actinobacteria;Actinomycetia;Actinomycetales;Actinomycetaceae;Actinomyces			Genus			9.053	9.053	1	2.389	3.362	0.645	1.389	3.973	4.029	5.49	4.919	4.407	4.43	7.793	6.697	2.425	2.398	9.053	8.704	7.795	8.924	0.028	0.352
Bacteria;Actinobacteria;Actinomycetia;Actinomycetales;Actinomycetaceae;Arcanobacterium			Genus			0.001	0.001	4	0	0	0	0	0	0	0	0.001	0.001	0.019	0	0	0	0	0	0	0	0	0	0
Bacteria;Actinobacteria;Actinomycetia;Actinomycetales;Actinomycetaceae;Mobiluncus			Genus			0.055	0.055	3	0.001	0.005	0	0.004	0.007	0.024	0.014	0.044	0.003	0.015	0.004	0.015	0.055	0.157	0	0.003	0.001	0.009	0	0.002
Bacteria;Actinobacteria;Actinomycetia;Actinomycetales;Actinomycetaceae;Peptidiphaga			Genus				0	4																				
Bacteria;Actinobacteria;Actinomycetia;Actinomycetales;Actinomycetaceae;Schaalia			Genus				0	4																				
Bacteria;Actinobacteria;Actinomycetia;Actinomycetales;Dermacoccaceae;Kytococcus			Genus			0.001	0.001	4	0	0	0	0	0	0	0.001	0.007	0	0	0	0	0	0	0	0	0	0	0	0
Bacteria;Actinobacteria;Actinomycetia;Actinomycetales;Dietziaceae;Dietzia			Genus			0	0	4	0	0	0	0	0	0.001	0	0	0	0	0	0	0	0.002	0	0	0	0	0	0
Bacteria;Actinobacteria;Actinomycetia;Actinomycetales;Micrococcaceae;Kocuria			Genus			0.001	0.001	4	0.001	0.005	0	0	0.001	0.007	0.001	0.01	0	0.001	0	0	0	0	0	0	0	0.001	0	0
Bacteria;Actinobacteria;Actinomycetia;Actinomycetales;Micrococcaceae;Micrococcus			Genus	eHOMD expansion for skin and nasal taxa		0.001	0.001	4	0.001	0.01	0	0	0.001	0.005	0.001	0.005	0	0.003	0	0	0.001	0.013	0	0	0	0	0	0
Bacteria;Actinobacteria;Actinomycetia;Actinomycetales;Micrococcaceae;Rothia			Genus			5.444	5.444	1	2.277	3.858	0.277	0.772	2.223	2.749	1.073	1.494	0.819	1.239	2.243	3.064	1.001	1.581	5.444	6.814	3.675	5.148	0.002	0.012
Bacteria;Actinobacteria;Actinomycetia;Bifidobacteriales;Bifidobacteriaceae;Alloscardovia			Genus			0.004	0.004	4	0	0	0	0	0.002	0.016	0.004	0.029	0.002	0.012	0.001	0.005	0.003	0.022	0	0	0	0	0	0
Bacteria;Actinobacteria;Actinomycetia;Bifidobacteriales;Bifidobacteriaceae;Bifidobacteriaceae [G-2]			Genus				0	4																				
Bacteria;Actinobacteria;Actinomycetia;Bifidobacteriales;Bifidobacteriaceae;Bifidobacterium			Genus			0.014	0.014	3	0.002	0.01	0	0.003	0.005	0.021	0.005	0.02	0.014	0.114	0.001	0.007	0.006	0.028	0	0	0.003	0.042	0.076	0.308
Bacteria;Actinobacteria;Actinomycetia;Bifidobacteriales;Bifidobacteriaceae;Gardnerella			Genus			0	0	4	0	0.004	0	0.001	0	0.001	0	0.003	0	0	0	0	0	0.003	0	0	0	0	0	0
Bacteria;Actinobacteria;Actinomycetia;Bifidobacteriales;Bifidobacteriaceae;Parascardovia			Genus				0	4																				
Bacteria;Actinobacteria;Actinomycetia;Bifidobacteriales;Bifidobacteriaceae;Scardovia			Genus			0	0	4	0	0	0	0	0	0.003	0	0	0	0	0	0	0	0	0	0	0	0.003	0	0
Bacteria;Actinobacteria;Actinomycetia;Corynebacteriales;Corynebacteriaceae;Corynebacterium			Genus			10.797	10.797	1	0.351	0.707	0.2	1.562	0.377	1.265	0.389	2.408	0.131	0.798	0.101	0.483	0.241	0.364	10.797	6.967	6.943	5.968	0.007	0.048
Bacteria;Actinobacteria;Actinomycetia;Corynebacteriales;Corynebacteriaceae;Turicella			Genus				0	4																				
Bacteria;Actinobacteria;Actinomycetia;Corynebacteriales;Corynebacteriales [F-1];Lawsonella			Genus	eHOMD expansion for skin and nasal taxa			0	4																				
Bacteria;Actinobacteria;Actinomycetia;Corynebacteriales;Mycobacteriaceae;Mycobacterium			Genus			0.001	0.001	4	0	0.001	0	0.001	0	0.001	0.001	0.009	0	0.004	0	0	0.001	0.008	0	0.001	0	0	0	0
Bacteria;Actinobacteria;Actinomycetia;Micrococcales;Brevibacteriaceae;Brevibacterium			Genus	eHOMD expansion for skin and nasal taxa			0	4																				
Bacteria;Actinobacteria;Actinomycetia;Micrococcales;Dermabacteraceae;Dermabacter			Genus	eHOMD expansion for skin and nasal taxa			0	4																				
Bacteria;Actinobacteria;Actinomycetia;Micrococcales;Intrasporangiaceae;Arsenicicoccus			Genus				0	4																				
Bacteria;Actinobacteria;Actinomycetia;Micrococcales;Intrasporangiaceae;Janibacter			Genus	Non-Oral Ref			0	4																				
Bacteria;Actinobacteria;Actinomycetia;Micrococcales;Microbacteriaceae;Microbacterium			Genus			0.001	0.001	4	0	0.001	0	0.003	0.001	0.006	0	0.003	0	0.003	0	0	0.001	0.012	0	0	0	0	0	0
Bacteria;Actinobacteria;Actinomycetia;Micrococcales;Sanguibacteraceae;Sanguibacter			Genus				0	4																				
Bacteria;Actinobacteria;Actinomycetia;Propionibacteriales;Propionibacteriaceae;Arachnia			Genus				0	4																				
Bacteria;Actinobacteria;Actinomycetia;Propionibacteriales;Propionibacteriaceae;Cutibacterium			Genus				0	4																				
Bacteria;Actinobacteria;Actinomycetia;Propionibacteriales;Propionibacteriaceae;Propionibacteriaceae [G-1]			Genus				0	4																				
Bacteria;Actinobacteria;Actinomycetia;Propionibacteriales;Propionibacteriaceae;Propionibacteriaceae [G-2]			Genus				0	4																				
Bacteria;Actinobacteria;Actinomycetia;Propionibacteriales;Propionibacteriaceae;Acidipropionibacterium			Genus			0.299	0.299	2	0.045	0.193	0.015	0.059	0.299	3.176	0.219	0.995	0.024	0.084	0.006	0.033	0.085	0.474	0.013	0.083	0.025	0.133	0.253	2.734
Bacteria;Actinobacteria;Coriobacteriia;Coriobacteriales;Atopobiaceae;Olsenella			Genus			0.03	0.03	3	0.005	0.016	0	0.001	0.004	0.022	0.004	0.023	0.008	0.045	0.001	0.009	0.002	0.009	0.012	0.03	0.03	0.07	0.001	0.004
Bacteria;Actinobacteria;Coriobacteriia;Coriobacteriales;Coriobacteriaceae;Atopobium			Genus			0.609	0.609	2	0.063	0.088	0.009	0.045	0.348	0.463	0.582	0.643	0.372	0.505	0.609	0.761	0.507	0.588	0.027	0.066	0.107	0.313	0.001	0.012
Bacteria;Actinobacteria;Coriobacteriia;Coriobacteriales;Coriobacteriaceae;Slackia			Genus			0.005	0.005	4	0.001	0.004	0	0	0.001	0.005	0.004	0.025	0.005	0.017	0	0.001	0.001	0.003	0	0.003	0.003	0.019	0.002	0.01
Bacteria;Actinobacteria;Coriobacteriia;Eggerthellales;Eggerthellaceae;Cryptobacterium			Genus			0.011	0.011	3	0	0.003	0	0	0.001	0.005	0.001	0.007	0.011	0.138	0.001	0.003	0.001	0.005	0.001	0.008	0.002	0.015	0	0
Bacteria;Actinobacteria;Coriobacteriia;Eggerthellales;Eggerthellaceae;Eggerthella			Genus			0	0	4	0	0	0	0	0	0.001	0	0.001	0	0.001	0	0	0	0	0	0	0	0	0.007	0.053
Bacteria;Bacteroidetes;Bacteroidetes [C-1];Bacteroidetes [O-1];Bacteroidetes [F-1];Bacteroidetes [G-3]			Genus				0	4																				
Bacteria;Bacteroidetes;Bacteroidetes [C-1];Bacteroidetes [O-1];Bacteroidetes [F-1];Bacteroidetes [G-4]			Genus				0	4																				
Bacteria;Bacteroidetes;Bacteroidetes [C-1];Bacteroidetes [O-1];Bacteroidetes [F-1];Bacteroidetes [G-5]			Genus				0	4																				
Bacteria;Bacteroidetes;Bacteroidetes [C-1];Bacteroidetes [O-1];Bacteroidetes [F-1];Bacteroidetes [G-7]			Genus				0	4																				
Bacteria;Bacteroidetes;Bacteroidetes [C-2];Bacteroidetes [O-2];Bacteroidetes [F-2];Bacteroidetes [G-6]			Genus				0	4																				
Bacteria;Bacteroidetes;Bacteroidia;Bacteroidales;Bacteroidaceae;Bacteroidaceae [G-1]			Genus				0	4																				
Bacteria;Bacteroidetes;Bacteroidia;Bacteroidales;Bacteroidaceae;Bacteroides			Genus			0.437	0.437	2	0.198	1.072	0.066	0.546	0.437	2.217	0.273	1.026	0.069	0.229	0.02	0.04	0.236	0.743	0.011	0.024	0.122	0.936	47.821	23.591
Bacteria;Bacteroidetes;Bacteroidia;Bacteroidales;Bacteroidales [F-2];Bacteroidales [G-2]			Genus				0	4																				
Bacteria;Bacteroidetes;Bacteroidia;Bacteroidales;Porphyromonadaceae;Porphyromonas			Genus			4.717	4.717	1	2.764	3.2	3.093	4.971	3.267	3.218	3.111	3.603	3.748	4.389	3.55	4.524	4.717	4.254	2.676	3.002	3.411	3.914	0.006	0.023
Bacteria;Bacteroidetes;Bacteroidia;Bacteroidales;Porphyromonadaceae;Tannerella			Genus			0.367	0.367	2	0.053	0.137	0.007	0.022	0.031	0.071	0.136	0.301	0.222	0.507	0.067	0.17	0.083	0.115	0.225	0.357	0.367	0.645	0	0.004
Bacteria;Bacteroidetes;Bacteroidia;Bacteroidales;Prevotellaceae;Alloprevotella			Genus				0	4																				
Bacteria;Bacteroidetes;Bacteroidia;Bacteroidales;Prevotellaceae;Prevotella			Genus			12.981	12.981	1	2.375	2.756	0.93	1.383	7.688	5.549	11.613	7.181	11.395	8.679	10.259	6.362	12.981	7.136	3.213	4.139	8.039	7.777	3.163	9.571
Bacteria;Bacteroidetes;Chitinophagia;Chitinophagales;Chitinophagaceae;Flavitalea			Genus				0	4																				
Bacteria;Bacteroidetes;Chitinophagia;Chitinophagales;Chitinophagaceae;Segetibacter			Genus	eHOMD expansion for skin and nasal taxa			0	4																				
Bacteria;Bacteroidetes;Flavobacteriia;Flavobacteriales;Flavobacteriaceae;Bergeyella			Genus				0	4																				
Bacteria;Bacteroidetes;Flavobacteriia;Flavobacteriales;Flavobacteriaceae;Capnocytophaga			Genus			8.869	8.869	1	1.024	1.954	0.428	1.155	0.367	0.542	1.068	2.448	1.585	2.646	0.644	1.258	1.712	1.44	8.869	5.347	7.562	5.287	0.003	0.019
Bacteria;Bacteroidetes;Sphingobacteriia;Sphingobacteriales;Sphingobacteriaceae;Pedobacter			Genus			0	0	4	0	0	0	0	0	0	0	0	0	0	0	0	0	0.006	0	0	0	0.004	0	0
Bacteria;Chlamydiae;Chlamydiia;Chlamydiales;Chlamydiaceae;Chlamydophila			Genus				0	4																				
Bacteria;Chlorobi;Chlorobia;Chlorobiales;Chlorobiaceae;Chlorobium			Genus				0	4																				
Bacteria;Chlorobi;Ignavibacteria;Ignavibacteriales;Ignavibacteriaceae;Ignavibacterium			Genus				0	4																				
Bacteria;Chlorobi;Ignavibacteria;Ignavibacteriales;Melioribacteraceae;Melioribacter			Genus				0	4																				
Bacteria;Chloroflexi;Anaerolineae;Anaerolineales;Anaerolineaceae;Anaerolinea			Genus				0	4																				
Bacteria;Chloroflexi;Anaerolineae;Anaerolineales;Anaerolineaceae;Anaerolineae [G-1]			Genus				0	4																				
Bacteria;Chloroflexi;Caldilineae;Caldilineales;Caldilineaceae;Caldilinea			Genus				0	4																				
Bacteria;Cyanobacteria;Oscillatoriophycideae;Oscillatoriophycideae;Oscillatoriales;Arthrospira			Genus	Non-Oral Ref			0	4																				
Bacteria;Firmicutes;Bacilli;Bacillales;Bacillaceae;Anoxybacillus			Genus	eHOMD expansion for skin and nasal taxa		0.014	0.014	3	0	0.001	0	0	0.001	0.005	0	0.002	0	0	0	0	0.014	0.178	0	0	0	0	0	0
Bacteria;Firmicutes;Bacilli;Bacillales;Bacillaceae;Bacillus			Genus			0.006	0.006	4	0	0.004	0	0	0.002	0.012	0.001	0.01	0	0.003	0	0.001	0.006	0.064	0	0	0	0.002	0	0
Bacteria;Firmicutes;Bacilli;Bacillales;Bacillaceae;Lysinibacillus			Genus			0	0	4	0	0	0	0	0	0	0	0	0	0	0	0	0	0	0	0	0	0.005	0	0
Bacteria;Firmicutes;Bacilli;Bacillales;Gemellaceae;Gemella			Genus			7.267	7.267	1	7.267	6.547	4.364	4.205	4.035	4.461	2.237	2.496	2.218	2.434	0.935	0.861	0.843	0.653	0.613	1.228	0.701	1.43	0.007	0.053
Bacteria;Firmicutes;Bacilli;Bacillales;Listeriaceae;Brochothrix			Genus	eHOMD expansion for skin and nasal taxa		0	0	4	0	0	0	0.002	0	0.001	0	0	0	0	0	0	0	0	0	0	0	0	0	0
Bacteria;Firmicutes;Bacilli;Bacillales;Listeriaceae;Listeria			Genus			0.001	0.001	4	0.001	0.005	0	0	0.001	0.007	0	0.001	0	0	0	0	0	0.002	0	0	0	0	0	0
Bacteria;Firmicutes;Bacilli;Bacillales;Paenibacillaceae;Paenibacillus			Genus			0.001	0.001	4	0	0	0	0	0	0	0	0.001	0	0	0	0	0.001	0.013	0	0	0	0	0	0
Bacteria;Firmicutes;Bacilli;Bacillales;Staphylococcaceae;Jeotgalicoccus			Genus	eHOMD expansion for skin and nasal taxa		0	0	4	0	0	0	0	0	0.004	0	0.002	0	0	0	0	0	0	0	0	0	0	0	0
Bacteria;Firmicutes;Bacilli;Bacillales;Staphylococcaceae;Staphylococcus			Genus			0.033	0.033	3	0.032	0.307	0.003	0.011	0.02	0.064	0.033	0.127	0.017	0.058	0.002	0.008	0.019	0.098	0.003	0.012	0.005	0.02	0.085	1.111
Bacteria;Firmicutes;Bacilli;Lactobacillales;Aerococcaceae;Abiotrophia			Genus			0.359	0.359	2	0.309	0.683	0.089	0.354	0.09	0.25	0.05	0.187	0.026	0.072	0.019	0.121	0.119	0.351	0.359	0.726	0.267	0.635	0.001	0.004
Bacteria;Firmicutes;Bacilli;Lactobacillales;Aerococcaceae;Aerococcus			Genus	eHOMD expansion for skin and nasal taxa		0.004	0.004	4	0	0	0	0.001	0.002	0.019	0	0	0	0	0	0	0.004	0.057	0	0	0	0.001	0	0.002
Bacteria;Firmicutes;Bacilli;Lactobacillales;Carnobacteriaceae;Alloiococcus			Genus				0	4																				
Bacteria;Firmicutes;Bacilli;Lactobacillales;Carnobacteriaceae;Dolosigranulum			Genus			0.038	0.038	3	0	0	0	0	0	0.002	0.038	0.492	0	0.002	0	0.001	0	0.001	0	0.001	0	0.002	0	0.001
Bacteria;Firmicutes;Bacilli;Lactobacillales;Carnobacteriaceae;Granulicatella			Genus			2.23	2.23	1	1.168	1.288	2.23	2.712	2.004	1.34	1.256	0.997	1.189	1.189	2.198	1.679	1.029	0.801	0.436	0.462	0.408	0.512	0.002	0.008
Bacteria;Firmicutes;Bacilli;Lactobacillales;Enterococcaceae;Enterococcus			Genus			0.001	0.001	4	0	0	0	0.001	0.001	0.006	0	0.003	0.001	0.004	0	0	0.001	0.004	0	0	0	0.002	0.003	0.036
Bacteria;Firmicutes;Bacilli;Lactobacillales;Lactobacillaceae;Lactobacillus			Genus			0.155	0.155	2	0.018	0.066	0.004	0.01	0.052	0.477	0.155	1.018	0.01	0.065	0.014	0.073	0.035	0.166	0.011	0.067	0.083	1.034	0.016	0.095
Bacteria;Firmicutes;Bacilli;Lactobacillales;Streptococcaceae;Lactococcus			Genus			0.027	0.027	3	0.004	0.022	0.001	0.008	0.001	0.005	0.003	0.029	0.002	0.017	0.002	0.013	0.027	0.209	0	0.002	0	0.002	0.001	0.007
Bacteria;Firmicutes;Bacilli;Lactobacillales;Streptococcaceae;Streptococcus			Genus			52.152	52.152	1	52.152	16.392	47.989	20.607	41.825	16.662	25.221	17.057	23.873	17.466	19.587	13.318	12.744	7.711	14.392	9.232	11.512	9.094	0.065	0.374
Bacteria;Firmicutes;Clostridia;Clostridiales;Clostridiales [F-1];Clostridiales [F-1][G-1]			Genus				0	4																				
Bacteria;Firmicutes;Clostridia;Clostridiales;Clostridiales [F-1];Clostridiales [F-1][G-2]			Genus				0	4																				
Bacteria;Firmicutes;Clostridia;Clostridiales;Clostridiales [F-3];Clostridiales [F-3][G-1]			Genus				0	4																				
Bacteria;Firmicutes;Clostridia;Clostridiales;Eubacteriaceae [XV];Eubacterium			Genus			0.233	0.233	2	0.034	0.06	0.004	0.016	0.177	0.222	0.215	0.328	0.233	0.441	0.132	0.182	0.117	0.167	0.036	0.095	0.162	0.254	0.148	0.481
Bacteria;Firmicutes;Clostridia;Clostridiales;Eubacteriaceae [XV];Pseudoramibacter			Genus			0	0	4	0	0	0	0	0	0	0	0	0	0	0	0	0	0.002	0	0.002	0	0.004	0	0
Bacteria;Firmicutes;Clostridia;Clostridiales;Lachnospiraceae [XIV];Butyrivibrio			Genus			0.057	0.057	3	0.005	0.016	0	0.002	0.02	0.048	0.057	0.092	0.032	0.062	0.034	0.079	0.043	0.105	0	0.003	0.004	0.027	0	0
Bacteria;Firmicutes;Clostridia;Clostridiales;Lachnospiraceae [XIV];Catonella			Genus			0.556	0.556	2	0.059	0.095	0.016	0.037	0.212	0.227	0.365	0.393	0.385	0.372	0.349	0.333	0.556	0.612	0.126	0.231	0.292	0.362	0	0.002
Bacteria;Firmicutes;Clostridia;Clostridiales;Lachnospiraceae [XIV];Johnsonella			Genus			0.088	0.088	3	0.006	0.06	0	0.001	0.002	0.007	0.004	0.046	0.005	0.035	0	0.001	0.003	0.009	0.031	0.083	0.088	0.252	0	0
Bacteria;Firmicutes;Clostridia;Clostridiales;Lachnospiraceae [XIV];Lachnoanaerobaculum			Genus				0	4																				
Bacteria;Firmicutes;Clostridia;Clostridiales;Lachnospiraceae [XIV];Lachnospiraceae [G-10]			Genus				0	4																				
Bacteria;Firmicutes;Clostridia;Clostridiales;Lachnospiraceae [XIV];Lachnospiraceae [G-2]			Genus				0	4																				
Bacteria;Firmicutes;Clostridia;Clostridiales;Lachnospiraceae [XIV];Lachnospiraceae [G-3]			Genus				0	4																				
Bacteria;Firmicutes;Clostridia;Clostridiales;Lachnospiraceae [XIV];Lachnospiraceae [G-7]			Genus				0	4																				
Bacteria;Firmicutes;Clostridia;Clostridiales;Lachnospiraceae [XIV];Lachnospiraceae [G-8]			Genus				0	4																				
Bacteria;Firmicutes;Clostridia;Clostridiales;Lachnospiraceae [XIV];Lachnospiraceae [G-9]			Genus				0	4																				
Bacteria;Firmicutes;Clostridia;Clostridiales;Lachnospiraceae [XIV];Oribacterium			Genus			2.653	2.653	1	0.227	0.334	0.028	0.099	0.808	0.69	1.37	1.046	1.215	0.93	1.37	0.884	2.653	2.652	0.042	0.099	0.1	0.291	0.001	0.011
Bacteria;Firmicutes;Clostridia;Clostridiales;Lachnospiraceae [XIV];Shuttleworthia			Genus			0.019	0.019	3	0.006	0.021	0.001	0.007	0.005	0.018	0.012	0.054	0.01	0.067	0.001	0.012	0.014	0.038	0.002	0.008	0.019	0.097	0	0
Bacteria;Firmicutes;Clostridia;Clostridiales;Lachnospiraceae [XIV];Stomatobaculum			Genus				0	4																				
Bacteria;Firmicutes;Clostridia;Clostridiales;Peptococcaceae;Peptococcus			Genus			0.049	0.049	3	0.01	0.025	0.001	0.005	0.03	0.05	0.04	0.078	0.049	0.079	0.031	0.055	0.023	0.043	0.014	0.038	0.029	0.053	0.002	0.008
Bacteria;Firmicutes;Clostridia;Clostridiales;Peptoniphilaceae;Anaerococcus			Genus			0.006	0.006	4	0	0.003	0	0.002	0.006	0.075	0.001	0.006	0	0.004	0	0.001	0.001	0.005	0	0.001	0	0.001	0.001	0.007
Bacteria;Firmicutes;Clostridia;Clostridiales;Peptoniphilaceae;Finegoldia			Genus			0.002	0.002	4	0.002	0.015	0	0	0	0.002	0.001	0.006	0	0.002	0	0.001	0	0.002	0	0.001	0	0.001	0.001	0.009
Bacteria;Firmicutes;Clostridia;Clostridiales;Peptoniphilaceae;Parvimonas			Genus			0.485	0.485	2	0.057	0.094	0.018	0.108	0.225	0.329	0.24	0.5	0.415	0.805	0.206	0.368	0.149	0.193	0.108	0.165	0.485	0.556	0.001	0.005
Bacteria;Firmicutes;Clostridia;Clostridiales;Peptoniphilaceae;Peptoniphilaceae [G-1]			Genus				0	4																				
Bacteria;Firmicutes;Clostridia;Clostridiales;Peptoniphilaceae;Peptoniphilaceae [G-2]			Genus				0	4																				
Bacteria;Firmicutes;Clostridia;Clostridiales;Peptoniphilaceae;Peptoniphilaceae [G-3]			Genus				0	4																				
Bacteria;Firmicutes;Clostridia;Clostridiales;Peptoniphilaceae;Peptoniphilus			Genus			0.01	0.01	3	0.001	0.006	0	0	0.001	0.009	0.001	0.008	0.01	0.062	0	0.003	0.005	0.062	0	0	0.001	0.006	0.002	0.016
Bacteria;Firmicutes;Clostridia;Clostridiales;Peptostreptococcaceae [XI];Filifactor			Genus			0.052	0.052	3	0.006	0.015	0.003	0.014	0.006	0.018	0.023	0.091	0.052	0.162	0.016	0.027	0.022	0.058	0.011	0.035	0.052	0.197	0	0
Bacteria;Firmicutes;Clostridia;Clostridiales;Peptostreptococcaceae [XI];Mogibacterium			Genus			0.188	0.188	2	0.021	0.034	0.002	0.01	0.137	0.169	0.188	0.316	0.132	0.176	0.136	0.159	0.089	0.111	0.008	0.02	0.024	0.049	0.002	0.016
Bacteria;Firmicutes;Clostridia;Clostridiales;Peptostreptococcaceae [XI];Peptostreptococcaceae [XI][G-1]			Genus				0	4																				
Bacteria;Firmicutes;Clostridia;Clostridiales;Peptostreptococcaceae [XI];Peptostreptococcaceae [XI][G-2]			Genus				0	4																				
Bacteria;Firmicutes;Clostridia;Clostridiales;Peptostreptococcaceae [XI];Peptostreptococcaceae [XI][G-3]			Genus				0	4																				
Bacteria;Firmicutes;Clostridia;Clostridiales;Peptostreptococcaceae [XI];Peptostreptococcaceae [XI][G-4]			Genus				0	4																				
Bacteria;Firmicutes;Clostridia;Clostridiales;Peptostreptococcaceae [XI];Peptostreptococcaceae [XI][G-5]			Genus				0	4																				
Bacteria;Firmicutes;Clostridia;Clostridiales;Peptostreptococcaceae [XI];Peptostreptococcaceae [XI][G-6]			Genus				0	4																				
Bacteria;Firmicutes;Clostridia;Clostridiales;Peptostreptococcaceae [XI];Peptostreptococcaceae [XI][G-7]			Genus				0	4																				
Bacteria;Firmicutes;Clostridia;Clostridiales;Peptostreptococcaceae [XI];Peptostreptococcaceae [XI][G-8]			Genus				0	4																				
Bacteria;Firmicutes;Clostridia;Clostridiales;Peptostreptococcaceae [XI];Peptostreptococcaceae [XI][G-9]			Genus				0	4																				
Bacteria;Firmicutes;Clostridia;Clostridiales;Peptostreptococcaceae [XI];Peptostreptococcus			Genus			0.263	0.263	2	0.042	0.09	0.012	0.056	0.262	0.338	0.233	0.36	0.239	0.431	0.143	0.154	0.263	0.443	0.017	0.061	0.054	0.148	0.006	0.069
Bacteria;Firmicutes;Clostridia;Clostridiales;Ruminococcaceae;Fastidiosipila			Genus				0	4																				
Bacteria;Firmicutes;Clostridia;Clostridiales;Ruminococcaceae;Ruminococcaceae [G-1]			Genus				0	4																				
Bacteria;Firmicutes;Clostridia;Clostridiales;Ruminococcaceae;Ruminococcaceae [G-2]			Genus				0	4																				
Bacteria;Firmicutes;Clostridia;Clostridiales;Ruminococcaceae;Ruminococcaceae [G-3]			Genus				0	4																				
Bacteria;Firmicutes;Clostridia;Clostridiales;Syntrophomonadaceae [VIII];Syntrophomonadaceae [VIII][G-1]			Genus				0	4																				
Bacteria;Firmicutes;Erysipelotrichia;Erysipelotrichales;Erysipelotrichaceae;Bulleidia			Genus			0.008	0.008	4	0	0	0	0	0	0.001	0.001	0.006	0.008	0.041	0	0.003	0.001	0.003	0	0.003	0	0.003	0	0
Bacteria;Firmicutes;Erysipelotrichia;Erysipelotrichales;Erysipelotrichaceae;Eggerthia			Genus				0	4																				
Bacteria;Firmicutes;Erysipelotrichia;Erysipelotrichales;Erysipelotrichaceae;Erysipelothrix			Genus			0	0	4	0	0.001	0	0.001	0	0.001	0	0	0	0	0	0	0	0	0	0	0	0	0	0
Bacteria;Firmicutes;Erysipelotrichia;Erysipelotrichales;Erysipelotrichaceae;Erysipelotrichaceae [G-1]			Genus				0	4																				
Bacteria;Firmicutes;Erysipelotrichia;Erysipelotrichales;Erysipelotrichaceae;Solobacterium			Genus			0.154	0.154	2	0.012	0.036	0.001	0.006	0.112	0.262	0.154	0.343	0.124	0.207	0.131	0.196	0.104	0.216	0.003	0.009	0.014	0.065	0.004	0.035
Bacteria;Firmicutes;Mollicutes;Mollicutes [O-1];Mollicutes [F-1];Mollicutes [G-1]			Genus				0	4																				
Bacteria;Firmicutes;Mollicutes;Mollicutes [O-2];Mollicutes [F-2];Mollicutes [G-2]			Genus				0	4																				
Bacteria;Firmicutes;Mollicutes;Mycoplasmatales;Mycoplasmataceae;Mycoplasma			Genus			0.069	0.069	3	0.004	0.015	0	0.002	0.005	0.015	0.018	0.071	0.069	0.265	0.005	0.018	0.044	0.124	0.009	0.036	0.033	0.101	0	0.006
Bacteria;Firmicutes;Negativicutes;Selenomonadales;Selenomonadaceae;Centipeda			Genus			0.608	0.608	2	0.014	0.037	0.005	0.016	0.051	0.085	0.231	0.346	0.164	0.304	0.068	0.141	0.608	0.999	0.031	0.054	0.042	0.07	0	0.001
Bacteria;Firmicutes;Negativicutes;Selenomonadales;Selenomonadaceae;Mitsuokella			Genus			0.007	0.007	4	0.001	0.007	0	0.002	0.004	0.021	0.006	0.04	0.001	0.005	0	0	0.007	0.053	0	0.003	0.001	0.014	0.001	0.015
Bacteria;Firmicutes;Negativicutes;Selenomonadales;Selenomonadaceae;Selenomonas			Genus			1.442	1.442	1	0.086	0.137	0.258	1.991	0.057	0.081	0.211	0.331	0.238	0.455	0.038	0.078	0.776	0.993	1.109	1.474	1.442	1.641	0	0.001
Bacteria;Firmicutes;Negativicutes;Veillonellales;Veillonellaceae;Anaeroglobus			Genus			0.038	0.038	3	0.006	0.045	0	0.003	0.002	0.008	0.013	0.137	0.014	0.06	0.002	0.017	0.015	0.038	0.021	0.134	0.038	0.129	0	0.001
Bacteria;Firmicutes;Negativicutes;Veillonellales;Veillonellaceae;Dialister			Genus			0.422	0.422	2	0.043	0.104	0.003	0.011	0.027	0.053	0.084	0.263	0.165	0.42	0.014	0.054	0.232	0.307	0.123	0.288	0.422	0.789	1.02	2.746
Bacteria;Firmicutes;Negativicutes;Veillonellales;Veillonellaceae;Megasphaera			Genus			0.81	0.81	2	0.061	0.13	0.011	0.062	0.314	0.515	0.735	0.944	0.426	0.599	0.438	0.578	0.81	0.947	0.012	0.078	0.048	0.308	0.04	0.245
Bacteria;Firmicutes;Negativicutes;Veillonellales;Veillonellaceae;Veillonella			Genus			12.945	12.945	1	3.674	3.417	5.57	6.282	6.44	4.068	8.543	4.706	8.371	5.487	11.1	4.884	12.945	6.617	3.611	3.679	3.879	5.234	0.07	0.4
Bacteria;Firmicutes;Negativicutes;Veillonellales;Veillonellaceae;Veillonellaceae [G-1]			Genus				0	4																				
Bacteria;Fusobacteria;Fusobacteriia;Fusobacteriales;Fusobacteriaceae;Fusobacterium			Genus			11.996	11.996	1	2.671	2.707	2.24	3.377	3.198	2.907	5.645	5.26	9.802	7.413	7.798	6.889	5.861	4.361	6.454	5.646	11.996	8.407	0.067	0.492
Bacteria;Fusobacteria;Fusobacteriia;Fusobacteriales;Leptotrichiaceae;Leptotrichia			Genus			4.803	4.803	1	1.156	1.714	0.32	1.077	1.42	1.85	4.803	5.515	4.266	4.704	3.304	4.268	1.519	1.235	4.78	4.952	3.488	3.612	0.002	0.016
Bacteria;Fusobacteria;Fusobacteriia;Fusobacteriales;Leptotrichiaceae;Leptotrichiaceae [G-1] (ZERO SPECIES)			Genus				0	4																				
Bacteria;Fusobacteria;Fusobacteriia;Fusobacteriales;Leptotrichiaceae;Sneathia			Genus			0.027	0.027	3	0	0.001	0	0	0	0	0.012	0.14	0.027	0.301	0	0.001	0.002	0.012	0	0.002	0	0.001	0	0
Bacteria;Gracilibacteria (GN02);Gracilibacteria (GN02) [C-1];Gracilibacteria (GN02) [O-1];Gracilibacteria (GN02) [F-1];Gracilibacteria (GN02) [G-1]			Genus				0	4																				
Bacteria;Gracilibacteria (GN02);Gracilibacteria (GN02) [C-1];Gracilibacteria (GN02) [O-1];Gracilibacteria (GN02) [F-1];Gracilibacteria (GN02) [G-3]			Genus				0	4																				
Bacteria;Gracilibacteria (GN02);Gracilibacteria (GN02) [C-1];Gracilibacteria (GN02) [O-1];Gracilibacteria (GN02) [F-1];Gracilibacteria (GN02) [G-4]			Genus				0	4																				
Bacteria;Gracilibacteria (GN02);Gracilibacteria (GN02) [C-2];Gracilibacteria (GN02) [O-2];Gracilibacteria (GN02) [F-2];Gracilibacteria (GN02) [G-2]			Genus				0	4																				
Bacteria;Proteobacteria;Alphaproteobacteria;Alphaproteobacteria [O-1];Alphaproteobacteria [F-1];Micavibrio			Genus	eHOMD expansion for skin and nasal taxa			0	4																				
Bacteria;Proteobacteria;Alphaproteobacteria;Caulobacterales;Caulobacteraceae;Brevundimonas			Genus			0.001	0.001	4	0	0.002	0	0	0.001	0.004	0.001	0.004	0	0.003	0.001	0.011	0	0.001	0	0	0.001	0.012	0	0
Bacteria;Proteobacteria;Alphaproteobacteria;Caulobacterales;Caulobacteraceae;Caulobacter			Genus			0.003	0.003	4	0	0.002	0	0	0	0	0.003	0.037	0	0	0	0	0	0	0	0	0	0	0	0
Bacteria;Proteobacteria;Alphaproteobacteria;Rhizobiales;Bartonellaceae;Bartonella			Genus				0	4																				
Bacteria;Proteobacteria;Alphaproteobacteria;Rhizobiales;Bradyrhizobiaceae;Afipia			Genus			0.003	0.003	4	0	0.001	0	0.002	0.001	0.005	0.003	0.029	0	0	0	0	0.001	0.006	0	0.001	0	0.001	0	0
Bacteria;Proteobacteria;Alphaproteobacteria;Rhizobiales;Bradyrhizobiaceae;Bosea			Genus			0	0	4	0	0	0	0	0	0	0	0	0	0	0	0.002	0	0	0	0	0	0.002	0	0
Bacteria;Proteobacteria;Alphaproteobacteria;Rhizobiales;Bradyrhizobiaceae;Bradyrhizobium			Genus			0.06	0.06	3	0.002	0.009	0.001	0.008	0.006	0.028	0.005	0.027	0.001	0.007	0	0	0.06	0.547	0	0.005	0.001	0.004	0.002	0.02
Bacteria;Proteobacteria;Alphaproteobacteria;Rhizobiales;Brucellaceae;Ochrobactrum			Genus			0	0	4	0	0	0	0	0	0	0	0.004	0	0	0	0	0	0	0	0	0	0	0	0
Bacteria;Proteobacteria;Alphaproteobacteria;Rhizobiales;Phyllobacteriaceae;Defluvibacter			Genus				0	4																				
Bacteria;Proteobacteria;Alphaproteobacteria;Rhizobiales;Rhizobiaceae;Agrobacterium			Genus				0	4																				
Bacteria;Proteobacteria;Alphaproteobacteria;Rhizobiales;Rhizobiaceae;Mesorhizobium			Genus				0	4																				
Bacteria;Proteobacteria;Alphaproteobacteria;Rhodobacterales;Rhodobacteraceae;Haematobacter			Genus	Non-Oral Ref			0	4																				
Bacteria;Proteobacteria;Alphaproteobacteria;Rhodobacterales;Rhodobacteraceae;Paracoccus			Genus	Non-Oral Ref		0.007	0.007	4	0.007	0.039	0.002	0.016	0.003	0.017	0.003	0.017	0	0	0	0.003	0	0.002	0.001	0.005	0.004	0.031	0	0
Bacteria;Proteobacteria;Alphaproteobacteria;Rhodobacterales;Rhodobacteraceae;Rhodobacter			Genus			0.002	0.002	4	0	0.003	0	0	0.002	0.013	0	0.002	0.001	0.01	0	0.001	0.001	0.005	0	0	0	0.001	0	0
Bacteria;Proteobacteria;Alphaproteobacteria;Rhodospirillales;Acetobacteraceae;Roseomonas			Genus	Non-Oral Ref		0	0	4	0	0	0	0	0	0.001	0	0.003	0	0	0	0	0	0	0	0	0	0	0	0
Bacteria;Proteobacteria;Alphaproteobacteria;Rhodospirillales;Rhodospirillales [F-1];Enhydrobacter			Genus	eHOMD expansion for skin and nasal taxa			0	4																				
Bacteria;Proteobacteria;Alphaproteobacteria;Sphingomonadales;Erythrobacteraceae;Erythromicrobium			Genus				0	4																				
Bacteria;Proteobacteria;Alphaproteobacteria;Sphingomonadales;Sphingomonadaceae;Novosphingobium			Genus	Non-Oral Ref		0.002	0.002	4	0	0	0	0.004	0	0.002	0.001	0.004	0	0	0	0	0.002	0.017	0	0	0	0.001	0	0
Bacteria;Proteobacteria;Alphaproteobacteria;Sphingomonadales;Sphingomonadaceae;Porphyrobacter			Genus			0	0	4	0	0	0	0	0	0	0	0.002	0	0	0	0	0	0	0	0	0	0	0	0
Bacteria;Proteobacteria;Alphaproteobacteria;Sphingomonadales;Sphingomonadaceae;Sphingomonas			Genus			0.027	0.027	3	0.004	0.027	0.002	0.01	0.008	0.032	0.012	0.039	0.002	0.009	0	0.002	0.027	0.211	0.001	0.004	0.002	0.008	0.004	0.041
Bacteria;Proteobacteria;Betaproteobacteria;Burkholderiales;Alcaligenaceae;Achromobacter			Genus			0	0	4	0	0.001	0	0	0	0	0	0.001	0	0	0	0	0	0	0	0	0	0	0.001	0.018
Bacteria;Proteobacteria;Betaproteobacteria;Burkholderiales;Alcaligenaceae;Bordetella			Genus				0	4																				
Bacteria;Proteobacteria;Betaproteobacteria;Burkholderiales;Burkholderiaceae;Burkholderia			Genus			0.005	0.005	4	0	0.002	0	0	0.001	0.004	0.005	0.061	0.001	0.003	0	0	0	0.004	0	0.002	0	0.002	0	0
Bacteria;Proteobacteria;Betaproteobacteria;Burkholderiales;Burkholderiaceae;Cupriavidus			Genus			0	0	4	0	0	0	0	0	0.001	0	0.001	0	0	0	0	0	0	0	0	0	0	0	0
Bacteria;Proteobacteria;Betaproteobacteria;Burkholderiales;Burkholderiaceae;Lautropia			Genus				0	4																				
Bacteria;Proteobacteria;Betaproteobacteria;Burkholderiales;Burkholderiaceae;Ralstonia			Genus			0.198	0.198	2	0.014	0.079	0.005	0.02	0.015	0.073	0.047	0.196	0.004	0.031	0.002	0.018	0.198	1.763	0.001	0.004	0.01	0.076	0.002	0.022
Bacteria;Proteobacteria;Betaproteobacteria;Burkholderiales;Comamonadaceae;Acidovorax			Genus	Non-Oral Ref		0.01	0.01	3	0.01	0.057	0.002	0.013	0.004	0.014	0.002	0.011	0.001	0.009	0	0	0.001	0.004	0	0.002	0	0.003	0	0.001
Bacteria;Proteobacteria;Betaproteobacteria;Burkholderiales;Comamonadaceae;Comamonas			Genus			0.003	0.003	4	0.003	0.021	0	0.004	0.002	0.018	0.002	0.018	0	0	0	0.001	0.002	0.014	0	0.003	0.001	0.005	0	0
Bacteria;Proteobacteria;Betaproteobacteria;Burkholderiales;Comamonadaceae;Delftia			Genus			0.137	0.137	2	0.014	0.157	0.001	0.008	0.029	0.266	0.137	0.97	0.003	0.031	0	0	0.007	0.068	0	0.001	0.003	0.024	0	0
Bacteria;Proteobacteria;Betaproteobacteria;Burkholderiales;Comamonadaceae;Leptothrix			Genus				0	4																				
Bacteria;Proteobacteria;Betaproteobacteria;Burkholderiales;Comamonadaceae;Ottowia			Genus			0.057	0.057	3	0.004	0.022	0	0.004	0	0.002	0.007	0.095	0	0.002	0	0.003	0.001	0.008	0.029	0.134	0.057	0.303	0	0
Bacteria;Proteobacteria;Betaproteobacteria;Burkholderiales;Comamonadaceae;Schlegelella			Genus			0.005	0.005	4	0.005	0.063	0	0	0	0.001	0	0.001	0	0	0	0	0	0.004	0.002	0.009	0.001	0.004	0	0
Bacteria;Proteobacteria;Betaproteobacteria;Burkholderiales;Comamonadaceae;Variovorax			Genus			0.001	0.001	4	0	0	0	0	0.001	0.005	0	0.003	0	0	0	0	0	0.002	0	0	0	0	0	0
Bacteria;Proteobacteria;Betaproteobacteria;Neisseriales;Neisseriaceae;Eikenella			Genus				0	4																				
Bacteria;Proteobacteria;Betaproteobacteria;Neisseriales;Neisseriaceae;Kingella			Genus			1.625	1.625	1	0.249	0.649	0.103	0.353	0.087	0.179	0.068	0.173	0.147	1.005	0.02	0.035	0.159	0.254	1.625	1.874	1.281	1.698	0.003	0.031
Bacteria;Proteobacteria;Betaproteobacteria;Neisseriales;Neisseriaceae;Neisseria			Genus			9.992	9.992	1	3.31	3.941	2.189	4.493	4.965	4.913	5.541	7.471	5.27	6.931	9.992	10.561	5.624	5.628	6.464	6.616	4.501	5.451	0.004	0.024
Bacteria;Proteobacteria;Betaproteobacteria;Neisseriales;Neisseriaceae;Neisseriaceae [G-1]			Genus				0	4																				
Bacteria;Proteobacteria;Betaproteobacteria;Neisseriales;Neisseriaceae;Simonsiella			Genus			0.882	0.882	2	0.002	0.012	0.103	0.979	0.882	3.569	0.017	0.152	0.005	0.026	0.002	0.007	0.007	0.033	0	0.003	0	0.004	0	0
Bacteria;Proteobacteria;Betaproteobacteria;Rhodocyclales;Rhodocyclaceae;Rhodocyclus			Genus				0	4																				
Bacteria;Proteobacteria;Deltaproteobacteria;Bdellovibrionales;Bdellovibrionaceae;Bdellovibrio			Genus				0	4																				
Bacteria;Proteobacteria;Deltaproteobacteria;Desulfobacterales;Desulfobulbaceae;Desulfobulbus			Genus			0.003	0.003	4	0	0	0	0	0	0	0	0	0	0	0	0	0	0	0	0.002	0.003	0.019	0	0
Bacteria;Proteobacteria;Deltaproteobacteria;Desulfovibrionales;Desulfomicrobiaceae;Desulfomicrobium			Genus				0	4																				
Bacteria;Proteobacteria;Deltaproteobacteria;Desulfovibrionales;Desulfovibrionaceae;Desulfovibrio			Genus			0	0	4	0	0	0	0	0	0	0	0.001	0	0.001	0	0	0	0.001	0	0	0	0.001	0.005	0.023
Bacteria;Proteobacteria;Epsilonproteobacteria;Campylobacterales;Campylobacteraceae;Campylobacter			Genus			2.943	2.943	1	0.264	0.376	0.977	2.386	0.533	0.599	1.43	1.639	1.496	1.87	1.345	1.679	2.943	3.114	1.005	1.297	1.192	1.104	0.004	0.029
Bacteria;Proteobacteria;Epsilonproteobacteria;Campylobacterales;Helicobacteraceae;Helicobacter			Genus			0.004	0.004	4	0.001	0.013	0	0.003	0.002	0.017	0.004	0.049	0	0.005	0	0	0.001	0.006	0.001	0.008	0.001	0.009	0	0
Bacteria;Proteobacteria;Gammaproteobacteria;Cardiobacteriales;Cardiobacteriaceae;Cardiobacterium			Genus			0.249	0.249	2	0.015	0.037	0.005	0.042	0.006	0.018	0.007	0.028	0.004	0.029	0.001	0.005	0.01	0.027	0.249	0.363	0.217	0.425	0	0
Bacteria;Proteobacteria;Gammaproteobacteria;Enterobacterales;Enterobacteriaceae;Cronobacter			Genus			0	0	4	0	0.002	0	0	0	0.003	0	0.003	0	0.001	0	0	0	0.001	0	0	0	0.001	0.013	0.097
Bacteria;Proteobacteria;Gammaproteobacteria;Enterobacterales;Enterobacteriaceae;Enterobacter			Genus			0.006	0.006	4	0.004	0.028	0.001	0.005	0.006	0.038	0.003	0.02	0.001	0.004	0	0.001	0.002	0.012	0	0.001	0	0.003	0.002	0.013
Bacteria;Proteobacteria;Gammaproteobacteria;Enterobacterales;Enterobacteriaceae;Escherichia			Genus			0.016	0.016	3	0.005	0.022	0.001	0.007	0.007	0.025	0.007	0.022	0.001	0.007	0	0	0.016	0.158	0	0.002	0.004	0.038	0.1	0.665
Bacteria;Proteobacteria;Gammaproteobacteria;Enterobacterales;Enterobacteriaceae;Klebsiella			Genus			0.009	0.009	4	0	0.002	0	0.001	0.009	0.103	0.001	0.003	0	0	0	0	0.006	0.08	0.001	0.009	0	0	0.005	0.024
Bacteria;Proteobacteria;Gammaproteobacteria;Enterobacterales;Enterobacteriaceae;Kluyvera			Genus			0	0	4	0	0	0	0	0	0	0	0.002	0	0.001	0	0	0	0.002	0	0	0	0	0	0
Bacteria;Proteobacteria;Gammaproteobacteria;Enterobacterales;Enterobacteriaceae;Proteus			Genus			0.001	0.001	4	0	0	0	0	0	0	0	0	0	0	0	0	0.001	0.01	0	0	0	0	0	0
Bacteria;Proteobacteria;Gammaproteobacteria;Enterobacterales;Enterobacteriaceae;Yersinia			Genus			0.001	0.001	4	0	0	0	0	0	0.002	0.001	0.004	0	0.001	0	0	0	0.002	0	0	0	0	0	0
Bacteria;Proteobacteria;Gammaproteobacteria;Enterobacterales;Yersiniaceae;Serratia			Genus	Non-Oral Ref		0.001	0.001	4	0	0	0	0	0	0.002	0.001	0.008	0	0.002	0	0	0.001	0.009	0	0	0	0	0	0
Bacteria;Proteobacteria;Gammaproteobacteria;Pasteurellales;Pasteurellaceae;Aggregatibacter			Genus			0.418	0.418	2	0.087	0.255	0.013	0.043	0.037	0.083	0.079	0.604	0.103	0.577	0.011	0.028	0.177	0.277	0.418	0.802	0.411	0.668	0	0.001
Bacteria;Proteobacteria;Gammaproteobacteria;Pasteurellales;Pasteurellaceae;Haemophilus			Genus			6.585	6.585	1	3.506	4.104	6.585	5.831	2.234	2.043	2.325	7.193	1.917	2.266	2.425	2.915	2.313	2.792	0.852	1.409	0.581	0.893	0.008	0.031
Bacteria;Proteobacteria;Gammaproteobacteria;Pasteurellales;Pasteurellaceae;Terrahaemophilus (with zero species)			Genus				0	4																				
Bacteria;Proteobacteria;Gammaproteobacteria;Pseudomonadales;Moraxellaceae;Acinetobacter			Genus			0.024	0.024	3	0.003	0.013	0	0.004	0.009	0.086	0.024	0.21	0	0.002	0.001	0.01	0.002	0.01	0.001	0.003	0.002	0.013	0.001	0.018
Bacteria;Proteobacteria;Gammaproteobacteria;Pseudomonadales;Moraxellaceae;Moraxella			Genus			0.513	0.513	2	0	0.004	0	0	0.001	0.009	0.513	4.73	0	0.001	0	0.001	0.001	0.006	0	0.003	0.001	0.005	0	0.002
Bacteria;Proteobacteria;Gammaproteobacteria;Pseudomonadales;Pseudomonadaceae;Pseudomonas			Genus			0.043	0.043	3	0.006	0.023	0.004	0.035	0.013	0.05	0.043	0.237	0.003	0.009	0	0.001	0.003	0.011	0.001	0.005	0.002	0.012	0	0.004
Bacteria;Proteobacteria;Gammaproteobacteria;Xanthomonadales;Xanthomonadaceae;Stenotrophomonas			Genus			0.096	0.096	3	0.009	0.117	0	0.001	0.05	0.497	0.096	0.945	0.002	0.022	0	0.002	0.006	0.041	0	0.003	0.003	0.022	0	0
Bacteria;Saccharibacteria (TM7);Saccharibacteria (TM7) [C-1];Saccharibacteria (TM7) [O-1];Saccharibacteria (TM7) [F-1];Candidatus Saccharimonas			Genus				0	4																				
Bacteria;Saccharibacteria (TM7);Saccharibacteria (TM7) [C-1];Saccharibacteria (TM7) [O-1];Saccharibacteria (TM7) [F-1];Saccharibacteria (TM7) [G-1]			Genus				0	4																				
Bacteria;Saccharibacteria (TM7);Saccharibacteria (TM7) [C-1];Saccharibacteria (TM7) [O-1];Saccharibacteria (TM7) [F-1];Saccharibacteria (TM7) [G-2]			Genus				0	4																				
Bacteria;Saccharibacteria (TM7);Saccharibacteria (TM7) [C-1];Saccharibacteria (TM7) [O-1];Saccharibacteria (TM7) [F-1];Saccharibacteria (TM7) [G-3]			Genus				0	4																				
Bacteria;Saccharibacteria (TM7);Saccharibacteria (TM7) [C-1];Saccharibacteria (TM7) [O-1];Saccharibacteria (TM7) [F-1];Saccharibacteria (TM7) [G-4]			Genus				0	4																				
Bacteria;Saccharibacteria (TM7);Saccharibacteria (TM7) [C-1];Saccharibacteria (TM7) [O-1];Saccharibacteria (TM7) [F-1];Saccharibacteria (TM7) [G-6]			Genus				0	4																				
Bacteria;Saccharibacteria (TM7);Saccharibacteria (TM7) [C-1];Saccharibacteria (TM7) [O-1];Saccharibacteria (TM7) [F-1];Saccharibacteria (TM7) [G-7]			Genus				0	4																				
Bacteria;Saccharibacteria (TM7);Saccharibacteria (TM7) [C-1];Saccharibacteria (TM7) [O-1];Saccharibacteria (TM7) [F-1];Saccharibacteria (TM7) [G-8]			Genus				0	4																				
Bacteria;Saccharibacteria (TM7);Saccharibacteria (TM7) [C-1];Saccharibacteria (TM7) [O-1];Saccharibacteria (TM7) [F-2];Saccharibacteria (TM7) [G-5]			Genus				0	4																				
Bacteria;Spirochaetes;Spirochaetia;Spirochaetales;Spirochaetaceae;Treponema			Genus			2.239	2.239	1	0.098	0.3	0.004	0.013	0.054	0.11	0.203	0.633	0.572	1.419	0.057	0.125	0.353	0.74	0.626	1.488	2.239	4.079	0	0.001
Bacteria;Synergistetes;Synergistia;Synergistales;Dethiosulfovibrionaceae;Jonquetella			Genus			0.001	0.001	4	0	0	0	0	0	0	0	0	0.001	0.008	0	0	0	0.001	0	0	0	0.001	0	0
Bacteria;Synergistetes;Synergistia;Synergistales;Dethiosulfovibrionaceae;Pyramidobacter			Genus			0	0	4	0	0	0	0	0	0	0	0	0	0	0	0	0	0	0	0	0	0	0	0.001
