Taxonomy	Rank	HMT	Notes	Max	HPA-mean	HPA-10p	HPA-90p	HPA-sd	HPA-prev
Bacteria	domain			98.286	98.286	96.4	99.767	2.314	100.0
Bacteria;Patescibacteria	phylum			0.163	0.163	0.0	0.572	0.482	44.966
Bacteria;Actinomycetota	phylum			9.798	9.798	2.715	16.808	6.792	97.987
Bacteria;Bacteroidota	phylum			11.771	11.771	3.693	19.472	6.194	100.0
Bacteria;Bacillota	phylum			62.291	62.291	42.337	84.121	15.167	100.0
Bacteria;Fusobacteriota	phylum			4.39	4.39	0.597	9.752	4.078	99.329
Bacteria;Pseudomonadota	phylum			9.168	9.168	2.574	16.644	7.015	100.0
Bacteria;Candidatus Saccharimonadota	phylum			0.686	0.686	0.0	1.604	0.812	89.262
Bacteria;Spirochaetota	phylum			0.018	0.018	0.0	0.069	0.044	26.846
Bacteria;Patescibacteria;Patescibacteria [C1]	klass			0.163	0.163	0.0	0.572	0.482	44.966
Bacteria;Actinomycetota;Actinomycetes	klass			9.385	9.385	2.577	16.75	6.62	97.987
Bacteria;Actinomycetota;Coriobacteriia	klass			0.413	0.413	0.0	1.086	0.587	83.221
Bacteria;Bacteroidota;Bacteroidia	klass			11.253	11.253	3.393	18.625	6.11	100.0
Bacteria;Bacteroidota;Flavobacteriia	klass			0.518	0.518	0.04	1.202	0.507	92.617
Bacteria;Bacillota;Bacilli	klass			52.162	52.162	25.831	80.032	18.643	100.0
Bacteria;Bacillota;Clostridia	klass			2.738	2.738	0.359	5.661	2.295	99.329
Bacteria;Bacillota;Erysipelotrichia	klass			0.278	0.278	0.0	0.573	0.44	82.55
Bacteria;Bacillota;Negativicutes	klass			7.113	7.113	2.044	14.239	4.631	100.0
Bacteria;Fusobacteriota;Fusobacteriia	klass			4.39	4.39	0.597	9.752	4.078	99.329
Bacteria;Pseudomonadota;Alphaproteobacteria	klass			0.007	0.007	0.0	0.001	0.034	10.067
Bacteria;Pseudomonadota;Betaproteobacteria	klass			6.064	6.064	0.548	14.053	6.51	99.329
Bacteria;Pseudomonadota;Epsilonproteobacteria	klass			1.145	1.145	0.11	2.611	1.306	96.644
Bacteria;Pseudomonadota;Gammaproteobacteria	klass			1.952	1.952	0.129	4.769	2.297	97.987
Bacteria;Candidatus Saccharimonadota;Saccharimonadota [C1]	klass			0.686	0.686	0.0	1.604	0.812	89.262
Bacteria;Spirochaetota;Spirochaetia	klass			0.018	0.018	0.0	0.069	0.044	26.846
Bacteria;Patescibacteria;Patescibacteria [C1];Absconditabacterales	order			0.163	0.163	0.0	0.572	0.482	44.966
Bacteria;Actinomycetota;Actinomycetes;Actinomycetales	order			4.506	4.506	0.857	9.49	4.248	97.315
Bacteria;Actinomycetota;Actinomycetes;Mycobacteriales	order			0.151	0.151	0.0	0.247	0.546	75.168
Bacteria;Actinomycetota;Actinomycetes;Micrococcales	order			4.56	4.56	0.512	9.135	5.085	97.315
Bacteria;Actinomycetota;Actinomycetes;Propionibacteriales	order			0.169	0.169	0.0	0.244	0.631	53.691
Bacteria;Actinomycetota;Coriobacteriia;Coriobacteriales	order			0.413	0.413	0.0	1.086	0.587	83.221
Bacteria;Bacteroidota;Bacteroidia;Bacteroidales	order			11.253	11.253	3.393	18.625	6.11	100.0
Bacteria;Bacteroidota;Flavobacteriia;Flavobacteriales	order			0.518	0.518	0.04	1.202	0.507	92.617
Bacteria;Bacillota;Bacilli;Caryophanales	order			4.699	4.699	1.015	10.04	4.577	97.987
Bacteria;Bacillota;Bacilli;Lactobacillales	order			47.463	47.463	24.515	71.061	16.839	100.0
Bacteria;Bacillota;Clostridia;Eubacteriales	order			2.738	2.738	0.359	5.661	2.295	99.329
Bacteria;Bacillota;Erysipelotrichia;Erysipelotrichales	order			0.278	0.278	0.0	0.573	0.44	82.55
Bacteria;Bacillota;Negativicutes;Selenomonadales	order			0.152	0.152	0.0	0.397	0.299	70.47
Bacteria;Bacillota;Negativicutes;Veillonellales	order			6.961	6.961	1.922	13.288	4.489	100.0
Bacteria;Fusobacteriota;Fusobacteriia;Fusobacteriales	order			4.39	4.39	0.597	9.752	4.078	99.329
Bacteria;Pseudomonadota;Alphaproteobacteria;Hyphomicrobiales	order			0.007	0.007	0.0	0.001	0.034	10.067
Bacteria;Pseudomonadota;Betaproteobacteria;Burkholderiales	order			0.323	0.323	0.0	0.753	0.624	80.537
Bacteria;Pseudomonadota;Betaproteobacteria;Neisseriales	order			5.741	5.741	0.522	14.047	6.394	99.329
Bacteria;Pseudomonadota;Epsilonproteobacteria;Campylobacterales	order			1.145	1.145	0.11	2.611	1.306	96.644
Bacteria;Pseudomonadota;Gammaproteobacteria;Enterobacterales	order			0.03	0.03	0.0	0.0	0.275	8.054
Bacteria;Pseudomonadota;Gammaproteobacteria;Pasteurellales	order			1.922	1.922	0.117	4.769	2.301	97.987
Bacteria;Candidatus Saccharimonadota;Saccharimonadota [C1];Saccharimonadota [C1 O1]	order			0.686	0.686	0.0	1.604	0.812	89.262
Bacteria;Spirochaetota;Spirochaetia;Spirochaetales	order			0.018	0.018	0.0	0.069	0.044	26.846
Bacteria;Patescibacteria;Patescibacteria [C1];Absconditabacterales;Absconditicoccaceae	family			0.163	0.163	0.0	0.572	0.482	44.966
Bacteria;Actinomycetota;Actinomycetes;Actinomycetales;Actinomycetaceae	family			4.506	4.506	0.857	9.49	4.248	97.315
Bacteria;Actinomycetota;Actinomycetes;Mycobacteriales;Corynebacteriaceae	family			0.151	0.151	0.0	0.247	0.546	75.168
Bacteria;Actinomycetota;Actinomycetes;Micrococcales;Micrococcaceae	family			4.56	4.56	0.512	9.135	5.085	97.315
Bacteria;Actinomycetota;Actinomycetes;Propionibacteriales;Propionibacteriaceae	family			0.169	0.169	0.0	0.244	0.631	53.691
Bacteria;Actinomycetota;Coriobacteriia;Coriobacteriales;Atopobiaceae	family			0.413	0.413	0.0	1.086	0.587	83.221
Bacteria;Bacteroidota;Bacteroidia;Bacteroidales;Odoribacteraceae	family			0.003	0.003	0.0	0.0	0.016	8.054
Bacteria;Bacteroidota;Bacteroidia;Bacteroidales;Porphyromonadaceae	family			2.885	2.885	0.084	7.623	3.355	95.973
Bacteria;Bacteroidota;Bacteroidia;Bacteroidales;Prevotellaceae	family			8.339	8.339	1.461	16.147	5.267	100.0
Bacteria;Bacteroidota;Bacteroidia;Bacteroidales;Tannerellaceae	family			0.027	0.027	0.0	0.103	0.048	40.94
Bacteria;Bacteroidota;Flavobacteriia;Flavobacteriales;Flavobacteriaceae	family			0.277	0.277	0.0	0.716	0.373	85.906
Bacteria;Bacteroidota;Flavobacteriia;Flavobacteriales;Weeksellaceae	family			0.241	0.241	0.0	0.541	0.251	87.248
Bacteria;Bacillota;Bacilli;Caryophanales;Gemellaceae	family			4.663	4.663	1.005	9.892	4.573	97.987
Bacteria;Bacillota;Bacilli;Caryophanales;Staphylococcaceae	family			0.036	0.036	0.0	0.039	0.155	28.188
Bacteria;Bacillota;Bacilli;Lactobacillales;Aerococcaceae	family			0.12	0.12	0.0	0.284	0.322	57.718
Bacteria;Bacillota;Bacilli;Lactobacillales;Carnobacteriaceae	family			2.579	2.579	0.831	4.718	1.63	100.0
Bacteria;Bacillota;Bacilli;Lactobacillales;Lactobacillaceae	family			0.009	0.009	0.0	0.0	0.067	6.04
Bacteria;Bacillota;Bacilli;Lactobacillales;Streptococcaceae	family			44.755	44.755	22.694	68.253	16.864	100.0
Bacteria;Bacillota;Clostridia;Eubacteriales;Lachnospiraceae	family			2.034	2.034	0.284	4.207	1.859	99.329
Bacteria;Bacillota;Clostridia;Eubacteriales;Peptococcaceae	family			0.034	0.034	0.0	0.092	0.074	37.584
Bacteria;Bacillota;Clostridia;Eubacteriales;Anaerovoracaceae	family			0.186	0.186	0.0	0.493	0.213	78.523
Bacteria;Bacillota;Clostridia;Eubacteriales;Peptostreptococcaceae	family			0.398	0.398	0.0	1.145	0.526	78.523
Bacteria;Bacillota;Clostridia;Eubacteriales;Ruminococcaceae	family			0.085	0.085	0.0	0.216	0.153	63.087
Bacteria;Bacillota;Erysipelotrichia;Erysipelotrichales;Erysipelotrichaceae	family			0.278	0.278	0.0	0.573	0.44	82.55
Bacteria;Bacillota;Negativicutes;Selenomonadales;Selenomonadaceae	family			0.152	0.152	0.0	0.397	0.299	70.47
Bacteria;Bacillota;Negativicutes;Veillonellales;Veillonellaceae	family			6.961	6.961	1.922	13.288	4.489	100.0
Bacteria;Fusobacteriota;Fusobacteriia;Fusobacteriales;Fusobacteriaceae	family			2.815	2.815	0.289	6.98	2.741	97.987
Bacteria;Fusobacteriota;Fusobacteriia;Fusobacteriales;Leptotrichiaceae	family			1.575	1.575	0.103	3.591	2.205	95.973
Bacteria;Pseudomonadota;Alphaproteobacteria;Hyphomicrobiales;Nitrobacteraceae	family			0.007	0.007	0.0	0.001	0.034	10.067
Bacteria;Pseudomonadota;Betaproteobacteria;Burkholderiales;Burkholderiaceae	family			0.279	0.279	0.0	0.683	0.497	77.181
Bacteria;Pseudomonadota;Betaproteobacteria;Burkholderiales;Comamonadaceae	family			0.044	0.044	0.0	0.018	0.395	15.436
Bacteria;Pseudomonadota;Betaproteobacteria;Neisseriales;Neisseriaceae	family			5.741	5.741	0.522	14.047	6.394	99.329
Bacteria;Pseudomonadota;Epsilonproteobacteria;Campylobacterales;Campylobacteraceae	family			1.145	1.145	0.11	2.611	1.306	96.644
Bacteria;Pseudomonadota;Gammaproteobacteria;Enterobacterales;Enterobacteriaceae	family			0.03	0.03	0.0	0.0	0.275	8.054
Bacteria;Pseudomonadota;Gammaproteobacteria;Pasteurellales;Pasteurellaceae	family			1.922	1.922	0.117	4.769	2.301	97.987
Bacteria;Candidatus Saccharimonadota;Saccharimonadota [C1];Saccharimonadota [C1 O1];Saccharimonadota [C1 O1 F1]	family			0.686	0.686	0.0	1.604	0.812	89.262
Bacteria;Spirochaetota;Spirochaetia;Spirochaetales;Treponemataceae	family			0.018	0.018	0.0	0.069	0.044	26.846
Bacteria;Patescibacteria;Patescibacteria [C1];Absconditabacterales;Absconditicoccaceae;Absconditicoccaceae [G1]	genus			0.163	0.163	0.0	0.572	0.482	44.966
Bacteria;Actinomycetota;Actinomycetes;Actinomycetales;Actinomycetaceae;Actinomyces	genus			1.331	1.331	0.09	2.849	2.1	93.289
Bacteria;Actinomycetota;Actinomycetes;Actinomycetales;Actinomycetaceae;Schaalia	genus			3.175	3.175	0.491	6.537	2.695	97.315
Bacteria;Actinomycetota;Actinomycetes;Mycobacteriales;Corynebacteriaceae;Corynebacterium	genus			0.151	0.151	0.0	0.247	0.546	75.168
Bacteria;Actinomycetota;Actinomycetes;Micrococcales;Micrococcaceae;Rothia	genus			4.56	4.56	0.512	9.135	5.085	97.315
Bacteria;Actinomycetota;Actinomycetes;Propionibacteriales;Propionibacteriaceae;Cutibacterium	genus			0.169	0.169	0.0	0.244	0.631	53.691
Bacteria;Actinomycetota;Coriobacteriia;Coriobacteriales;Atopobiaceae;Lancefieldella	genus			0.413	0.413	0.0	1.086	0.587	83.221
Bacteria;Bacteroidota;Bacteroidia;Bacteroidales;Odoribacteraceae;Odoribacteraceae [G5]	genus			0.003	0.003	0.0	0.0	0.016	8.054
Bacteria;Bacteroidota;Bacteroidia;Bacteroidales;Porphyromonadaceae;Porphyromonas	genus			2.885	2.885	0.084	7.623	3.355	95.973
Bacteria;Bacteroidota;Bacteroidia;Bacteroidales;Prevotellaceae;Alloprevotella	genus			1.022	1.022	0.063	2.056	1.047	95.973
Bacteria;Bacteroidota;Bacteroidia;Bacteroidales;Prevotellaceae;Prevotella	genus			6.136	6.136	0.854	13.902	4.61	99.329
Bacteria;Bacteroidota;Bacteroidia;Bacteroidales;Prevotellaceae;Hoylesella	genus			0.726	0.726	0.015	1.871	0.893	91.946
Bacteria;Bacteroidota;Bacteroidia;Bacteroidales;Prevotellaceae;Segatella	genus			0.455	0.455	0.0	1.167	0.592	84.564
Bacteria;Bacteroidota;Bacteroidia;Bacteroidales;Tannerellaceae;Tannerella	genus			0.027	0.027	0.0	0.103	0.048	40.94
Bacteria;Bacteroidota;Flavobacteriia;Flavobacteriales;Flavobacteriaceae;Capnocytophaga	genus			0.277	0.277	0.0	0.716	0.373	85.906
Bacteria;Bacteroidota;Flavobacteriia;Flavobacteriales;Weeksellaceae;Cloacibacterium	genus			0.055	0.055	0.0	0.183	0.155	26.846
Bacteria;Bacteroidota;Flavobacteriia;Flavobacteriales;Weeksellaceae;Riemerella	genus			0.187	0.187	0.0	0.475	0.201	82.55
Bacteria;Bacillota;Bacilli;Caryophanales;Gemellaceae;Gemella	genus			4.663	4.663	1.005	9.892	4.573	97.987
Bacteria;Bacillota;Bacilli;Caryophanales;Staphylococcaceae;Staphylococcus	genus			0.036	0.036	0.0	0.039	0.155	28.188
Bacteria;Bacillota;Bacilli;Lactobacillales;Aerococcaceae;Abiotrophia	genus			0.12	0.12	0.0	0.284	0.322	57.718
Bacteria;Bacillota;Bacilli;Lactobacillales;Carnobacteriaceae;Granulicatella	genus			2.579	2.579	0.831	4.718	1.63	100.0
Bacteria;Bacillota;Bacilli;Lactobacillales;Lactobacillaceae;Lactobacillus	genus			0.009	0.009	0.0	0.0	0.067	6.04
Bacteria;Bacillota;Bacilli;Lactobacillales;Streptococcaceae;Streptococcus	genus			44.755	44.755	22.694	68.253	16.864	100.0
Bacteria;Bacillota;Clostridia;Eubacteriales;Lachnospiraceae;Butyrivibrio	genus			0.017	0.017	0.0	0.054	0.043	32.215
Bacteria;Bacillota;Clostridia;Eubacteriales;Lachnospiraceae;Catonella	genus			0.199	0.199	0.0	0.461	0.218	83.893
Bacteria;Bacillota;Clostridia;Eubacteriales;Lachnospiraceae;Lachnoanaerobaculum	genus			0.409	0.409	0.013	0.865	0.473	91.275
Bacteria;Bacillota;Clostridia;Eubacteriales;Lachnospiraceae;Lachnospiraceae [G2]	genus			0.244	0.244	0.0	0.779	0.567	53.02
Bacteria;Bacillota;Clostridia;Eubacteriales;Lachnospiraceae;Lachnospiraceae [G3]	genus			0.025	0.025	0.0	0.069	0.078	28.859
Bacteria;Bacillota;Clostridia;Eubacteriales;Lachnospiraceae;Oribacterium	genus			0.694	0.694	0.1	1.392	0.702	98.658
Bacteria;Bacillota;Clostridia;Eubacteriales;Lachnospiraceae;Stomatobaculum	genus			0.446	0.446	0.0	0.989	0.625	88.591
Bacteria;Bacillota;Clostridia;Eubacteriales;Peptococcaceae;Peptococcus	genus			0.034	0.034	0.0	0.092	0.074	37.584
Bacteria;Bacillota;Clostridia;Eubacteriales;Anaerovoracaceae;Mogibacterium	genus			0.186	0.186	0.0	0.493	0.213	78.523
Bacteria;Bacillota;Clostridia;Eubacteriales;Peptostreptococcaceae;Peptostreptococcaceae [G1 "Eubacterium"]	genus			0.17	0.17	0.0	0.483	0.244	67.114
Bacteria;Bacillota;Clostridia;Eubacteriales;Peptostreptococcaceae;Peptostreptococcaceae [G7 "Eubacterium"]	genus			0.012	0.012	0.0	0.039	0.032	24.161
Bacteria;Bacillota;Clostridia;Eubacteriales;Peptostreptococcaceae;Peptostreptococcus	genus			0.216	0.216	0.0	0.596	0.336	71.812
Bacteria;Bacillota;Clostridia;Eubacteriales;Ruminococcaceae;Ruminococcaceae [G1]	genus			0.039	0.039	0.0	0.109	0.091	39.597
Bacteria;Bacillota;Clostridia;Eubacteriales;Ruminococcaceae;Ruminococcaceae [G2]	genus			0.047	0.047	0.0	0.105	0.122	52.349
Bacteria;Bacillota;Erysipelotrichia;Erysipelotrichales;Erysipelotrichaceae;Solobacterium	genus			0.278	0.278	0.0	0.573	0.44	82.55
Bacteria;Bacillota;Negativicutes;Selenomonadales;Selenomonadaceae;Selenomonas	genus			0.152	0.152	0.0	0.397	0.299	70.47
Bacteria;Bacillota;Negativicutes;Veillonellales;Veillonellaceae;Megasphaera	genus			0.326	0.326	0.0	0.93	0.506	79.866
Bacteria;Bacillota;Negativicutes;Veillonellales;Veillonellaceae;Veillonella	genus			6.634	6.634	1.872	12.208	4.2	100.0
Bacteria;Fusobacteriota;Fusobacteriia;Fusobacteriales;Fusobacteriaceae;Fusobacterium	genus			2.815	2.815	0.289	6.98	2.741	97.987
Bacteria;Fusobacteriota;Fusobacteriia;Fusobacteriales;Leptotrichiaceae;Leptotrichia	genus			1.096	1.096	0.022	2.75	1.85	94.631
Bacteria;Fusobacteriota;Fusobacteriia;Fusobacteriales;Leptotrichiaceae;Pseudoleptotrichia	genus			0.479	0.479	0.0	0.977	0.875	83.893
Bacteria;Pseudomonadota;Alphaproteobacteria;Hyphomicrobiales;Nitrobacteraceae;Afipia	genus			0.007	0.007	0.0	0.001	0.034	10.067
Bacteria;Pseudomonadota;Betaproteobacteria;Burkholderiales;Burkholderiaceae;Lautropia	genus			0.249	0.249	0.0	0.636	0.477	70.47
Bacteria;Pseudomonadota;Betaproteobacteria;Burkholderiales;Burkholderiaceae;Ralstonia	genus			0.029	0.029	0.0	0.056	0.136	28.188
Bacteria;Pseudomonadota;Betaproteobacteria;Burkholderiales;Comamonadaceae;Delftia	genus			0.044	0.044	0.0	0.018	0.395	15.436
Bacteria;Pseudomonadota;Betaproteobacteria;Neisseriales;Neisseriaceae;Eikenella	genus			0.022	0.022	0.0	0.051	0.061	41.611
Bacteria;Pseudomonadota;Betaproteobacteria;Neisseriales;Neisseriaceae;Kingella	genus			0.18	0.18	0.0	0.335	0.525	75.168
Bacteria;Pseudomonadota;Betaproteobacteria;Neisseriales;Neisseriaceae;Neisseria	genus			4.969	4.969	0.358	11.393	6.048	97.987
Bacteria;Pseudomonadota;Betaproteobacteria;Neisseriales;Neisseriaceae;Simonsiella	genus			0.571	0.571	0.0	1.652	1.898	21.477
Bacteria;Pseudomonadota;Epsilonproteobacteria;Campylobacterales;Campylobacteraceae;Campylobacter	genus			1.145	1.145	0.11	2.611	1.306	96.644
Bacteria;Pseudomonadota;Gammaproteobacteria;Enterobacterales;Enterobacteriaceae;Enterobacter	genus			0.008	0.008	0.0	0.0	0.056	5.369
Bacteria;Pseudomonadota;Gammaproteobacteria;Enterobacterales;Enterobacteriaceae;Klebsiella	genus			0.022	0.022	0.0	0.0	0.225	6.04
Bacteria;Pseudomonadota;Gammaproteobacteria;Pasteurellales;Pasteurellaceae;Aggregatibacter	genus			0.004	0.004	0.0	0.0	0.026	4.698
Bacteria;Pseudomonadota;Gammaproteobacteria;Pasteurellales;Pasteurellaceae;Haemophilus	genus			1.918	1.918	0.117	4.769	2.297	97.987
Bacteria;Candidatus Saccharimonadota;Saccharimonadota [C1];Saccharimonadota [C1 O1];Saccharimonadota [C1 O1 F1];Saccharimonadota [C1 O1 F1 G1]	genus			0.686	0.686	0.0	1.604	0.812	89.262
Bacteria;Spirochaetota;Spirochaetia;Spirochaetales;Treponemataceae;Treponema	genus			0.018	0.018	0.0	0.069	0.044	26.846
Bacteria;Patescibacteria;Patescibacteria [C1];Absconditabacterales;Absconditicoccaceae;Absconditicoccaceae [G1];bacterium HMT-345	species	345		0.028	0.028	0.0	0.035	0.121	18.121
Bacteria;Patescibacteria;Patescibacteria [C1];Absconditabacterales;Absconditicoccaceae;Absconditicoccaceae [G1];bacterium HMT-874	species	874		0.008	0.008	0.0	0.024	0.024	19.463
Bacteria;Patescibacteria;Patescibacteria [C1];Absconditabacterales;Absconditicoccaceae;Absconditicoccaceae [G1];bacterium HMT-875	species	875		0.127	0.127	0.0	0.392	0.456	34.228
Bacteria;Actinomycetota;Actinomycetes;Actinomycetales;Actinomycetaceae;Actinomyces;graevenitzii	species	866		1.005	1.005	0.0	2.284	2.059	88.591
Bacteria;Actinomycetota;Actinomycetes;Actinomycetales;Actinomycetaceae;Actinomyces;naeslundii	species	176		0.032	0.032	0.0	0.076	0.081	48.993
Bacteria;Actinomycetota;Actinomycetes;Actinomycetales;Actinomycetaceae;Actinomyces;sp. HMT-169	species	169		0.114	0.114	0.0	0.272	0.202	71.812
Bacteria;Actinomycetota;Actinomycetes;Actinomycetales;Actinomycetaceae;Actinomyces;sp. HMT-170	species	170		0.053	0.053	0.0	0.131	0.115	64.43
Bacteria;Actinomycetota;Actinomycetes;Actinomycetales;Actinomycetaceae;Actinomyces;sp. HMT-175	species	175		0.117	0.117	0.0	0.297	0.279	68.456
Bacteria;Actinomycetota;Actinomycetes;Actinomycetales;Actinomycetaceae;Actinomyces;viscosus	species	688		0.011	0.011	0.0	0.034	0.03	24.832
Bacteria;Actinomycetota;Actinomycetes;Actinomycetales;Actinomycetaceae;Schaalia;lingnae	species	181		0.334	0.334	0.0	0.729	0.424	85.906
Bacteria;Actinomycetota;Actinomycetes;Actinomycetales;Actinomycetaceae;Schaalia;odontolytica	species	701	Reads equidistant to HMT-172 and HMT-701 were assigned to each taxon in proportion to the abundance of HMT-172 and HMT-701 individually at this body site (HPA).	2.099	2.099	0.365	4.506	1.707	97.315
Bacteria;Actinomycetota;Actinomycetes;Actinomycetales;Actinomycetaceae;Schaalia;sp. HMT-172	species	172	Reads equidistant to HMT-172 and HMT-701 were assigned to each taxon in proportion to the abundance of HMT-172 and HMT-701 individually at this body site (HPA).	0.417	0.417	0.006	1.07	0.796	93.289
Bacteria;Actinomycetota;Actinomycetes;Actinomycetales;Actinomycetaceae;Schaalia;sp. HMT-180	species	180		0.324	0.324	0.0	0.859	0.538	74.497
Bacteria;Actinomycetota;Actinomycetes;Mycobacteriales;Corynebacteriaceae;Corynebacterium;durum	species	595		0.071	0.071	0.0	0.162	0.148	63.087
Bacteria;Actinomycetota;Actinomycetes;Mycobacteriales;Corynebacteriaceae;Corynebacterium;matruchotii	species	666		0.08	0.08	0.0	0.095	0.445	51.007
Bacteria;Actinomycetota;Actinomycetes;Micrococcales;Micrococcaceae;Rothia;aeria	species	188		0.081	0.081	0.0	0.23	0.148	58.389
Bacteria;Actinomycetota;Actinomycetes;Micrococcales;Micrococcaceae;Rothia;dentocariosa	species	587		0.224	0.224	0.0	0.623	0.473	78.523
Bacteria;Actinomycetota;Actinomycetes;Micrococcales;Micrococcaceae;Rothia;mucilaginosa	species	681		4.254	4.254	0.463	8.342	4.984	97.315
Bacteria;Actinomycetota;Actinomycetes;Propionibacteriales;Propionibacteriaceae;Cutibacterium;acnes	species	530		0.169	0.169	0.0	0.244	0.631	53.691
Bacteria;Actinomycetota;Coriobacteriia;Coriobacteriales;Atopobiaceae;Lancefieldella;parvula	species	723		0.413	0.413	0.0	1.086	0.587	83.221
Bacteria;Bacteroidota;Bacteroidia;Bacteroidales;Odoribacteraceae;Odoribacteraceae [G5];bacterium HMT-511	species	511		0.003	0.003	0.0	0.0	0.016	8.054
Bacteria;Bacteroidota;Bacteroidia;Bacteroidales;Porphyromonadaceae;Porphyromonas;catoniae	species	283		0.032	0.032	0.0	0.066	0.158	41.611
Bacteria;Bacteroidota;Bacteroidia;Bacteroidales;Porphyromonadaceae;Porphyromonas;endodontalis	species	273		0.017	0.017	0.0	0.027	0.067	23.49
Bacteria;Bacteroidota;Bacteroidia;Bacteroidales;Porphyromonadaceae;Porphyromonas;pasteri	species	279		2.683	2.683	0.043	7.51	3.262	92.617
Bacteria;Bacteroidota;Bacteroidia;Bacteroidales;Porphyromonadaceae;Porphyromonas;sp. HMT-275	species	275		0.009	0.009	0.0	0.02	0.034	16.779
Bacteria;Bacteroidota;Bacteroidia;Bacteroidales;Porphyromonadaceae;Porphyromonas;sp. HMT-285	species	285		0.011	0.011	0.0	0.0	0.084	6.711
Bacteria;Bacteroidota;Bacteroidia;Bacteroidales;Porphyromonadaceae;Porphyromonas;sp. HMT-930	species	930		0.132	0.132	0.0	0.383	0.371	41.611
Bacteria;Bacteroidota;Bacteroidia;Bacteroidales;Prevotellaceae;Alloprevotella;rava	species	302		0.064	0.064	0.0	0.176	0.171	44.966
Bacteria;Bacteroidota;Bacteroidia;Bacteroidales;Prevotellaceae;Alloprevotella;sp. HMT-308	species	308		0.417	0.417	0.0	1.093	0.511	81.208
Bacteria;Bacteroidota;Bacteroidia;Bacteroidales;Prevotellaceae;Alloprevotella;sp. HMT-473	species	473		0.347	0.347	0.0	0.968	0.698	68.456
Bacteria;Bacteroidota;Bacteroidia;Bacteroidales;Prevotellaceae;Alloprevotella;sp. HMT-914	species	914		0.169	0.169	0.0	0.317	0.492	46.309
Bacteria;Bacteroidota;Bacteroidia;Bacteroidales;Prevotellaceae;Alloprevotella;tannerae	species	466		0.025	0.025	0.0	0.076	0.068	31.544
Bacteria;Bacteroidota;Bacteroidia;Bacteroidales;Prevotellaceae;Prevotella;aurantiaca	species	943		0.118	0.118	0.0	0.229	0.424	13.423
Bacteria;Bacteroidota;Bacteroidia;Bacteroidales;Prevotellaceae;Prevotella;histicola	species	298		0.887	0.887	0.0	2.184	1.664	76.51
Bacteria;Bacteroidota;Bacteroidia;Bacteroidales;Prevotellaceae;Prevotella;jejuni	species	313		0.765	0.765	0.0	1.927	1.468	83.221
Bacteria;Bacteroidota;Bacteroidia;Bacteroidales;Prevotellaceae;Prevotella;melaninogenica	species	469		3.425	3.425	0.495	7.509	2.957	99.329
Bacteria;Bacteroidota;Bacteroidia;Bacteroidales;Prevotellaceae;Hoylesella;nanceiensis	species	299		0.547	0.547	0.0	1.289	0.758	86.577
Bacteria;Bacteroidota;Bacteroidia;Bacteroidales;Prevotellaceae;Prevotella;nigrescens	species	693		0.035	0.035	0.0	0.12	0.07	48.322
Bacteria;Bacteroidota;Bacteroidia;Bacteroidales;Prevotellaceae;Prevotella;pallens	species	714		0.795	0.795	0.0	2.125	1.005	84.564
Bacteria;Bacteroidota;Bacteroidia;Bacteroidales;Prevotellaceae;Hoylesella;pleuritidis	species	303		0.012	0.012	0.0	0.021	0.076	15.436
Bacteria;Bacteroidota;Bacteroidia;Bacteroidales;Prevotellaceae;Segatella;salivae	species	307		0.422	0.422	0.0	1.051	0.559	83.893
Bacteria;Bacteroidota;Bacteroidia;Bacteroidales;Prevotellaceae;Prevotella;scopos	species	885		0.047	0.047	0.0	0.105	0.163	23.49
Bacteria;Bacteroidota;Bacteroidia;Bacteroidales;Prevotellaceae;Hoylesella;shahii	species	795		0.144	0.144	0.0	0.44	0.373	34.899
Bacteria;Bacteroidota;Bacteroidia;Bacteroidales;Prevotellaceae;Segatella;sp. HMT-305	species	305		0.033	0.033	0.0	0.097	0.08	36.913
Bacteria;Bacteroidota;Bacteroidia;Bacteroidales;Prevotellaceae;Prevotella;sp. HMT-306	species	306		0.065	0.065	0.0	0.167	0.155	48.322
Bacteria;Bacteroidota;Bacteroidia;Bacteroidales;Prevotellaceae;Hoylesella;sp. HMT-317	species	317		0.023	0.023	0.0	0.063	0.072	36.242
Bacteria;Bacteroidota;Bacteroidia;Bacteroidales;Tannerellaceae;Tannerella;serpentiformis	species	286		0.027	0.027	0.0	0.103	0.048	40.94
Bacteria;Bacteroidota;Flavobacteriia;Flavobacteriales;Flavobacteriaceae;Capnocytophaga;gingivalis	species	337		0.091	0.091	0.0	0.235	0.16	67.114
Bacteria;Bacteroidota;Flavobacteriia;Flavobacteriales;Flavobacteriaceae;Capnocytophaga;granulosa	species	325		0.014	0.014	0.0	0.046	0.048	29.53
Bacteria;Bacteroidota;Flavobacteriia;Flavobacteriales;Flavobacteriaceae;Capnocytophaga;leadbetteri	species	329		0.072	0.072	0.0	0.215	0.118	67.785
Bacteria;Bacteroidota;Flavobacteriia;Flavobacteriales;Flavobacteriaceae;Capnocytophaga;sputigena	species	775		0.1	0.1	0.0	0.279	0.215	63.758
Bacteria;Bacteroidota;Flavobacteriia;Flavobacteriales;Weeksellaceae;Cloacibacterium;sp. HMT-206	species	206		0.055	0.055	0.0	0.183	0.155	26.846
Bacteria;Bacteroidota;Flavobacteriia;Flavobacteriales;Weeksellaceae;Riemerella;sp. HMT-322	species	322		0.187	0.187	0.0	0.475	0.201	82.55
Bacteria;Bacillota;Bacilli;Caryophanales;Gemellaceae;Gemella;haemolysans	species	626		3.941	3.941	0.401	9.435	4.69	97.987
Bacteria;Bacillota;Bacilli;Caryophanales;Gemellaceae;Gemella;morbillorum	species	046		0.057	0.057	0.0	0.143	0.119	57.047
Bacteria;Bacillota;Bacilli;Caryophanales;Gemellaceae;Gemella;sanguinis	species	757		0.665	0.665	0.057	1.47	0.64	93.96
Bacteria;Bacillota;Bacilli;Caryophanales;Staphylococcaceae;Staphylococcus;epidermidis	species	601		0.036	0.036	0.0	0.039	0.155	28.188
Bacteria;Bacillota;Bacilli;Lactobacillales;Aerococcaceae;Abiotrophia;defectiva	species	389		0.12	0.12	0.0	0.284	0.322	57.718
Bacteria;Bacillota;Bacilli;Lactobacillales;Carnobacteriaceae;Granulicatella;adiacens	species	534		1.694	1.694	0.378	3.489	1.189	99.329
Bacteria;Bacillota;Bacilli;Lactobacillales;Carnobacteriaceae;Granulicatella;elegans	species	596		0.885	0.885	0.0	2.897	1.446	77.852
Bacteria;Bacillota;Bacilli;Lactobacillales;Lactobacillaceae;Lactobacillus;gasseri	species	615		0.009	0.009	0.0	0.0	0.067	6.04
Bacteria;Bacillota;Bacilli;Lactobacillales;Streptococcaceae;Streptococcus;australis	species	073	Reads equidistant to HMT-061 and HMT-073 were assigned to each taxon in proportion to the abundance of HMT-061 and HMT-073 individually at this body site (HPA).	1.516	1.516	0.132	3.74	1.679	100.0
Bacteria;Bacillota;Bacilli;Lactobacillales;Streptococcaceae;Streptococcus;gordonii	species	622		0.085	0.085	0.0	0.197	0.254	64.43
Bacteria;Bacillota;Bacilli;Lactobacillales;Streptococcaceae;Streptococcus;mitis	species	677	Because HMT-058 is not present individually, all equidistant reads were assigned to HMT-677 at this body site (HPA).;Some of the reads equidistant from these taxa (058-398-677) are included in HMT-677 because they are too close to differentiate at this site (HPA).	29.049	29.049	6.266	55.727	18.781	100.0
Bacteria;Bacillota;Bacilli;Lactobacillales;Streptococcaceae;Streptococcus;peroris	species	728		0.027	0.027	0.0	0.043	0.101	27.517
Bacteria;Bacillota;Bacilli;Lactobacillales;Streptococcaceae;Streptococcus;salivarius	species	755		3.935	3.935	0.274	10.665	4.882	97.987
Bacteria;Bacillota;Bacilli;Lactobacillales;Streptococcaceae;Streptococcus;sanguinis	species	758		0.323	0.323	0.01	0.759	0.514	91.275
Bacteria;Bacillota;Bacilli;Lactobacillales;Streptococcaceae;Streptococcus;sp. HMT-061	species	061	Reads equidistant to HMT-061 and HMT-073 were assigned to each taxon in proportion to the abundance of HMT-061 and HMT-073 individually at this body site (HPA).	0.052	0.052	0.0	0.07	0.208	72.483
Bacteria;Bacillota;Bacilli;Lactobacillales;Streptococcaceae;Streptococcus;sp. HMT-066	species	066	Reads equidistant to HMT-066 and HMT-073 were assigned to each taxon in proportion to the abundance of HMT-066 and HMT-073 individually at this body site (HPA).	0.074	0.074	0.0	0.28	0.157	75.839
Bacteria;Bacillota;Bacilli;Lactobacillales;Streptococcaceae;Streptococcus;vestibularis	species	021		2.771	2.771	0.0	8.764	6.579	89.262
Bacteria;Bacillota;Clostridia;Eubacteriales;Lachnospiraceae;Butyrivibrio;sp. HMT-455	species	455		0.017	0.017	0.0	0.054	0.043	32.215
Bacteria;Bacillota;Clostridia;Eubacteriales;Lachnospiraceae;Catonella;morbi	species	165		0.199	0.199	0.0	0.461	0.218	83.893
Bacteria;Bacillota;Clostridia;Eubacteriales;Lachnospiraceae;Lachnoanaerobaculum;orale	species	082		0.243	0.243	0.0	0.586	0.359	83.893
Bacteria;Bacillota;Clostridia;Eubacteriales;Lachnospiraceae;Lachnoanaerobaculum;umeaense	species	107	Because HMT-083 is not present individually, all equidistant reads were assigned to HMT-107 at this body site (HPA).	0.166	0.166	0.0	0.386	0.193	82.55
Bacteria;Bacillota;Clostridia;Eubacteriales;Lachnospiraceae;Lachnospiraceae [G2];bacterium HMT-096	species	096		0.244	0.244	0.0	0.779	0.567	53.02
Bacteria;Bacillota;Clostridia;Eubacteriales;Lachnospiraceae;Lachnospiraceae [G3];bacterium HMT-100	species	100		0.025	0.025	0.0	0.069	0.078	28.859
Bacteria;Bacillota;Clostridia;Eubacteriales;Lachnospiraceae;Oribacterium;asaccharolyticum	species	108	Reads equidistant to HMT-108 and HMT-934 were assigned to each taxon in proportion to the abundance of HMT-108 and HMT-934 individually at this body site (HPA).	0.646	0.646	0.077	1.339	0.683	98.658
Bacteria;Bacillota;Clostridia;Eubacteriales;Lachnospiraceae;Oribacterium;parvum	species	934	Reads equidistant to HMT-108 and HMT-934 were assigned to each taxon in proportion to the abundance of HMT-108 and HMT-934 individually at this body site (HPA).	0.049	0.049	0.0	0.136	0.083	79.195
Bacteria;Bacillota;Clostridia;Eubacteriales;Lachnospiraceae;Stomatobaculum;longum	species	419		0.446	0.446	0.0	0.989	0.625	88.591
Bacteria;Bacillota;Clostridia;Eubacteriales;Peptococcaceae;Peptococcus;sp. HMT-168	species	168		0.034	0.034	0.0	0.092	0.074	37.584
Bacteria;Bacillota;Clostridia;Eubacteriales;Anaerovoracaceae;Mogibacterium;diversum	species	593		0.186	0.186	0.0	0.493	0.213	78.523
Bacteria;Bacillota;Clostridia;Eubacteriales;Peptostreptococcaceae;Peptostreptococcaceae [G1 "Eubacterium"];sulci	species	467		0.17	0.17	0.0	0.483	0.244	67.114
Bacteria;Bacillota;Clostridia;Eubacteriales;Peptostreptococcaceae;Peptostreptococcaceae [G7 "Eubacterium"];bacterium HMT-922	species	922		0.009	0.009	0.0	0.031	0.029	16.779
Bacteria;Bacillota;Clostridia;Eubacteriales;Peptostreptococcaceae;Peptostreptococcus;stomatis	species	112		0.216	0.216	0.0	0.596	0.336	71.812
Bacteria;Bacillota;Clostridia;Eubacteriales;Ruminococcaceae;Ruminococcaceae [G1];bacterium HMT-075	species	075		0.039	0.039	0.0	0.109	0.091	39.597
Bacteria;Bacillota;Clostridia;Eubacteriales;Ruminococcaceae;Ruminococcaceae [G2];bacterium HMT-085	species	085		0.047	0.047	0.0	0.105	0.122	52.349
Bacteria;Bacillota;Erysipelotrichia;Erysipelotrichales;Erysipelotrichaceae;Solobacterium;moorei	species	678		0.278	0.278	0.0	0.573	0.44	82.55
Bacteria;Bacillota;Negativicutes;Selenomonadales;Selenomonadaceae;Selenomonas;sp. HMT-136	species	136		0.152	0.152	0.0	0.397	0.299	70.47
Bacteria;Bacillota;Negativicutes;Veillonellales;Veillonellaceae;Megasphaera;micronuciformis	species	122		0.326	0.326	0.0	0.93	0.506	79.866
Bacteria;Bacillota;Negativicutes;Veillonellales;Veillonellaceae;Veillonella;atypica	species	524		1.338	1.338	0.045	3.534	1.506	94.631
Bacteria;Bacillota;Negativicutes;Veillonellales;Veillonellaceae;Veillonella;dispar	species	160	Reads equidistant to HMT-158 and HMT-160 were assigned to each taxon in proportion to the abundance of HMT-158 and HMT-160 individually at this body site (HPA).	3.107	3.107	0.41	7.368	3.049	99.329
Bacteria;Bacillota;Negativicutes;Veillonellales;Veillonellaceae;Veillonella;parvula	species	161	Reads equidistant to HMT-160 and HMT-161 were assigned to each taxon in proportion to the abundance of HMT-160 and HMT-161 individually at this body site (HPA).	0.12	0.12	0.0	0.307	0.215	78.523
Bacteria;Bacillota;Negativicutes;Veillonellales;Veillonellaceae;Veillonella;rogosae	species	158	Reads equidistant to HMT-158 and HMT-160 were assigned to each taxon in proportion to the abundance of HMT-158 and HMT-160 individually at this body site (HPA).	1.909	1.909	0.198	4.326	2.07	97.987
Bacteria;Bacillota;Negativicutes;Veillonellales;Veillonellaceae;Veillonella;sp. HMT-780	species	780		0.127	0.127	0.0	0.266	0.513	44.966
Bacteria;Bacillota;Negativicutes;Veillonellales;Veillonellaceae;Veillonella;sp. HMT-917	species	917		0.032	0.032	0.0	0.0	0.146	9.396
Bacteria;Fusobacteriota;Fusobacteriia;Fusobacteriales;Fusobacteriaceae;Fusobacterium;animalis	species	420		0.039	0.039	0.0	0.099	0.059	60.403
Bacteria;Fusobacteriota;Fusobacteriia;Fusobacteriales;Fusobacteriaceae;Fusobacterium;polymorphum	species	202		0.208	0.208	0.0	0.414	0.792	85.235
Bacteria;Fusobacteriota;Fusobacteriia;Fusobacteriales;Fusobacteriaceae;Fusobacterium;vincentii	species	200		0.047	0.047	0.0	0.109	0.103	55.034
Bacteria;Fusobacteriota;Fusobacteriia;Fusobacteriales;Fusobacteriaceae;Fusobacterium;periodonticum	species	201		2.512	2.512	0.11	6.761	2.64	95.302
Bacteria;Fusobacteriota;Fusobacteriia;Fusobacteriales;Fusobacteriaceae;Fusobacterium;sp. HMT-248	species	248		0.009	0.009	0.0	0.0	0.061	6.711
Bacteria;Fusobacteriota;Fusobacteriia;Fusobacteriales;Leptotrichiaceae;Leptotrichia;buccalis	species	563		0.03	0.03	0.0	0.079	0.07	45.638
Bacteria;Fusobacteriota;Fusobacteriia;Fusobacteriales;Leptotrichiaceae;Leptotrichia;hongkongensis	species	213		0.041	0.041	0.0	0.055	0.206	34.899
Bacteria;Fusobacteriota;Fusobacteriia;Fusobacteriales;Leptotrichiaceae;Pseudoleptotrichia;sp. HMT-212	species	212		0.031	0.031	0.0	0.09	0.068	44.295
Bacteria;Fusobacteriota;Fusobacteriia;Fusobacteriales;Leptotrichiaceae;Pseudoleptotrichia;sp. HMT-215	species	215		0.429	0.429	0.0	0.853	0.872	81.879
Bacteria;Fusobacteriota;Fusobacteriia;Fusobacteriales;Leptotrichiaceae;Leptotrichia;sp. HMT-218	species	218		0.123	0.123	0.0	0.093	0.763	15.436
Bacteria;Fusobacteriota;Fusobacteriia;Fusobacteriales;Leptotrichiaceae;Pseudoleptotrichia;sp. HMT-392	species	392		0.019	0.019	0.0	0.047	0.06	28.188
Bacteria;Fusobacteriota;Fusobacteriia;Fusobacteriales;Leptotrichiaceae;Leptotrichia;sp. HMT-417	species	417	Reads equidistant to HMT-222 and HMT-417 were assigned to each taxon in proportion to the abundance of HMT-222 and HMT-417 individually at this body site (HPA).	0.584	0.584	0.0	1.652	1.035	81.879
Bacteria;Fusobacteriota;Fusobacteriia;Fusobacteriales;Leptotrichiaceae;Leptotrichia;wadei	species	222	Reads equidistant to HMT-222 and HMT-417 were assigned to each taxon in proportion to the abundance of HMT-222 and HMT-417 individually at this body site (HPA).	0.014	0.014	0.0	0.04	0.049	28.188
Bacteria;Fusobacteriota;Fusobacteriia;Fusobacteriales;Leptotrichiaceae;Leptotrichia;sp. HMT-221	species	221		0.304	0.304	0.0	0.834	0.616	57.718
Bacteria;Pseudomonadota;Alphaproteobacteria;Hyphomicrobiales;Nitrobacteraceae;Afipia;broomeae	species	559		0.007	0.007	0.0	0.001	0.034	10.067
Bacteria;Pseudomonadota;Betaproteobacteria;Burkholderiales;Burkholderiaceae;Lautropia;mirabilis	species	022		0.249	0.249	0.0	0.636	0.477	70.47
Bacteria;Pseudomonadota;Betaproteobacteria;Burkholderiales;Burkholderiaceae;Ralstonia;sp. HMT-406	species	406		0.029	0.029	0.0	0.056	0.136	28.188
Bacteria;Pseudomonadota;Betaproteobacteria;Burkholderiales;Comamonadaceae;Delftia;acidovorans	species	023		0.044	0.044	0.0	0.018	0.395	15.436
Bacteria;Pseudomonadota;Betaproteobacteria;Neisseriales;Neisseriaceae;Eikenella;corrodens	species	577		0.022	0.022	0.0	0.051	0.061	41.611
Bacteria;Pseudomonadota;Betaproteobacteria;Neisseriales;Neisseriaceae;Kingella;denitrificans	species	582		0.017	0.017	0.0	0.024	0.077	16.779
Bacteria;Pseudomonadota;Betaproteobacteria;Neisseriales;Neisseriaceae;Kingella;oralis	species	706		0.035	0.035	0.0	0.12	0.062	46.309
Bacteria;Pseudomonadota;Betaproteobacteria;Neisseriales;Neisseriaceae;Kingella;sp. HMT-012	species	012		0.004	0.004	0.0	0.0	0.027	3.356
Bacteria;Pseudomonadota;Betaproteobacteria;Neisseriales;Neisseriaceae;Kingella;sp. HMT-459	species	459		0.084	0.084	0.0	0.067	0.461	24.832
Bacteria;Pseudomonadota;Betaproteobacteria;Neisseriales;Neisseriaceae;Kingella;sp. HMT-932	species	932		0.04	0.04	0.0	0.033	0.255	21.477
Bacteria;Pseudomonadota;Betaproteobacteria;Neisseriales;Neisseriaceae;Neisseria;cinerea	species	956	Some of the reads equidistant from these taxa (669-737-956) are included in HMT-956 because they are too close to differentiate at this site (HPA).	0.019	0.019	0.0	0.045	0.069	28.188
Bacteria;Pseudomonadota;Betaproteobacteria;Neisseriales;Neisseriaceae;Neisseria;elongata	species	598		0.104	0.104	0.0	0.242	0.295	55.705
Bacteria;Pseudomonadota;Betaproteobacteria;Neisseriales;Neisseriaceae;Neisseria;flavescens	species	610	Reads equidistant to HMT-476 and HMT-610 were assigned to each taxon in proportion to the abundance of HMT-476 and HMT-610 individually at this body site (HPA).	0.538	0.538	0.0	1.716	1.05	79.866
Bacteria;Pseudomonadota;Betaproteobacteria;Neisseriales;Neisseriaceae;Neisseria;mucosa	species	682	Because HMT-099 is not present individually, all equidistant reads were assigned to HMT-682 at this body site (HPA).	0.332	0.332	0.0	0.758	1.118	69.128
Bacteria;Pseudomonadota;Betaproteobacteria;Neisseriales;Neisseriaceae;Neisseria;oralis	species	014		0.03	0.03	0.0	0.077	0.093	27.517
Bacteria;Pseudomonadota;Betaproteobacteria;Neisseriales;Neisseriaceae;Neisseria;polysaccharea	species	737	Some of the reads equidistant from these taxa (669-737-956) are included in HMT-737 because they are too close to differentiate at this site (HPA).	0.086	0.086	0.0	0.155	0.542	31.544
Bacteria;Pseudomonadota;Betaproteobacteria;Neisseriales;Neisseriaceae;Neisseria;sicca	species	764	Reads equidistant to HMT-682 and HMT-764 were assigned to each taxon in proportion to the abundance of HMT-682 and HMT-764 individually at this body site (HPA).	0.5	0.5	0.0	0.934	1.791	66.443
Bacteria;Pseudomonadota;Betaproteobacteria;Neisseriales;Neisseriaceae;Neisseria;sp. HMT-499	species	499		0.011	0.011	0.0	0.0	0.124	2.013
Bacteria;Pseudomonadota;Betaproteobacteria;Neisseriales;Neisseriaceae;Neisseria;subflava	species	476	Reads equidistant to HMT-476 and HMT-682 were assigned to each taxon in proportion to the abundance of HMT-476 and HMT-682 individually at this body site (HPA).	3.349	3.349	0.128	7.055	5.207	92.617
Bacteria;Pseudomonadota;Betaproteobacteria;Neisseriales;Neisseriaceae;Simonsiella;muelleri	species	683		0.571	0.571	0.0	1.652	1.898	21.477
Bacteria;Pseudomonadota;Epsilonproteobacteria;Campylobacterales;Campylobacteraceae;Campylobacter;concisus	species	575		0.962	0.962	0.079	2.026	1.039	94.631
Bacteria;Pseudomonadota;Epsilonproteobacteria;Campylobacterales;Campylobacteraceae;Campylobacter;showae	species	763		0.044	0.044	0.0	0.139	0.075	53.02
Bacteria;Pseudomonadota;Epsilonproteobacteria;Campylobacterales;Campylobacteraceae;Campylobacter;sp. HMT-044	species	044		0.139	0.139	0.0	0.352	0.554	33.557
Bacteria;Pseudomonadota;Gammaproteobacteria;Enterobacterales;Enterobacteriaceae;Enterobacter;hormaechei	species	634		0.008	0.008	0.0	0.0	0.056	5.369
Bacteria;Pseudomonadota;Gammaproteobacteria;Enterobacterales;Enterobacteriaceae;Klebsiella;pneumoniae	species	731		0.022	0.022	0.0	0.0	0.225	6.04
Bacteria;Pseudomonadota;Gammaproteobacteria;Pasteurellales;Pasteurellaceae;Aggregatibacter;aphrophilus	species	545		0.004	0.004	0.0	0.0	0.026	4.698
Bacteria;Pseudomonadota;Gammaproteobacteria;Pasteurellales;Pasteurellaceae;Haemophilus;haemolyticus	species	851		0.169	0.169	0.0	0.431	0.342	75.168
Bacteria;Pseudomonadota;Gammaproteobacteria;Pasteurellales;Pasteurellaceae;Haemophilus;parahaemolyticus	species	945		0.116	0.116	0.0	0.294	0.393	46.98
Bacteria;Pseudomonadota;Gammaproteobacteria;Pasteurellales;Pasteurellaceae;Haemophilus;parainfluenzae	species	718		1.51	1.51	0.074	3.741	1.982	95.973
Bacteria;Pseudomonadota;Gammaproteobacteria;Pasteurellales;Pasteurellaceae;Haemophilus;paraphrohaemolyticus	species	035		0.098	0.098	0.0	0.141	0.479	31.544
Bacteria;Pseudomonadota;Gammaproteobacteria;Pasteurellales;Pasteurellaceae;Haemophilus;sputorum	species	944		0.025	0.025	0.0	0.045	0.08	26.174
Bacteria;Candidatus Saccharimonadota;Saccharimonadota [C1];Saccharimonadota [C1 O1];Saccharimonadota [C1 O1 F1];Saccharimonadota [C1 O1 F1 G1];bacterium HMT-346	species	346		0.016	0.016	0.0	0.048	0.042	26.174
Bacteria;Candidatus Saccharimonadota;Saccharimonadota [C1];Saccharimonadota [C1 O1];Saccharimonadota [C1 O1 F1];Saccharimonadota [C1 O1 F1 G1];bacterium HMT-349	species	349		0.006	0.006	0.0	0.008	0.03	10.738
Bacteria;Candidatus Saccharimonadota;Saccharimonadota [C1];Saccharimonadota [C1 O1];Saccharimonadota [C1 O1 F1];Saccharimonadota [C1 O1 F1 G1];bacterium HMT-352	species	352		0.447	0.447	0.0	1.143	0.636	78.523
Bacteria;Candidatus Saccharimonadota;Saccharimonadota [C1];Saccharimonadota [C1 O1];Saccharimonadota [C1 O1 F1];Saccharimonadota [C1 O1 F1 G1];bacterium HMT-351	species	351		0.087	0.087	0.0	0.204	0.13	65.101
Bacteria;Candidatus Saccharimonadota;Saccharimonadota [C1];Saccharimonadota [C1 O1];Saccharimonadota [C1 O1 F1];Saccharimonadota [C1 O1 F1 G1];bacterium HMT-870	species	870		0.118	0.118	0.0	0.339	0.26	58.389
Bacteria;Candidatus Saccharimonadota;Saccharimonadota [C1];Saccharimonadota [C1 O1];Saccharimonadota [C1 O1 F1];Saccharimonadota [C1 O1 F1 G1];bacterium HMT-356	species	356		0.004	0.004	0.0	0.0	0.03	4.698
Bacteria;Spirochaetota;Spirochaetia;Spirochaetales;Treponemataceae;Treponema;medium	species	667		0.018	0.018	0.0	0.069	0.044	26.846
Bacteria;Bacillota;Bacilli;Lactobacillales;Streptococcaceae;Streptococcus;sp. HMT-058	species	058	Neither HMT-058 nor HMT-707 were present singularly so these reads were split evenly at this site (HPA).;Some of the reads equidistant from these taxa (058-398-677) are included in HMT-058 because they are too close to differentiate at this site (HPA).	0.026	0.026	0.0	0.071	0.073	44.295
Bacteria;Candidatus Saccharimonadota;Saccharimonadota [C1];Saccharimonadota [C1 O1];Saccharimonadota [C1 O1 F1];Saccharimonadota [C1 O1 F1 G1];bacterium HMT-488	species	488	Neither HMT-488 nor HMT-957 were present singularly so these reads were split evenly at this site (HPA).	0.004	0.004	0.0	0.016	0.01	19.463
Bacteria;Candidatus Saccharimonadota;Saccharimonadota [C1];Saccharimonadota [C1 O1];Saccharimonadota [C1 O1 F1];Saccharimonadota [C1 O1 F1 G1];bacterium HMT-957	species	957	Neither HMT-488 nor HMT-957 were present singularly so these reads were split evenly at this site (HPA).	0.004	0.004	0.0	0.016	0.01	19.463
Bacteria;Bacillota;Bacilli;Lactobacillales;Streptococcaceae;Streptococcus;cristatus;clade-886	subspecies	886		0.06	0.06	0.0	0.178	0.108	61.745
Bacteria;Bacillota;Bacilli;Lactobacillales;Streptococcaceae;Streptococcus;infantis;clade-638	subspecies	638	Reads equidistant to HMT-061 and HMT-638 were assigned to each taxon in proportion to the abundance of HMT-061 and HMT-638 individually at this body site (HPA).	3.835	3.835	0.911	7.447	3.057	100.0
Bacteria;Bacillota;Bacilli;Lactobacillales;Streptococcaceae;Streptococcus;oralis;subsp. dentisani clade-398	subspecies	398	Because HMT-707 is not present individually, all equidistant reads were assigned to HMT-398 at this body site (HPA).;Some of the reads equidistant from these taxa (058-398-677) are included in HMT-398 because they are too close to differentiate at this site (HPA).	1.046	1.046	0.219	2.072	1.003	100.0
Bacteria;Bacillota;Bacilli;Lactobacillales;Streptococcaceae;Streptococcus;parasanguinis;clade-411	subspecies	411	Reads equidistant to HMT-411 and HMT-721 were assigned to each taxon in proportion to the abundance of HMT-411 and HMT-721 individually at this body site (HPA).	0.053	0.053	0.0	0.115	0.184	47.651
Bacteria;Bacillota;Bacilli;Lactobacillales;Streptococcaceae;Streptococcus;parasanguinis;clade-721	subspecies	721	Reads equidistant to HMT-411 and HMT-721 were assigned to each taxon in proportion to the abundance of HMT-411 and HMT-721 individually at this body site (HPA).	1.876	1.876	0.14	4.909	2.055	95.973
Bacteria;Bacillota;Clostridia;Eubacteriales;Peptostreptococcaceae;Peptostreptococcaceae [G7 "Eubacterium"];yurii;subsps. yurii&margaretiae	subspecies	377		0.003	0.003	0.0	0.012	0.011	12.081
Bacteria;Bacillota;Bacilli;Lactobacillales;Streptococcaceae;Streptococcus;oralis;subsp. oralis	subspecies	707	Neither HMT-058 nor HMT-707 were present singularly so these reads were split evenly at this site (HPA).	0.026	0.026	0.0	0.071	0.073	44.295
UNMATCHED				1.714	1.714	0.233	3.6	2.314	98.658
Bacteria;Bacillota;Bacilli;Lactobacillales;Streptococcaceae;Streptococcus;cristatus	species		combined from subspecies	0.06	0.06	0.0	0.178	0.108	61.745
Bacteria;Bacillota;Bacilli;Lactobacillales;Streptococcaceae;Streptococcus;infantis	species		combined from subspecies	3.835	3.835	0.911	7.447	3.057	100.0
Bacteria;Bacillota;Bacilli;Lactobacillales;Streptococcaceae;Streptococcus;oralis	species		combined from subspecies	1.072	1.072	0.226	2.093	1.014	100.0
Bacteria;Bacillota;Bacilli;Lactobacillales;Streptococcaceae;Streptococcus;parasanguinis	species		combined from subspecies	1.929	1.929	0.14	4.936	2.129	95.973
Bacteria;Bacillota;Clostridia;Eubacteriales;Peptostreptococcaceae;Peptostreptococcaceae [G7 "Eubacterium"];yurii	species		combined from subspecies	0.003	0.003	0.0	0.012	0.011	12.081
