Taxonomy	Rank	HMT	Notes	Max	LRC-mean	LRC-10p	LRC-90p	LRC-sd	LRC-prev
Bacteria	domain			97.064	97.064	95.397	99.877	7.973	100.0
Bacteria;Actinomycetota	phylum			69.905	69.905	33.585	95.998	24.565	100.0
Bacteria;Bacteroidota	phylum			0.378	0.378	0.0	0.59	1.534	66.092
Bacteria;Bacillota	phylum			24.179	24.179	2.293	56.894	21.573	99.713
Bacteria;Fusobacteriota	phylum			0.295	0.295	0.0	0.293	1.52	49.713
Bacteria;Patescibacteria	phylum			0.007	0.007	0.0	0.0	0.111	1.437
Bacteria;Pseudomonadota	phylum			2.256	2.256	0.016	3.221	9.059	92.529
Bacteria;Candidatus Saccharimonadota	phylum			0.044	0.044	0.0	0.028	0.255	21.264
Bacteria;Actinomycetota;Actinomycetes	klass			69.888	69.888	33.585	95.975	24.58	100.0
Bacteria;Actinomycetota;Coriobacteriia	klass			0.017	0.017	0.0	0.028	0.103	16.954
Bacteria;Bacteroidota;Bacteroidia	klass			0.234	0.234	0.0	0.392	1.069	55.172
Bacteria;Bacteroidota;Flavobacteriia	klass			0.145	0.145	0.0	0.138	0.814	39.943
Bacteria;Bacillota;Bacilli	klass			22.25	22.25	2.081	55.028	21.142	99.713
Bacteria;Bacillota;Clostridia	klass			1.745	1.745	0.0	5.385	5.151	75.0
Bacteria;Bacillota;Erysipelotrichia	klass			0.001	0.001	0.0	0.0	0.017	0.287
Bacteria;Bacillota;Negativicutes	klass			0.184	0.184	0.0	0.252	0.842	53.736
Bacteria;Fusobacteriota;Fusobacteriia	klass			0.295	0.295	0.0	0.293	1.52	49.713
Bacteria;Patescibacteria;Patescibacteria [C1]	klass			0.007	0.007	0.0	0.0	0.111	1.437
Bacteria;Pseudomonadota;Alphaproteobacteria	klass			0.121	0.121	0.0	0.23	0.622	52.011
Bacteria;Pseudomonadota;Betaproteobacteria	klass			1.928	1.928	0.0	2.183	8.961	85.345
Bacteria;Pseudomonadota;Epsilonproteobacteria	klass			0.082	0.082	0.0	0.04	0.458	18.103
Bacteria;Pseudomonadota;Gammaproteobacteria	klass			0.125	0.125	0.0	0.261	0.413	57.184
Bacteria;Candidatus Saccharimonadota;Saccharimonadota [C1]	klass			0.044	0.044	0.0	0.028	0.255	21.264
Bacteria;Actinomycetota;Actinomycetes;Actinomycetales	order			0.135	0.135	0.0	0.218	0.657	47.989
Bacteria;Actinomycetota;Actinomycetes;Mycobacteriales	order			7.715	7.715	0.22	24.069	12.871	96.839
Bacteria;Actinomycetota;Actinomycetes;Micrococcales	order			0.162	0.162	0.0	0.35	0.516	66.667
Bacteria;Actinomycetota;Actinomycetes;Propionibacteriales	order			61.877	61.877	12.41	94.409	29.737	100.0
Bacteria;Actinomycetota;Coriobacteriia;Coriobacteriales	order			0.011	0.011	0.0	0.018	0.048	13.506
Bacteria;Actinomycetota;Coriobacteriia;Eggerthellales	order			0.006	0.006	0.0	0.0	0.092	3.736
Bacteria;Bacteroidota;Bacteroidia;Bacteroidales	order			0.234	0.234	0.0	0.392	1.069	55.172
Bacteria;Bacteroidota;Flavobacteriia;Flavobacteriales	order			0.145	0.145	0.0	0.138	0.814	39.943
Bacteria;Bacillota;Bacilli;Caryophanales	order			20.843	20.843	1.583	52.763	20.711	99.138
Bacteria;Bacillota;Bacilli;Lactobacillales	order			1.407	1.407	0.024	4.202	2.517	94.253
Bacteria;Bacillota;Clostridia;Eubacteriales	order			1.745	1.745	0.0	5.385	5.151	75.0
Bacteria;Bacillota;Erysipelotrichia;Erysipelotrichales	order			0.001	0.001	0.0	0.0	0.017	0.287
Bacteria;Bacillota;Negativicutes;Veillonellales	order			0.184	0.184	0.0	0.252	0.842	53.736
Bacteria;Fusobacteriota;Fusobacteriia;Fusobacteriales	order			0.295	0.295	0.0	0.293	1.52	49.713
Bacteria;Patescibacteria;Patescibacteria [C1];Patescibacteria [C1 O1]	order			0.007	0.007	0.0	0.0	0.111	1.437
Bacteria;Pseudomonadota;Alphaproteobacteria;Caulobacterales	order			0.043	0.043	0.0	0.039	0.341	23.563
Bacteria;Pseudomonadota;Alphaproteobacteria;Hyphomicrobiales	order			0.049	0.049	0.0	0.034	0.345	22.126
Bacteria;Pseudomonadota;Alphaproteobacteria;Rhodobacterales	order			0.011	0.011	0.0	0.02	0.059	15.23
Bacteria;Pseudomonadota;Alphaproteobacteria;Rhodospirillales	order			0.004	0.004	0.0	0.0	0.029	4.885
Bacteria;Pseudomonadota;Alphaproteobacteria;Sphingomonadales	order			0.014	0.014	0.0	0.01	0.076	13.793
Bacteria;Pseudomonadota;Betaproteobacteria;Burkholderiales	order			0.413	0.413	0.0	0.573	1.592	68.678
Bacteria;Pseudomonadota;Betaproteobacteria;Neisseriales	order			1.516	1.516	0.0	0.865	8.76	64.655
Bacteria;Pseudomonadota;Epsilonproteobacteria;Campylobacterales	order			0.082	0.082	0.0	0.04	0.458	18.103
Bacteria;Pseudomonadota;Gammaproteobacteria;Cardiobacteriales	order			0.007	0.007	0.0	0.0	0.079	5.172
Bacteria;Pseudomonadota;Gammaproteobacteria;Enterobacterales	order			0.025	0.025	0.0	0.0	0.262	8.908
Bacteria;Pseudomonadota;Gammaproteobacteria;Pasteurellales	order			0.048	0.048	0.0	0.095	0.151	37.069
Bacteria;Pseudomonadota;Gammaproteobacteria;Pseudomonadales	order			0.038	0.038	0.0	0.047	0.264	28.161
Bacteria;Pseudomonadota;Gammaproteobacteria;Lysobacterales	order			0.007	0.007	0.0	0.0	0.063	7.184
Bacteria;Candidatus Saccharimonadota;Saccharimonadota [C1];Saccharimonadota [C1 O1]	order			0.044	0.044	0.0	0.028	0.255	21.264
Bacteria;Actinomycetota;Actinomycetes;Actinomycetales;Actinomycetaceae	family			0.135	0.135	0.0	0.218	0.657	47.989
Bacteria;Actinomycetota;Actinomycetes;Mycobacteriales;Corynebacteriaceae	family			7.222	7.222	0.067	23.904	12.953	94.828
Bacteria;Actinomycetota;Actinomycetes;Mycobacteriales;Lawsonellaceae	family			0.493	0.493	0.0	1.552	0.775	79.598
Bacteria;Actinomycetota;Actinomycetes;Micrococcales;Dermabacteraceae	family			0.006	0.006	0.0	0.007	0.033	10.92
Bacteria;Actinomycetota;Actinomycetes;Micrococcales;Micrococcaceae	family			0.156	0.156	0.0	0.335	0.516	62.069
Bacteria;Actinomycetota;Actinomycetes;Propionibacteriales;Propionibacteriaceae	family			61.877	61.877	12.41	94.409	29.737	100.0
Bacteria;Actinomycetota;Coriobacteriia;Coriobacteriales;Atopobiaceae	family			0.011	0.011	0.0	0.018	0.048	13.506
Bacteria;Actinomycetota;Coriobacteriia;Eggerthellales;Eggerthellaceae	family			0.006	0.006	0.0	0.0	0.092	3.736
Bacteria;Bacteroidota;Bacteroidia;Bacteroidales;Porphyromonadaceae	family			0.115	0.115	0.0	0.119	0.699	35.057
Bacteria;Bacteroidota;Bacteroidia;Bacteroidales;Prevotellaceae	family			0.119	0.119	0.0	0.198	0.484	44.253
Bacteria;Bacteroidota;Flavobacteriia;Flavobacteriales;Flavobacteriaceae	family			0.089	0.089	0.0	0.063	0.683	26.437
Bacteria;Bacteroidota;Flavobacteriia;Flavobacteriales;Weeksellaceae	family			0.055	0.055	0.0	0.048	0.271	25.0
Bacteria;Bacillota;Bacilli;Caryophanales;Bacillaceae	family			0.012	0.012	0.0	0.0	0.152	6.609
Bacteria;Bacillota;Bacilli;Caryophanales;Gemellaceae	family			0.084	0.084	0.0	0.192	0.306	40.805
Bacteria;Bacillota;Bacilli;Caryophanales;Staphylococcaceae	family			20.746	20.746	1.479	52.763	20.71	99.138
Bacteria;Bacillota;Bacilli;Lactobacillales;Aerococcaceae	family			0.027	0.027	0.0	0.028	0.125	15.517
Bacteria;Bacillota;Bacilli;Lactobacillales;Carnobacteriaceae	family			0.099	0.099	0.0	0.206	0.375	47.126
Bacteria;Bacillota;Bacilli;Lactobacillales;Enterococcaceae	family			0.007	0.007	0.0	0.0	0.057	4.31
Bacteria;Bacillota;Bacilli;Lactobacillales;Lactobacillaceae	family			0.111	0.111	0.0	0.23	0.429	41.667
Bacteria;Bacillota;Bacilli;Lactobacillales;Streptococcaceae	family			1.164	1.164	0.012	3.386	2.14	92.241
Bacteria;Bacillota;Clostridia;Eubacteriales;Lachnospiraceae	family			0.097	0.097	0.0	0.05	1.298	24.425
Bacteria;Bacillota;Clostridia;Eubacteriales;Peptostreptococcaceae	family			0.002	0.002	0.0	0.0	0.015	3.736
Bacteria;Bacillota;Clostridia;Eubacteriales;Ruminococcaceae	family			0.002	0.002	0.0	0.0	0.033	3.161
Bacteria;Bacillota;Erysipelotrichia;Erysipelotrichales;Erysipelotrichaceae	family			0.001	0.001	0.0	0.0	0.017	0.287
Bacteria;Bacillota;Negativicutes;Veillonellales;Veillonellaceae	family			0.184	0.184	0.0	0.252	0.842	53.736
Bacteria;Bacillota;Clostridia;Eubacteriales;Peptoniphilaceae	family			1.643	1.643	0.0	5.173	5.014	66.954
Bacteria;Fusobacteriota;Fusobacteriia;Fusobacteriales;Fusobacteriaceae	family			0.202	0.202	0.0	0.187	1.256	37.644
Bacteria;Fusobacteriota;Fusobacteriia;Fusobacteriales;Leptotrichiaceae	family			0.092	0.092	0.0	0.107	0.527	29.885
Bacteria;Patescibacteria;Patescibacteria [C1];Patescibacteria [C1 O1];Patescibacteria [C1 O1 F1]	family			0.007	0.007	0.0	0.0	0.111	1.437
Bacteria;Pseudomonadota;Alphaproteobacteria;Caulobacterales;Caulobacteraceae	family			0.043	0.043	0.0	0.039	0.341	23.563
Bacteria;Pseudomonadota;Alphaproteobacteria;Hyphomicrobiales;Nitrobacteraceae	family			0.045	0.045	0.0	0.023	0.344	18.966
Bacteria;Pseudomonadota;Alphaproteobacteria;Hyphomicrobiales;Rhizobiaceae	family			0.004	0.004	0.0	0.0	0.029	4.598
Bacteria;Pseudomonadota;Alphaproteobacteria;Rhodobacterales;Paracoccaceae	family			0.011	0.011	0.0	0.02	0.059	15.23
Bacteria;Pseudomonadota;Alphaproteobacteria;Rhodospirillales;Acetobacteraceae	family			0.004	0.004	0.0	0.0	0.029	4.885
Bacteria;Pseudomonadota;Alphaproteobacteria;Sphingomonadales;Erythrobacteraceae	family			0.006	0.006	0.0	0.0	0.044	7.471
Bacteria;Pseudomonadota;Alphaproteobacteria;Sphingomonadales;Sphingomonadaceae	family			0.008	0.008	0.0	0.0	0.062	8.046
Bacteria;Pseudomonadota;Betaproteobacteria;Burkholderiales;Burkholderiaceae	family			0.268	0.268	0.0	0.23	1.365	41.379
Bacteria;Pseudomonadota;Betaproteobacteria;Burkholderiales;Comamonadaceae	family			0.145	0.145	0.0	0.303	0.544	49.425
Bacteria;Pseudomonadota;Betaproteobacteria;Neisseriales;Neisseriaceae	family			1.516	1.516	0.0	0.865	8.76	64.655
Bacteria;Pseudomonadota;Epsilonproteobacteria;Campylobacterales;Campylobacteraceae	family			0.069	0.069	0.0	0.033	0.429	17.241
Bacteria;Pseudomonadota;Epsilonproteobacteria;Campylobacterales;Helicobacteraceae	family			0.013	0.013	0.0	0.0	0.166	1.149
Bacteria;Pseudomonadota;Gammaproteobacteria;Cardiobacteriales;Cardiobacteriaceae	family			0.007	0.007	0.0	0.0	0.079	5.172
Bacteria;Pseudomonadota;Gammaproteobacteria;Enterobacterales;Enterobacteriaceae	family			0.025	0.025	0.0	0.0	0.262	8.908
Bacteria;Pseudomonadota;Gammaproteobacteria;Pasteurellales;Pasteurellaceae	family			0.048	0.048	0.0	0.095	0.151	37.069
Bacteria;Pseudomonadota;Gammaproteobacteria;Pseudomonadales;Moraxellaceae	family			0.026	0.026	0.0	0.021	0.228	17.529
Bacteria;Pseudomonadota;Gammaproteobacteria;Pseudomonadales;Pseudomonadaceae	family			0.012	0.012	0.0	0.014	0.132	14.368
Bacteria;Pseudomonadota;Gammaproteobacteria;Lysobacterales;Lysobacteraceae	family			0.007	0.007	0.0	0.0	0.063	7.184
Bacteria;Candidatus Saccharimonadota;Saccharimonadota [C1];Saccharimonadota [C1 O1];Saccharimonadota [C1 O1 F1]	family			0.044	0.044	0.0	0.028	0.255	21.264
Bacteria;Actinomycetota;Actinomycetes;Actinomycetales;Actinomycetaceae;Actinomyces	genus			0.118	0.118	0.0	0.218	0.56	47.701
Bacteria;Actinomycetota;Actinomycetes;Actinomycetales;Actinomycetaceae;Peptidiphaga	genus			0.017	0.017	0.0	0.0	0.193	5.46
Bacteria;Actinomycetota;Actinomycetes;Mycobacteriales;Corynebacteriaceae;Corynebacterium	genus			7.222	7.222	0.067	23.904	12.953	94.828
Bacteria;Actinomycetota;Actinomycetes;Mycobacteriales;Lawsonellaceae;Lawsonella	genus			0.493	0.493	0.0	1.552	0.775	79.598
Bacteria;Actinomycetota;Actinomycetes;Micrococcales;Dermabacteraceae;Dermabacter	genus			0.006	0.006	0.0	0.007	0.033	10.92
Bacteria;Actinomycetota;Actinomycetes;Micrococcales;Micrococcaceae;Micrococcus	genus			0.041	0.041	0.0	0.068	0.304	26.149
Bacteria;Actinomycetota;Actinomycetes;Micrococcales;Micrococcaceae;Rothia	genus			0.115	0.115	0.0	0.219	0.4	50.862
Bacteria;Actinomycetota;Actinomycetes;Propionibacteriales;Propionibacteriaceae;Arachnia	genus			0.009	0.009	0.0	0.0	0.131	2.586
Bacteria;Actinomycetota;Actinomycetes;Propionibacteriales;Propionibacteriaceae;Cutibacterium	genus			61.868	61.868	12.41	94.409	29.749	100.0
Bacteria;Actinomycetota;Coriobacteriia;Coriobacteriales;Atopobiaceae;Lancefieldella	genus			0.008	0.008	0.0	0.007	0.043	10.632
Bacteria;Actinomycetota;Coriobacteriia;Coriobacteriales;Atopobiaceae;Fannyhessea	genus			0.003	0.003	0.0	0.0	0.022	3.161
Bacteria;Actinomycetota;Coriobacteriia;Eggerthellales;Eggerthellaceae;Eggerthella	genus			0.006	0.006	0.0	0.0	0.092	3.736
Bacteria;Bacteroidota;Bacteroidia;Bacteroidales;Porphyromonadaceae;Porphyromonas	genus			0.115	0.115	0.0	0.119	0.699	35.057
Bacteria;Bacteroidota;Bacteroidia;Bacteroidales;Prevotellaceae;Alloprevotella	genus			0.026	0.026	0.0	0.04	0.14	19.253
Bacteria;Bacteroidota;Bacteroidia;Bacteroidales;Prevotellaceae;Prevotella	genus			0.06	0.06	0.0	0.095	0.277	31.322
Bacteria;Bacteroidota;Bacteroidia;Bacteroidales;Prevotellaceae;Hoylesella	genus			0.024	0.024	0.0	0.012	0.178	13.218
Bacteria;Bacteroidota;Bacteroidia;Bacteroidales;Prevotellaceae;Segatella	genus			0.008	0.008	0.0	0.0	0.061	8.046
Bacteria;Bacteroidota;Flavobacteriia;Flavobacteriales;Flavobacteriaceae;Capnocytophaga	genus			0.089	0.089	0.0	0.063	0.683	26.437
Bacteria;Bacteroidota;Flavobacteriia;Flavobacteriales;Weeksellaceae;Cloacibacterium	genus			0.032	0.032	0.0	0.022	0.186	15.23
Bacteria;Bacteroidota;Flavobacteriia;Flavobacteriales;Weeksellaceae;Riemerella	genus			0.023	0.023	0.0	0.01	0.198	12.356
Bacteria;Bacillota;Bacilli;Caryophanales;Bacillaceae;Anoxybacillus	genus			0.008	0.008	0.0	0.0	0.148	0.575
Bacteria;Bacillota;Bacilli;Caryophanales;Gemellaceae;Gemella	genus			0.084	0.084	0.0	0.192	0.306	40.805
Bacteria;Bacillota;Bacilli;Caryophanales;Staphylococcaceae;Staphylococcus	genus			20.746	20.746	1.479	52.763	20.71	99.138
Bacteria;Bacillota;Bacilli;Lactobacillales;Aerococcaceae;Abiotrophia	genus			0.027	0.027	0.0	0.028	0.125	15.517
Bacteria;Bacillota;Bacilli;Lactobacillales;Carnobacteriaceae;Dolosigranulum	genus			0.011	0.011	0.0	0.007	0.092	10.92
Bacteria;Bacillota;Bacilli;Lactobacillales;Carnobacteriaceae;Granulicatella	genus			0.088	0.088	0.0	0.192	0.365	42.816
Bacteria;Bacillota;Bacilli;Lactobacillales;Enterococcaceae;Enterococcus	genus			0.007	0.007	0.0	0.0	0.057	4.31
Bacteria;Bacillota;Bacilli;Lactobacillales;Lactobacillaceae;Lactobacillus	genus			0.111	0.111	0.0	0.23	0.429	41.667
Bacteria;Bacillota;Bacilli;Lactobacillales;Streptococcaceae;Lactococcus	genus			0.041	0.041	0.0	0.014	0.4	14.08
Bacteria;Bacillota;Bacilli;Lactobacillales;Streptococcaceae;Streptococcus	genus			1.122	1.122	0.012	3.243	2.045	92.241
Bacteria;Bacillota;Clostridia;Eubacteriales;Lachnospiraceae;Lachnoanaerobaculum	genus			0.012	0.012	0.0	0.017	0.062	15.23
Bacteria;Bacillota;Clostridia;Eubacteriales;Lachnospiraceae;Oribacterium	genus			0.074	0.074	0.0	0.0	1.207	8.621
Bacteria;Bacillota;Clostridia;Eubacteriales;Lachnospiraceae;Shuttleworthia	genus			0.001	0.001	0.0	0.0	0.009	1.149
Bacteria;Bacillota;Clostridia;Eubacteriales;Lachnospiraceae;Stomatobaculum	genus			0.01	0.01	0.0	0.0	0.089	7.759
Bacteria;Bacillota;Clostridia;Eubacteriales;Peptostreptococcaceae;Peptostreptococcaceae [G7 "Eubacterium"]	genus			0.001	0.001	0.0	0.0	0.007	2.299
Bacteria;Bacillota;Clostridia;Eubacteriales;Peptostreptococcaceae;Peptostreptococcaceae [G9 "Eubacterium"]	genus			0.001	0.001	0.0	0.0	0.012	2.299
Bacteria;Bacillota;Clostridia;Eubacteriales;Ruminococcaceae;Ruminococcaceae [G1]	genus			0.002	0.002	0.0	0.0	0.033	3.161
Bacteria;Bacillota;Erysipelotrichia;Erysipelotrichales;Erysipelotrichaceae;Bulleidia	genus			0.001	0.001	0.0	0.0	0.017	0.287
Bacteria;Bacillota;Negativicutes;Veillonellales;Veillonellaceae;Megasphaera	genus			0.005	0.005	0.0	0.0	0.049	5.172
Bacteria;Bacillota;Negativicutes;Veillonellales;Veillonellaceae;Veillonella	genus			0.178	0.178	0.0	0.246	0.823	52.874
Bacteria;Bacillota;Clostridia;Eubacteriales;Peptoniphilaceae;Anaerococcus	genus			1.246	1.246	0.0	4.373	3.554	56.322
Bacteria;Bacillota;Clostridia;Eubacteriales;Peptoniphilaceae;Finegoldia	genus			0.282	0.282	0.0	0.212	2.223	33.046
Bacteria;Bacillota;Clostridia;Eubacteriales;Peptoniphilaceae;Peptoniphilus	genus			0.116	0.116	0.0	0.069	0.518	19.828
Bacteria;Fusobacteriota;Fusobacteriia;Fusobacteriales;Fusobacteriaceae;Fusobacterium	genus			0.202	0.202	0.0	0.187	1.256	37.644
Bacteria;Fusobacteriota;Fusobacteriia;Fusobacteriales;Leptotrichiaceae;Leptotrichia	genus			0.048	0.048	0.0	0.056	0.25	23.563
Bacteria;Fusobacteriota;Fusobacteriia;Fusobacteriales;Leptotrichiaceae;Pseudoleptotrichia	genus			0.045	0.045	0.0	0.023	0.317	16.379
Bacteria;Patescibacteria;Patescibacteria [C1];Patescibacteria [C1 O1];Patescibacteria [C1 O1 F1];Patescibacteria [C1 O1 F1 G1]	genus			0.007	0.007	0.0	0.0	0.111	1.437
Bacteria;Pseudomonadota;Alphaproteobacteria;Caulobacterales;Caulobacteraceae;Brevundimonas	genus			0.017	0.017	0.0	0.014	0.121	13.793
Bacteria;Pseudomonadota;Alphaproteobacteria;Caulobacterales;Caulobacteraceae;Caulobacter	genus			0.026	0.026	0.0	0.005	0.32	11.782
Bacteria;Pseudomonadota;Alphaproteobacteria;Hyphomicrobiales;Nitrobacteraceae;Afipia	genus			0.033	0.033	0.0	0.015	0.275	17.241
Bacteria;Pseudomonadota;Alphaproteobacteria;Hyphomicrobiales;Nitrobacteraceae;Bradyrhizobium	genus			0.012	0.012	0.0	0.0	0.209	2.299
Bacteria;Pseudomonadota;Alphaproteobacteria;Hyphomicrobiales;Rhizobiaceae;Agrobacterium	genus			0.004	0.004	0.0	0.0	0.029	4.598
Bacteria;Pseudomonadota;Alphaproteobacteria;Rhodobacterales;Paracoccaceae;Paracoccus	genus			0.011	0.011	0.0	0.02	0.059	15.23
Bacteria;Pseudomonadota;Alphaproteobacteria;Rhodospirillales;Acetobacteraceae;Roseomonas	genus			0.004	0.004	0.0	0.0	0.029	4.885
Bacteria;Pseudomonadota;Alphaproteobacteria;Sphingomonadales;Erythrobacteraceae;Novosphingobium	genus			0.006	0.006	0.0	0.0	0.044	7.471
Bacteria;Pseudomonadota;Alphaproteobacteria;Sphingomonadales;Sphingomonadaceae;Sphingomonas	genus			0.008	0.008	0.0	0.0	0.062	8.046
Bacteria;Pseudomonadota;Betaproteobacteria;Burkholderiales;Burkholderiaceae;Lautropia	genus			0.066	0.066	0.0	0.022	0.685	15.517
Bacteria;Pseudomonadota;Betaproteobacteria;Burkholderiales;Burkholderiaceae;Ralstonia	genus			0.202	0.202	0.0	0.158	1.185	30.747
Bacteria;Pseudomonadota;Betaproteobacteria;Burkholderiales;Comamonadaceae;Acidovorax	genus			0.097	0.097	0.0	0.105	0.506	34.195
Bacteria;Pseudomonadota;Betaproteobacteria;Burkholderiales;Comamonadaceae;Comamonas	genus			0.006	0.006	0.0	0.0	0.055	3.448
Bacteria;Pseudomonadota;Betaproteobacteria;Burkholderiales;Comamonadaceae;Delftia	genus			0.03	0.03	0.0	0.044	0.126	19.253
Bacteria;Pseudomonadota;Betaproteobacteria;Burkholderiales;Comamonadaceae;Leptothrix	genus			0.011	0.011	0.0	0.0	0.101	4.31
Bacteria;Pseudomonadota;Betaproteobacteria;Burkholderiales;Comamonadaceae;Schlegelella	genus			0.002	0.002	0.0	0.0	0.016	2.011
Bacteria;Pseudomonadota;Betaproteobacteria;Neisseriales;Neisseriaceae;Kingella	genus			0.007	0.007	0.0	0.005	0.055	10.92
Bacteria;Pseudomonadota;Betaproteobacteria;Neisseriales;Neisseriaceae;Neisseria	genus			0.262	0.262	0.0	0.271	1.74	50.862
Bacteria;Pseudomonadota;Betaproteobacteria;Neisseriales;Neisseriaceae;Neisseriaceae [G1]	genus			1.246	1.246	0.0	0.326	8.603	30.46
Bacteria;Pseudomonadota;Epsilonproteobacteria;Campylobacterales;Campylobacteraceae;Campylobacter	genus			0.069	0.069	0.0	0.033	0.429	17.241
Bacteria;Pseudomonadota;Epsilonproteobacteria;Campylobacterales;Helicobacteraceae;Helicobacter	genus			0.013	0.013	0.0	0.0	0.166	1.149
Bacteria;Pseudomonadota;Gammaproteobacteria;Cardiobacteriales;Cardiobacteriaceae;Cardiobacterium	genus			0.007	0.007	0.0	0.0	0.079	5.172
Bacteria;Pseudomonadota;Gammaproteobacteria;Enterobacterales;Enterobacteriaceae;Klebsiella	genus			0.025	0.025	0.0	0.0	0.262	8.908
Bacteria;Pseudomonadota;Gammaproteobacteria;Pasteurellales;Pasteurellaceae;Haemophilus	genus			0.048	0.048	0.0	0.095	0.151	37.069
Bacteria;Pseudomonadota;Gammaproteobacteria;Pseudomonadales;Moraxellaceae;Acinetobacter	genus			0.007	0.007	0.0	0.006	0.039	11.782
Bacteria;Pseudomonadota;Gammaproteobacteria;Pseudomonadales;Moraxellaceae;Moraxella	genus			0.019	0.019	0.0	0.0	0.225	7.471
Bacteria;Pseudomonadota;Gammaproteobacteria;Pseudomonadales;Pseudomonadaceae;Pseudomonas	genus			0.012	0.012	0.0	0.014	0.132	14.368
Bacteria;Pseudomonadota;Gammaproteobacteria;Lysobacterales;Lysobacteraceae;Stenotrophomonas	genus			0.007	0.007	0.0	0.0	0.063	7.184
Bacteria;Candidatus Saccharimonadota;Saccharimonadota [C1];Saccharimonadota [C1 O1];Saccharimonadota [C1 O1 F1];Saccharimonadota [C1 O1 F1 G1]	genus			0.044	0.044	0.0	0.028	0.255	21.264
Bacteria;Bacillota;Bacilli;Caryophanales;Bacillaceae;Bacillus	genus			0.004	0.004	0.0	0.0	0.034	6.034
Bacteria;Actinomycetota;Actinomycetes;Actinomycetales;Actinomycetaceae;Actinomyces;naeslundii	species	176		0.088	0.088	0.0	0.125	0.516	39.943
Bacteria;Actinomycetota;Actinomycetes;Actinomycetales;Actinomycetaceae;Actinomyces;sp. HMT-175	species	175		0.03	0.03	0.0	0.049	0.142	23.851
Bacteria;Actinomycetota;Actinomycetes;Actinomycetales;Actinomycetaceae;Peptidiphaga;sp. HMT-183	species	183		0.017	0.017	0.0	0.0	0.193	5.46
Bacteria;Actinomycetota;Actinomycetes;Mycobacteriales;Corynebacteriaceae;Corynebacterium;accolens	species	019		0.1	0.1	0.0	0.167	0.659	51.149
Bacteria;Actinomycetota;Actinomycetes;Mycobacteriales;Corynebacteriaceae;Corynebacterium;afermentans	species	030		0.111	0.111	0.0	0.064	1.325	28.736
Bacteria;Actinomycetota;Actinomycetes;Mycobacteriales;Corynebacteriaceae;Corynebacterium;amycolatum	species	031		0.046	0.046	0.0	0.024	0.354	16.379
Bacteria;Actinomycetota;Actinomycetes;Mycobacteriales;Corynebacteriaceae;Corynebacterium;appendicis	species	033		0.025	0.025	0.0	0.0	0.301	7.471
Bacteria;Actinomycetota;Actinomycetes;Mycobacteriales;Corynebacteriaceae;Corynebacterium;aurimucosum	species	034		0.045	0.045	0.0	0.018	0.297	13.506
Bacteria;Actinomycetota;Actinomycetes;Mycobacteriales;Corynebacteriaceae;Corynebacterium;coyleae	species	341		0.022	0.022	0.0	0.013	0.257	13.793
Bacteria;Actinomycetota;Actinomycetes;Mycobacteriales;Corynebacteriaceae;Corynebacterium;durum	species	595		0.039	0.039	0.0	0.047	0.236	19.54
Bacteria;Actinomycetota;Actinomycetes;Mycobacteriales;Corynebacteriaceae;Corynebacterium;gottingense	species	207		0.035	0.035	0.0	0.03	0.211	17.241
Bacteria;Actinomycetota;Actinomycetes;Mycobacteriales;Corynebacteriaceae;Corynebacterium;jeikeium	species	047		0.017	0.017	0.0	0.0	0.128	7.759
Bacteria;Actinomycetota;Actinomycetes;Mycobacteriales;Corynebacteriaceae;Corynebacterium;kroppenstedtii	species	049		0.559	0.559	0.0	0.105	3.583	21.839
Bacteria;Actinomycetota;Actinomycetes;Mycobacteriales;Corynebacteriaceae;Corynebacterium;matruchotii	species	666		0.07	0.07	0.0	0.094	0.374	24.713
Bacteria;Actinomycetota;Actinomycetes;Mycobacteriales;Corynebacteriaceae;Corynebacterium;minutissimum	species	053		0.018	0.018	0.0	0.013	0.146	14.655
Bacteria;Actinomycetota;Actinomycetes;Mycobacteriales;Corynebacteriaceae;Corynebacterium;mucifaciens	species	835		0.037	0.037	0.0	0.023	0.355	17.529
Bacteria;Actinomycetota;Actinomycetes;Mycobacteriales;Corynebacteriaceae;Corynebacterium;pilbarense	species	054		0.05	0.05	0.0	0.063	0.427	28.736
Bacteria;Actinomycetota;Actinomycetes;Mycobacteriales;Corynebacteriaceae;Corynebacterium;propinquum	species	059		0.016	0.016	0.0	0.0	0.18	6.897
Bacteria;Actinomycetota;Actinomycetes;Mycobacteriales;Corynebacteriaceae;Corynebacterium;pseudodiphtheriticum	species	060		0.006	0.006	0.0	0.0	0.049	6.322
Bacteria;Actinomycetota;Actinomycetes;Mycobacteriales;Corynebacteriaceae;Corynebacterium;tuberculostearicum	species	077		6.026	6.026	0.016	17.818	11.953	91.092
Bacteria;Actinomycetota;Actinomycetes;Mycobacteriales;Lawsonellaceae;Lawsonella;clevelandensis	species	173		0.493	0.493	0.0	1.552	0.775	79.598
Bacteria;Actinomycetota;Actinomycetes;Micrococcales;Dermabacteraceae;Dermabacter;hominis	species	354		0.006	0.006	0.0	0.007	0.033	10.92
Bacteria;Actinomycetota;Actinomycetes;Micrococcales;Micrococcaceae;Micrococcus;luteus	species	087		0.041	0.041	0.0	0.068	0.304	26.149
Bacteria;Actinomycetota;Actinomycetes;Micrococcales;Micrococcaceae;Rothia;aeria	species	188		0.036	0.036	0.0	0.033	0.223	18.103
Bacteria;Actinomycetota;Actinomycetes;Micrococcales;Micrococcaceae;Rothia;dentocariosa	species	587		0.025	0.025	0.0	0.039	0.127	24.713
Bacteria;Actinomycetota;Actinomycetes;Micrococcales;Micrococcaceae;Rothia;mucilaginosa	species	681		0.054	0.054	0.0	0.122	0.219	35.345
Bacteria;Actinomycetota;Actinomycetes;Propionibacteriales;Propionibacteriaceae;Arachnia;rubra	species	194		0.009	0.009	0.0	0.0	0.131	2.586
Bacteria;Actinomycetota;Actinomycetes;Propionibacteriales;Propionibacteriaceae;Cutibacterium;acnes	species	530		56.868	56.868	6.864	94.211	32.045	100.0
Bacteria;Actinomycetota;Actinomycetes;Propionibacteriales;Propionibacteriaceae;Cutibacterium;avidum	species	552		0.072	0.072	0.0	0.116	0.357	19.253
Bacteria;Actinomycetota;Actinomycetes;Propionibacteriales;Propionibacteriaceae;Cutibacterium;granulosum	species	114		4.901	4.901	0.0	14.736	9.226	86.207
Bacteria;Actinomycetota;Actinomycetes;Propionibacteriales;Propionibacteriaceae;Cutibacterium;modestum	species	193		0.026	0.026	0.0	0.0	0.29	2.874
Bacteria;Actinomycetota;Coriobacteriia;Coriobacteriales;Atopobiaceae;Lancefieldella;parvula	species	723		0.008	0.008	0.0	0.0	0.043	9.483
Bacteria;Actinomycetota;Coriobacteriia;Coriobacteriales;Atopobiaceae;Lancefieldella;rimae	species	750		0.001	0.001	0.0	0.0	0.005	2.011
Bacteria;Actinomycetota;Coriobacteriia;Coriobacteriales;Atopobiaceae;Fannyhessea;vaginae	species	814		0.003	0.003	0.0	0.0	0.022	3.161
Bacteria;Actinomycetota;Coriobacteriia;Eggerthellales;Eggerthellaceae;Eggerthella;lenta	species	654		0.006	0.006	0.0	0.0	0.092	3.736
Bacteria;Bacteroidota;Bacteroidia;Bacteroidales;Porphyromonadaceae;Porphyromonas;catoniae	species	283		0.013	0.013	0.0	0.0	0.117	7.184
Bacteria;Bacteroidota;Bacteroidia;Bacteroidales;Porphyromonadaceae;Porphyromonas;endodontalis	species	273		0.002	0.002	0.0	0.0	0.028	2.011
Bacteria;Bacteroidota;Bacteroidia;Bacteroidales;Porphyromonadaceae;Porphyromonas;gingivalis	species	619		0.005	0.005	0.0	0.0	0.074	1.437
Bacteria;Bacteroidota;Bacteroidia;Bacteroidales;Porphyromonadaceae;Porphyromonas;pasteri	species	279		0.075	0.075	0.0	0.069	0.642	27.586
Bacteria;Bacteroidota;Bacteroidia;Bacteroidales;Porphyromonadaceae;Porphyromonas;sp. HMT-275	species	275		0.011	0.011	0.0	0.0	0.139	2.586
Bacteria;Bacteroidota;Bacteroidia;Bacteroidales;Porphyromonadaceae;Porphyromonas;sp. HMT-930	species	930		0.008	0.008	0.0	0.0	0.077	6.609
Bacteria;Bacteroidota;Bacteroidia;Bacteroidales;Prevotellaceae;Alloprevotella;sp. HMT-473	species	473		0.024	0.024	0.0	0.033	0.134	17.241
Bacteria;Bacteroidota;Bacteroidia;Bacteroidales;Prevotellaceae;Alloprevotella;tannerae	species	466		0.002	0.002	0.0	0.0	0.023	3.736
Bacteria;Bacteroidota;Bacteroidia;Bacteroidales;Prevotellaceae;Prevotella;aurantiaca	species	943		0.002	0.002	0.0	0.0	0.02	2.011
Bacteria;Bacteroidota;Bacteroidia;Bacteroidales;Prevotellaceae;Prevotella;jejuni	species	313		0.004	0.004	0.0	0.0	0.028	6.322
Bacteria;Bacteroidota;Bacteroidia;Bacteroidales;Prevotellaceae;Prevotella;melaninogenica	species	469	Because HMT-314 is not present individually, all equidistant reads were assigned to HMT-469 at this body site (LRC).	0.052	0.052	0.0	0.074	0.27	25.575
Bacteria;Bacteroidota;Bacteroidia;Bacteroidales;Prevotellaceae;Hoylesella;nanceiensis	species	299		0.012	0.012	0.0	0.009	0.071	11.782
Bacteria;Bacteroidota;Bacteroidia;Bacteroidales;Prevotellaceae;Prevotella;nigrescens	species	693		0.003	0.003	0.0	0.0	0.021	6.034
Bacteria;Bacteroidota;Bacteroidia;Bacteroidales;Prevotellaceae;Segatella;oris	species	311		0.007	0.007	0.0	0.0	0.04	8.046
Bacteria;Bacteroidota;Bacteroidia;Bacteroidales;Prevotellaceae;Hoylesella;pleuritidis	species	303		0.012	0.012	0.0	0.0	0.15	2.586
Bacteria;Bacteroidota;Bacteroidia;Bacteroidales;Prevotellaceae;Segatella;sp. HMT-443	species	443		0.001	0.001	0.0	0.0	0.025	0.287
Bacteria;Bacteroidota;Flavobacteriia;Flavobacteriales;Flavobacteriaceae;Capnocytophaga;endodontalis	species	326		0.004	0.004	0.0	0.0	0.036	2.586
Bacteria;Bacteroidota;Flavobacteriia;Flavobacteriales;Flavobacteriaceae;Capnocytophaga;gingivalis	species	337		0.018	0.018	0.0	0.014	0.116	11.494
Bacteria;Bacteroidota;Flavobacteriia;Flavobacteriales;Flavobacteriaceae;Capnocytophaga;granulosa	species	325		0.003	0.003	0.0	0.0	0.023	4.598
Bacteria;Bacteroidota;Flavobacteriia;Flavobacteriales;Flavobacteriaceae;Capnocytophaga;leadbetteri	species	329		0.05	0.05	0.0	0.007	0.517	11.207
Bacteria;Bacteroidota;Flavobacteriia;Flavobacteriales;Flavobacteriaceae;Capnocytophaga;sputigena	species	775		0.014	0.014	0.0	0.01	0.081	12.356
Bacteria;Bacteroidota;Flavobacteriia;Flavobacteriales;Weeksellaceae;Cloacibacterium;normanense	species	422		0.017	0.017	0.0	0.0	0.137	9.195
Bacteria;Bacteroidota;Flavobacteriia;Flavobacteriales;Weeksellaceae;Cloacibacterium;sp. HMT-206	species	206		0.015	0.015	0.0	0.0	0.126	8.046
Bacteria;Bacteroidota;Flavobacteriia;Flavobacteriales;Weeksellaceae;Riemerella;sp. HMT-322	species	322		0.023	0.023	0.0	0.01	0.198	12.356
Bacteria;Bacillota;Bacilli;Caryophanales;Bacillaceae;Anoxybacillus;flavithermus	species	182		0.008	0.008	0.0	0.0	0.148	0.575
Bacteria;Bacillota;Bacilli;Caryophanales;Gemellaceae;Gemella;haemolysans	species	626		0.061	0.061	0.0	0.142	0.247	35.92
Bacteria;Bacillota;Bacilli;Caryophanales;Gemellaceae;Gemella;sanguinis	species	757		0.023	0.023	0.0	0.021	0.14	14.655
Bacteria;Bacillota;Bacilli;Caryophanales;Staphylococcaceae;Staphylococcus;auricularis	species	331		0.013	0.013	0.0	0.008	0.091	12.356
Bacteria;Bacillota;Bacilli;Caryophanales;Staphylococcaceae;Staphylococcus;capitis	species	116	Because HMT-567 is not present individually, all equidistant reads were assigned to HMT-116 at this body site (LRC).	1.601	1.601	0.0	3.217	5.372	84.483
Bacteria;Bacillota;Bacilli;Caryophanales;Staphylococcaceae;Staphylococcus;cohnii	species	117		0.011	0.011	0.0	0.008	0.07	10.632
Bacteria;Bacillota;Bacilli;Caryophanales;Staphylococcaceae;Staphylococcus;epidermidis	species	601		18.349	18.349	1.118	48.928	19.547	99.138
Bacteria;Bacillota;Bacilli;Caryophanales;Staphylococcaceae;Staphylococcus;hominis	species	127		0.701	0.701	0.0	0.699	3.393	54.023
Bacteria;Bacillota;Bacilli;Caryophanales;Staphylococcaceae;Staphylococcus;lugdunensis	species	128		0.034	0.034	0.0	0.0	0.282	7.471
Bacteria;Bacillota;Bacilli;Caryophanales;Staphylococcaceae;Staphylococcus;pasteuri	species	141		0.007	0.007	0.0	0.0	0.043	9.483
Bacteria;Bacillota;Bacilli;Caryophanales;Staphylococcaceae;Staphylococcus;warneri	species	076		0.031	0.031	0.0	0.044	0.144	21.839
Bacteria;Bacillota;Bacilli;Lactobacillales;Aerococcaceae;Abiotrophia;defectiva	species	389		0.027	0.027	0.0	0.028	0.125	15.517
Bacteria;Bacillota;Bacilli;Lactobacillales;Carnobacteriaceae;Dolosigranulum;pigrum	species	813		0.011	0.011	0.0	0.007	0.092	10.92
Bacteria;Bacillota;Bacilli;Lactobacillales;Carnobacteriaceae;Granulicatella;adiacens	species	534		0.068	0.068	0.0	0.122	0.343	35.632
Bacteria;Bacillota;Bacilli;Lactobacillales;Carnobacteriaceae;Granulicatella;elegans	species	596		0.021	0.021	0.0	0.05	0.087	20.115
Bacteria;Bacillota;Bacilli;Lactobacillales;Enterococcaceae;Enterococcus;durans	species	880		0.007	0.007	0.0	0.0	0.057	4.31
Bacteria;Bacillota;Bacilli;Lactobacillales;Lactobacillaceae;Lactobacillus;crispatus	species	817		0.034	0.034	0.0	0.052	0.135	21.839
Bacteria;Bacillota;Bacilli;Lactobacillales;Lactobacillaceae;Lactobacillus;gasseri	species	615		0.033	0.033	0.0	0.0	0.344	7.184
Bacteria;Bacillota;Bacilli;Lactobacillales;Lactobacillaceae;Lactobacillus;iners	species	838		0.038	0.038	0.0	0.052	0.189	20.977
Bacteria;Bacillota;Bacilli;Lactobacillales;Lactobacillaceae;Lactobacillus;jensenii	species	839		0.005	0.005	0.0	0.0	0.042	7.471
Bacteria;Bacillota;Bacilli;Lactobacillales;Streptococcaceae;Lactococcus;lactis	species	804		0.041	0.041	0.0	0.014	0.4	14.08
Bacteria;Bacillota;Bacilli;Lactobacillales;Streptococcaceae;Streptococcus;australis	species	073	Reads equidistant to HMT-066 and HMT-073 were assigned to each taxon in proportion to the abundance of HMT-066 and HMT-073 individually at this body site (LRC).	0.037	0.037	0.0	0.035	0.195	24.713
Bacteria;Bacillota;Bacilli;Lactobacillales;Streptococcaceae;Streptococcus;constellatus	species	576		0.004	0.004	0.0	0.0	0.051	1.724
Bacteria;Bacillota;Bacilli;Lactobacillales;Streptococcaceae;Streptococcus;gordonii	species	622		0.015	0.015	0.0	0.017	0.105	15.23
Bacteria;Bacillota;Bacilli;Lactobacillales;Streptococcaceae;Streptococcus;intermedius	species	644		0.009	0.009	0.0	0.0	0.087	6.609
Bacteria;Bacillota;Bacilli;Lactobacillales;Streptococcaceae;Streptococcus;mitis	species	677	Reads equidistant to HMT-398 and HMT-677 were assigned to each taxon in proportion to the abundance of HMT-398 and HMT-677 individually at this body site (LRC).	0.379	0.379	0.0	1.036	0.907	76.149
Bacteria;Bacillota;Bacilli;Lactobacillales;Streptococcaceae;Streptococcus;salivarius	species	755		0.187	0.187	0.0	0.327	0.611	57.471
Bacteria;Bacillota;Bacilli;Lactobacillales;Streptococcaceae;Streptococcus;sanguinis	species	758		0.078	0.078	0.0	0.14	0.362	34.77
Bacteria;Bacillota;Bacilli;Lactobacillales;Streptococcaceae;Streptococcus;sp. HMT-066	species	066	Reads equidistant to HMT-066 and HMT-073 were assigned to each taxon in proportion to the abundance of HMT-066 and HMT-073 individually at this body site (LRC).	0.02	0.02	0.0	0.031	0.09	21.839
Bacteria;Bacillota;Bacilli;Lactobacillales;Streptococcaceae;Streptococcus;thermophilus	species	152		0.021	0.021	0.0	0.035	0.103	20.115
Bacteria;Bacillota;Bacilli;Lactobacillales;Streptococcaceae;Streptococcus;vestibularis	species	021		0.019	0.019	0.0	0.021	0.101	14.368
Bacteria;Bacillota;Clostridia;Eubacteriales;Lachnospiraceae;Lachnoanaerobaculum;umeaense	species	107		0.012	0.012	0.0	0.017	0.062	15.23
Bacteria;Bacillota;Clostridia;Eubacteriales;Lachnospiraceae;Oribacterium;asaccharolyticum	species	108	Because HMT-934 is not present individually, all equidistant reads were assigned to HMT-108 at this body site (LRC).	0.074	0.074	0.0	0.0	1.207	8.621
Bacteria;Bacillota;Clostridia;Eubacteriales;Lachnospiraceae;Shuttleworthia;satelles	species	095		0.001	0.001	0.0	0.0	0.009	1.149
Bacteria;Bacillota;Clostridia;Eubacteriales;Lachnospiraceae;Stomatobaculum;longum	species	419		0.01	0.01	0.0	0.0	0.089	7.759
Bacteria;Bacillota;Clostridia;Eubacteriales;Peptostreptococcaceae;Peptostreptococcaceae [G7 "Eubacterium"];bacterium HMT-922	species	922		0.001	0.001	0.0	0.0	0.007	2.299
Bacteria;Bacillota;Clostridia;Eubacteriales;Peptostreptococcaceae;Peptostreptococcaceae [G9 "Eubacterium"];brachy	species	557		0.001	0.001	0.0	0.0	0.012	2.299
Bacteria;Bacillota;Clostridia;Eubacteriales;Ruminococcaceae;Ruminococcaceae [G1];bacterium HMT-075	species	075		0.002	0.002	0.0	0.0	0.033	3.161
Bacteria;Bacillota;Erysipelotrichia;Erysipelotrichales;Erysipelotrichaceae;Bulleidia;extructa	species	603		0.001	0.001	0.0	0.0	0.017	0.287
Bacteria;Bacillota;Negativicutes;Veillonellales;Veillonellaceae;Megasphaera;micronuciformis	species	122		0.005	0.005	0.0	0.0	0.049	5.172
Bacteria;Bacillota;Negativicutes;Veillonellales;Veillonellaceae;Veillonella;atypica	species	524		0.017	0.017	0.0	0.02	0.109	15.23
Bacteria;Bacillota;Negativicutes;Veillonellales;Veillonellaceae;Veillonella;dispar	species	160	Reads equidistant to HMT-160 and HMT-161 were assigned to each taxon in proportion to the abundance of HMT-160 and HMT-161 individually at this body site (LRC).	0.085	0.085	0.0	0.112	0.451	41.954
Bacteria;Bacillota;Negativicutes;Veillonellales;Veillonellaceae;Veillonella;parvula	species	161	Reads equidistant to HMT-160 and HMT-161 were assigned to each taxon in proportion to the abundance of HMT-160 and HMT-161 individually at this body site (LRC).	0.024	0.024	0.0	0.025	0.133	29.598
Bacteria;Bacillota;Negativicutes;Veillonellales;Veillonellaceae;Veillonella;rogosae	species	158		0.052	0.052	0.0	0.031	0.43	18.678
Bacteria;Bacillota;Clostridia;Eubacteriales;Peptoniphilaceae;Anaerococcus;octavius	species	017		0.494	0.494	0.0	1.115	1.959	32.184
Bacteria;Bacillota;Clostridia;Eubacteriales;Peptoniphilaceae;Anaerococcus;prevotii	species	738		0.013	0.013	0.0	0.0	0.134	5.46
Bacteria;Bacillota;Clostridia;Eubacteriales;Peptoniphilaceae;Anaerococcus;sp. HMT-290	species	290		0.54	0.54	0.0	0.773	1.92	33.621
Bacteria;Bacillota;Clostridia;Eubacteriales;Peptoniphilaceae;Anaerococcus;sp. HMT-295	species	295		0.199	0.199	0.0	0.116	1.137	22.414
Bacteria;Bacillota;Clostridia;Eubacteriales;Peptoniphilaceae;Finegoldia;magna	species	662		0.282	0.282	0.0	0.212	2.223	33.046
Bacteria;Bacillota;Clostridia;Eubacteriales;Peptoniphilaceae;Peptoniphilus;sp. HMT-187	species	187		0.116	0.116	0.0	0.069	0.518	19.828
Bacteria;Fusobacteriota;Fusobacteriia;Fusobacteriales;Fusobacteriaceae;Fusobacterium;hwasookii	species	953		0.004	0.004	0.0	0.0	0.042	3.161
Bacteria;Fusobacteriota;Fusobacteriia;Fusobacteriales;Fusobacteriaceae;Fusobacterium;polymorphum	species	202		0.041	0.041	0.0	0.039	0.235	18.103
Bacteria;Fusobacteriota;Fusobacteriia;Fusobacteriales;Fusobacteriaceae;Fusobacterium;vincentii	species	200		0.033	0.033	0.0	0.015	0.262	13.506
Bacteria;Fusobacteriota;Fusobacteriia;Fusobacteriales;Fusobacteriaceae;Fusobacterium;periodonticum	species	201		0.123	0.123	0.0	0.051	1.145	21.552
Bacteria;Fusobacteriota;Fusobacteriia;Fusobacteriales;Fusobacteriaceae;Fusobacterium;sp. HMT-248	species	248		0.002	0.002	0.0	0.0	0.015	2.299
Bacteria;Fusobacteriota;Fusobacteriia;Fusobacteriales;Leptotrichiaceae;Leptotrichia;hofstadii	species	224		0.004	0.004	0.0	0.0	0.025	4.023
Bacteria;Fusobacteriota;Fusobacteriia;Fusobacteriales;Leptotrichiaceae;Leptotrichia;hongkongensis	species	213		0.012	0.012	0.0	0.0	0.137	6.322
Bacteria;Fusobacteriota;Fusobacteriia;Fusobacteriales;Leptotrichiaceae;Pseudoleptotrichia;sp. HMT-212	species	212		0.018	0.018	0.0	0.0	0.145	8.046
Bacteria;Fusobacteriota;Fusobacteriia;Fusobacteriales;Leptotrichiaceae;Pseudoleptotrichia;sp. HMT-215	species	215		0.014	0.014	0.0	0.0	0.13	8.046
Bacteria;Fusobacteriota;Fusobacteriia;Fusobacteriales;Leptotrichiaceae;Leptotrichia;sp. HMT-218	species	218		0.005	0.005	0.0	0.0	0.079	1.437
Bacteria;Fusobacteriota;Fusobacteriia;Fusobacteriales;Leptotrichiaceae;Leptotrichia;sp. HMT-225	species	225		0.016	0.016	0.0	0.0	0.163	5.46
Bacteria;Fusobacteriota;Fusobacteriia;Fusobacteriales;Leptotrichiaceae;Pseudoleptotrichia;sp. HMT-392	species	392		0.013	0.013	0.0	0.0	0.167	4.31
Bacteria;Fusobacteriota;Fusobacteriia;Fusobacteriales;Leptotrichiaceae;Leptotrichia;sp. HMT-417	species	417		0.005	0.005	0.0	0.001	0.025	10.057
Bacteria;Fusobacteriota;Fusobacteriia;Fusobacteriales;Leptotrichiaceae;Leptotrichia;wadei	species	222		0.004	0.004	0.0	0.0	0.033	4.885
Bacteria;Fusobacteriota;Fusobacteriia;Fusobacteriales;Leptotrichiaceae;Leptotrichia;sp. HMT-221	species	221		0.003	0.003	0.0	0.0	0.021	4.023
Bacteria;Patescibacteria;Patescibacteria [C1];Patescibacteria [C1 O1];Patescibacteria [C1 O1 F1];Patescibacteria [C1 O1 F1 G1];bacterium HMT-872	species	872		0.007	0.007	0.0	0.0	0.111	1.437
Bacteria;Pseudomonadota;Alphaproteobacteria;Caulobacterales;Caulobacteraceae;Brevundimonas;diminuta	species	590		0.017	0.017	0.0	0.014	0.121	13.793
Bacteria;Pseudomonadota;Alphaproteobacteria;Caulobacterales;Caulobacteraceae;Caulobacter;sp. HMT-002	species	002		0.026	0.026	0.0	0.005	0.32	11.782
Bacteria;Pseudomonadota;Alphaproteobacteria;Hyphomicrobiales;Nitrobacteraceae;Afipia;broomeae	species	559		0.033	0.033	0.0	0.015	0.275	17.241
Bacteria;Pseudomonadota;Alphaproteobacteria;Hyphomicrobiales;Nitrobacteraceae;Bradyrhizobium;elkanii	species	597		0.012	0.012	0.0	0.0	0.209	2.299
Bacteria;Pseudomonadota;Alphaproteobacteria;Hyphomicrobiales;Rhizobiaceae;Agrobacterium;tumefaciens	species	485		0.004	0.004	0.0	0.0	0.029	4.598
Bacteria;Pseudomonadota;Alphaproteobacteria;Rhodobacterales;Paracoccaceae;Paracoccus;yeei	species	104		0.011	0.011	0.0	0.02	0.059	15.23
Bacteria;Pseudomonadota;Alphaproteobacteria;Rhodospirillales;Acetobacteraceae;Roseomonas;mucosa	species	245		0.004	0.004	0.0	0.0	0.029	4.885
Bacteria;Pseudomonadota;Alphaproteobacteria;Sphingomonadales;Erythrobacteraceae;Novosphingobium;panipatense	species	342		0.006	0.006	0.0	0.0	0.044	7.471
Bacteria;Pseudomonadota;Alphaproteobacteria;Sphingomonadales;Sphingomonadaceae;Sphingomonas;glacialis	species	003		0.006	0.006	0.0	0.0	0.043	7.471
Bacteria;Pseudomonadota;Alphaproteobacteria;Sphingomonadales;Sphingomonadaceae;Sphingomonas;sp. HMT-004	species	004		0.002	0.002	0.0	0.0	0.046	0.575
Bacteria;Pseudomonadota;Betaproteobacteria;Burkholderiales;Burkholderiaceae;Lautropia;mirabilis	species	022		0.066	0.066	0.0	0.022	0.685	15.517
Bacteria;Pseudomonadota;Betaproteobacteria;Burkholderiales;Burkholderiaceae;Ralstonia;pickettii	species	854		0.002	0.002	0.0	0.0	0.015	3.161
Bacteria;Pseudomonadota;Betaproteobacteria;Burkholderiales;Burkholderiaceae;Ralstonia;sp. HMT-406	species	406		0.2	0.2	0.0	0.142	1.185	28.448
Bacteria;Pseudomonadota;Betaproteobacteria;Burkholderiales;Comamonadaceae;Acidovorax;ebreus	species	209		0.042	0.042	0.0	0.022	0.351	16.954
Bacteria;Pseudomonadota;Betaproteobacteria;Burkholderiales;Comamonadaceae;Acidovorax;temperans	species	216	Some of the reads equidistant from these taxa (216-550-591) are included in HMT-216 because they are too close to differentiate at this site (LRC).	0.055	0.055	0.0	0.043	0.353	22.701
Bacteria;Pseudomonadota;Betaproteobacteria;Burkholderiales;Comamonadaceae;Comamonas;testosteroni	species	858		0.006	0.006	0.0	0.0	0.055	3.448
Bacteria;Pseudomonadota;Betaproteobacteria;Burkholderiales;Comamonadaceae;Delftia;acidovorans	species	023		0.03	0.03	0.0	0.044	0.126	19.253
Bacteria;Pseudomonadota;Betaproteobacteria;Burkholderiales;Comamonadaceae;Leptothrix;sp. HMT-025	species	025		0.011	0.011	0.0	0.0	0.101	4.31
Bacteria;Pseudomonadota;Betaproteobacteria;Burkholderiales;Comamonadaceae;Schlegelella;thermodepolymerans	species	024		0.002	0.002	0.0	0.0	0.016	2.011
Bacteria;Pseudomonadota;Betaproteobacteria;Neisseriales;Neisseriaceae;Kingella;oralis	species	706		0.007	0.007	0.0	0.005	0.055	10.92
Bacteria;Pseudomonadota;Betaproteobacteria;Neisseriales;Neisseriaceae;Neisseria;elongata	species	598		0.028	0.028	0.0	0.022	0.266	14.943
Bacteria;Pseudomonadota;Betaproteobacteria;Neisseriales;Neisseriaceae;Neisseria;flavescens	species	610	Reads equidistant to HMT-476 and HMT-610 were assigned to each taxon in proportion to the abundance of HMT-476 and HMT-610 individually at this body site (LRC).	0.003	0.003	0.0	0.002	0.024	16.092
Bacteria;Pseudomonadota;Betaproteobacteria;Neisseriales;Neisseriaceae;Neisseria;mucosa	species	682	Because HMT-099 is not present individually, all equidistant reads were assigned to HMT-682 at this body site (LRC).	0.01	0.01	0.0	0.012	0.049	12.069
Bacteria;Pseudomonadota;Betaproteobacteria;Neisseriales;Neisseriaceae;Neisseria;oralis	species	014		0.029	0.029	0.0	0.0	0.52	3.161
Bacteria;Pseudomonadota;Betaproteobacteria;Neisseriales;Neisseriaceae;Neisseria;sicca	species	764		0.094	0.094	0.0	0.053	0.979	25.0
Bacteria;Pseudomonadota;Betaproteobacteria;Neisseriales;Neisseriaceae;Neisseria;subflava	species	476	Reads equidistant to HMT-476 and HMT-610 were assigned to each taxon in proportion to the abundance of HMT-476 and HMT-610 individually at this body site (LRC).	0.098	0.098	0.0	0.085	0.865	29.598
Bacteria;Pseudomonadota;Betaproteobacteria;Neisseriales;Neisseriaceae;Neisseriaceae [G1];bacterium HMT-174	species	174		1.032	1.032	0.0	0.114	8.47	21.264
Bacteria;Pseudomonadota;Betaproteobacteria;Neisseriales;Neisseriaceae;Neisseriaceae [G1];bacterium HMT-327	species	327		0.213	0.213	0.0	0.011	1.648	11.782
Bacteria;Pseudomonadota;Epsilonproteobacteria;Campylobacterales;Campylobacteraceae;Campylobacter;concisus	species	575		0.012	0.012	0.0	0.006	0.068	11.207
Bacteria;Pseudomonadota;Epsilonproteobacteria;Campylobacterales;Campylobacteraceae;Campylobacter;gracilis	species	623		0.005	0.005	0.0	0.0	0.03	5.172
Bacteria;Pseudomonadota;Epsilonproteobacteria;Campylobacterales;Campylobacteraceae;Campylobacter;showae	species	763		0.017	0.017	0.0	0.0	0.163	6.034
Bacteria;Pseudomonadota;Epsilonproteobacteria;Campylobacterales;Campylobacteraceae;Campylobacter;ureolyticus	species	842		0.035	0.035	0.0	0.0	0.379	1.724
Bacteria;Pseudomonadota;Epsilonproteobacteria;Campylobacterales;Helicobacteraceae;Helicobacter;pylori	species	812		0.013	0.013	0.0	0.0	0.166	1.149
Bacteria;Pseudomonadota;Gammaproteobacteria;Cardiobacteriales;Cardiobacteriaceae;Cardiobacterium;hominis	species	633		0.007	0.007	0.0	0.0	0.079	5.172
Bacteria;Pseudomonadota;Gammaproteobacteria;Enterobacterales;Enterobacteriaceae;Klebsiella;aerogenes	species	153		0.018	0.018	0.0	0.0	0.255	4.598
Bacteria;Pseudomonadota;Gammaproteobacteria;Enterobacterales;Enterobacteriaceae;Klebsiella;pneumoniae	species	731		0.007	0.007	0.0	0.0	0.062	6.034
Bacteria;Pseudomonadota;Gammaproteobacteria;Pasteurellales;Pasteurellaceae;Haemophilus;haemolyticus	species	851		0.026	0.026	0.0	0.026	0.119	15.805
Bacteria;Pseudomonadota;Gammaproteobacteria;Pasteurellales;Pasteurellaceae;Haemophilus;parainfluenzae	species	718		0.022	0.022	0.0	0.04	0.092	26.437
Bacteria;Pseudomonadota;Gammaproteobacteria;Pseudomonadales;Moraxellaceae;Acinetobacter;junii	species	282		0.003	0.003	0.0	0.0	0.018	6.034
Bacteria;Pseudomonadota;Gammaproteobacteria;Pseudomonadales;Moraxellaceae;Acinetobacter;sp. HMT-408	species	408		0.0	0.0	0.0	0.0	0.005	0.575
Bacteria;Pseudomonadota;Gammaproteobacteria;Pseudomonadales;Moraxellaceae;Moraxella;osloensis	species	711		0.019	0.019	0.0	0.0	0.225	7.471
Bacteria;Pseudomonadota;Gammaproteobacteria;Pseudomonadales;Pseudomonadaceae;Pseudomonas;fluorescens	species	612		0.012	0.012	0.0	0.014	0.132	14.368
Bacteria;Pseudomonadota;Gammaproteobacteria;Lysobacterales;Lysobacteraceae;Stenotrophomonas;maltophilia	species	663		0.007	0.007	0.0	0.0	0.063	7.184
Bacteria;Candidatus Saccharimonadota;Saccharimonadota [C1];Saccharimonadota [C1 O1];Saccharimonadota [C1 O1 F1];Saccharimonadota [C1 O1 F1 G1];bacterium HMT-346	species	346		0.008	0.008	0.0	0.0	0.07	4.598
Bacteria;Candidatus Saccharimonadota;Saccharimonadota [C1];Saccharimonadota [C1 O1];Saccharimonadota [C1 O1 F1];Saccharimonadota [C1 O1 F1 G1];bacterium HMT-347	species	347		0.011	0.011	0.0	0.0	0.188	3.161
Bacteria;Candidatus Saccharimonadota;Saccharimonadota [C1];Saccharimonadota [C1 O1];Saccharimonadota [C1 O1 F1];Saccharimonadota [C1 O1 F1 G1];bacterium HMT-348	species	348		0.012	0.012	0.0	0.0	0.109	7.184
Bacteria;Candidatus Saccharimonadota;Saccharimonadota [C1];Saccharimonadota [C1 O1];Saccharimonadota [C1 O1 F1];Saccharimonadota [C1 O1 F1 G1];bacterium HMT-352	species	352		0.006	0.006	0.0	0.0	0.048	7.759
Bacteria;Candidatus Saccharimonadota;Saccharimonadota [C1];Saccharimonadota [C1 O1];Saccharimonadota [C1 O1 F1];Saccharimonadota [C1 O1 F1 G1];bacterium HMT-355	species	355		0.001	0.001	0.0	0.0	0.01	0.575
Bacteria;Candidatus Saccharimonadota;Saccharimonadota [C1];Saccharimonadota [C1 O1];Saccharimonadota [C1 O1 F1];Saccharimonadota [C1 O1 F1 G1];bacterium HMT-870	species	870		0.006	0.006	0.0	0.0	0.035	7.759
Bacteria;Pseudomonadota;Gammaproteobacteria;Pseudomonadales;Moraxellaceae;Acinetobacter;johnsonii	species	297	Neither HMT-297 nor HMT-824 were present singularly so these reads were split evenly at this site (LRC).	0.004	0.004	0.0	0.0	0.034	6.034
Bacteria;Bacillota;Bacilli;Caryophanales;Bacillaceae;Bacillus;anthracis	species	824	Neither HMT-297 nor HMT-824 were present singularly so these reads were split evenly at this site (LRC).	0.004	0.004	0.0	0.0	0.034	6.034
Bacteria;Bacillota;Bacilli;Lactobacillales;Streptococcaceae;Streptococcus;cristatus;clade-886	subspecies	886	Because HMT-578 is not present individually, all equidistant reads were assigned to HMT-886 at this body site (LRC).	0.008	0.008	0.0	0.0	0.069	8.908
Bacteria;Bacillota;Bacilli;Lactobacillales;Streptococcaceae;Streptococcus;infantis;clade-638	subspecies	638	Because HMT-431 is not present individually, all equidistant reads were assigned to HMT-638 at this body site (LRC).	0.161	0.161	0.0	0.379	0.497	52.011
Bacteria;Bacillota;Bacilli;Lactobacillales;Streptococcaceae;Streptococcus;oralis;subsp. dentisani clade-398	subspecies	398	Reads equidistant to HMT-398 and HMT-677 were assigned to each taxon in proportion to the abundance of HMT-398 and HMT-677 individually at this body site (LRC).	0.158	0.158	0.0	0.383	0.422	62.931
Bacteria;Bacillota;Bacilli;Lactobacillales;Streptococcaceae;Streptococcus;parasanguinis;clade-721	subspecies	721		0.025	0.025	0.0	0.053	0.097	26.437
UNMATCHED				2.936	2.936	0.123	4.603	7.973	97.701
Bacteria;Bacillota;Bacilli;Lactobacillales;Streptococcaceae;Streptococcus;cristatus	species		combined from subspecies	0.008	0.008	0.0	0.0	0.069	8.908
Bacteria;Bacillota;Bacilli;Lactobacillales;Streptococcaceae;Streptococcus;infantis	species		combined from subspecies	0.161	0.161	0.0	0.379	0.497	52.011
Bacteria;Bacillota;Bacilli;Lactobacillales;Streptococcaceae;Streptococcus;oralis	species		combined from subspecies	0.158	0.158	0.0	0.383	0.422	62.931
Bacteria;Bacillota;Bacilli;Lactobacillales;Streptococcaceae;Streptococcus;parasanguinis	species		combined from subspecies	0.025	0.025	0.0	0.053	0.097	26.437
