Taxonomy	Rank	HMT	Notes	Max	PTO-mean	PTO-10p	PTO-90p	PTO-sd	PTO-prev
Bacteria	domain			98.86	98.86	97.821	99.923	2.173	100.0
Bacteria;Actinomycetota	phylum			8.073	8.073	1.463	17.832	7.944	99.027
Bacteria;Bacteroidota	phylum			21.092	21.092	8.785	34.352	10.294	100.0
Bacteria;Bacillota	phylum			29.277	29.277	15.868	45.413	11.556	100.0
Bacteria;Fusobacteriota	phylum			19.479	19.479	7.636	33.346	9.835	100.0
Bacteria;Pseudomonadota	phylum			19.757	19.757	4.148	40.525	14.49	100.0
Bacteria;Candidatus Saccharimonadota	phylum			0.024	0.024	0.0	0.07	0.061	36.01
Bacteria;Spirochaetota	phylum			1.01	1.01	0.0	2.285	2.455	81.995
Bacteria;Synergistota	phylum			0.056	0.056	0.0	0.149	0.156	32.117
Bacteria;Mycoplasmatota	phylum			0.093	0.093	0.0	0.231	0.317	35.766
Bacteria;Actinomycetota;Actinomycetes	klass			7.406	7.406	1.21	16.484	7.649	99.027
Bacteria;Actinomycetota;Coriobacteriia	klass			0.667	0.667	0.023	1.684	0.929	91.727
Bacteria;Bacteroidota;Bacteroidia	klass			18.833	18.833	7.23	31.815	10.108	100.0
Bacteria;Bacteroidota;Flavobacteriia	klass			2.259	2.259	0.089	5.713	3.353	97.81
Bacteria;Bacillota;Bacilli	klass			5.718	5.718	1.094	11.575	6.561	100.0
Bacteria;Bacillota;Clostridia	klass			9.486	9.486	3.211	17.186	5.587	100.0
Bacteria;Bacillota;Negativicutes	klass			14.073	14.073	4.493	25.138	8.888	100.0
Bacteria;Fusobacteriota;Fusobacteriia	klass			19.479	19.479	7.636	33.346	9.835	100.0
Bacteria;Pseudomonadota;Alphaproteobacteria	klass			0.026	0.026	0.0	0.0	0.259	5.839
Bacteria;Pseudomonadota;Betaproteobacteria	klass			6.297	6.297	0.239	17.832	7.735	98.783
Bacteria;Pseudomonadota;Epsilonproteobacteria	klass			1.624	1.624	0.291	3.5	1.496	99.757
Bacteria;Pseudomonadota;Gammaproteobacteria	klass			11.809	11.809	1.466	24.262	10.77	100.0
Bacteria;Candidatus Saccharimonadota;Saccharimonadota [C1]	klass			0.024	0.024	0.0	0.07	0.061	36.01
Bacteria;Spirochaetota;Spirochaetia	klass			1.01	1.01	0.0	2.285	2.455	81.995
Bacteria;Synergistota;Synergistia	klass			0.056	0.056	0.0	0.149	0.156	32.117
Bacteria;Mycoplasmatota;Mollicutes	klass			0.093	0.093	0.0	0.231	0.317	35.766
Bacteria;Actinomycetota;Actinomycetes;Actinomycetales	order			5.863	5.863	0.744	12.653	5.574	98.783
Bacteria;Actinomycetota;Actinomycetes;Bifidobacteriales	order			0.036	0.036	0.0	0.031	0.277	13.382
Bacteria;Actinomycetota;Actinomycetes;Mycobacteriales	order			0.198	0.198	0.0	0.082	3.259	38.686
Bacteria;Actinomycetota;Actinomycetes;Micrococcales	order			1.077	1.077	0.055	2.795	1.762	95.62
Bacteria;Actinomycetota;Actinomycetes;Propionibacteriales	order			0.232	0.232	0.0	0.047	2.31	22.871
Bacteria;Actinomycetota;Coriobacteriia;Coriobacteriales	order			0.656	0.656	0.022	1.652	0.919	91.484
Bacteria;Actinomycetota;Coriobacteriia;Eggerthellales	order			0.011	0.011	0.0	0.0	0.133	3.893
Bacteria;Bacteroidota;Bacteroidia;Bacteroidales	order			18.833	18.833	7.23	31.815	10.108	100.0
Bacteria;Bacteroidota;Flavobacteriia;Flavobacteriales	order			2.259	2.259	0.089	5.713	3.353	97.81
Bacteria;Bacillota;Bacilli;Caryophanales	order			2.848	2.848	0.269	6.07	4.553	99.27
Bacteria;Bacillota;Bacilli;Lactobacillales	order			2.87	2.87	0.583	5.69	2.984	100.0
Bacteria;Bacillota;Clostridia;Eubacteriales	order			9.486	9.486	3.211	17.186	5.587	100.0
Bacteria;Bacillota;Negativicutes;Selenomonadales	order			1.515	1.515	0.039	3.901	2.718	93.187
Bacteria;Bacillota;Negativicutes;Veillonellales	order			12.558	12.558	3.984	23.543	8.61	100.0
Bacteria;Fusobacteriota;Fusobacteriia;Fusobacteriales	order			19.479	19.479	7.636	33.346	9.835	100.0
Bacteria;Pseudomonadota;Alphaproteobacteria;Hyphomicrobiales	order			0.006	0.006	0.0	0.0	0.082	2.19
Bacteria;Pseudomonadota;Alphaproteobacteria;Sphingomonadales	order			0.02	0.02	0.0	0.0	0.228	4.38
Bacteria;Pseudomonadota;Betaproteobacteria;Burkholderiales	order			0.203	0.203	0.0	0.484	0.575	63.504
Bacteria;Pseudomonadota;Betaproteobacteria;Neisseriales	order			6.094	6.094	0.167	17.832	7.723	98.054
Bacteria;Pseudomonadota;Epsilonproteobacteria;Campylobacterales	order			1.624	1.624	0.291	3.5	1.496	99.757
Bacteria;Pseudomonadota;Gammaproteobacteria;Pasteurellales	order			11.809	11.809	1.466	24.262	10.77	100.0
Bacteria;Candidatus Saccharimonadota;Saccharimonadota [C1];Saccharimonadota [C1 O1]	order			0.024	0.024	0.0	0.07	0.061	36.01
Bacteria;Spirochaetota;Spirochaetia;Spirochaetales	order			1.01	1.01	0.0	2.285	2.455	81.995
Bacteria;Synergistota;Synergistia;Synergistales	order			0.056	0.056	0.0	0.149	0.156	32.117
Bacteria;Mycoplasmatota;Mollicutes;Mycoplasmoidales	order			0.093	0.093	0.0	0.231	0.317	35.766
Bacteria;Actinomycetota;Actinomycetes;Actinomycetales;Actinomycetaceae	family			5.863	5.863	0.744	12.653	5.574	98.783
Bacteria;Actinomycetota;Actinomycetes;Bifidobacteriales;Bifidobacteriaceae	family			0.036	0.036	0.0	0.031	0.277	13.382
Bacteria;Actinomycetota;Actinomycetes;Mycobacteriales;Corynebacteriaceae	family			0.198	0.198	0.0	0.082	3.259	38.686
Bacteria;Actinomycetota;Actinomycetes;Micrococcales;Micrococcaceae	family			1.077	1.077	0.055	2.795	1.762	95.62
Bacteria;Actinomycetota;Actinomycetes;Propionibacteriales;Propionibacteriaceae	family			0.232	0.232	0.0	0.047	2.31	22.871
Bacteria;Actinomycetota;Coriobacteriia;Coriobacteriales;Atopobiaceae	family			0.656	0.656	0.022	1.652	0.919	91.484
Bacteria;Actinomycetota;Coriobacteriia;Eggerthellales;Eggerthellaceae	family			0.011	0.011	0.0	0.0	0.133	3.893
Bacteria;Bacteroidota;Bacteroidia;Bacteroidales;Odoribacteraceae	family			0.273	0.273	0.0	0.613	0.831	48.175
Bacteria;Bacteroidota;Bacteroidia;Bacteroidales;Bacteroidales [F2]	family			0.175	0.175	0.0	0.149	0.912	37.47
Bacteria;Bacteroidota;Bacteroidia;Bacteroidales;Porphyromonadaceae	family			5.719	5.719	0.398	13.891	5.828	96.837
Bacteria;Bacteroidota;Bacteroidia;Bacteroidales;Prevotellaceae	family			12.334	12.334	3.294	23.097	8.273	100.0
Bacteria;Bacteroidota;Bacteroidia;Bacteroidales;Tannerellaceae	family			0.331	0.331	0.0	0.947	0.629	76.156
Bacteria;Bacteroidota;Flavobacteriia;Flavobacteriales;Flavobacteriaceae	family			1.817	1.817	0.02	5.002	3.172	92.214
Bacteria;Bacteroidota;Flavobacteriia;Flavobacteriales;Weeksellaceae	family			0.442	0.442	0.017	0.963	0.661	91.484
Bacteria;Bacillota;Bacilli;Caryophanales;Gemellaceae	family			2.848	2.848	0.269	6.07	4.553	99.27
Bacteria;Bacillota;Bacilli;Lactobacillales;Aerococcaceae	family			0.025	0.025	0.0	0.062	0.111	28.224
Bacteria;Bacillota;Bacilli;Lactobacillales;Carnobacteriaceae	family			1.901	1.901	0.207	3.908	1.99	99.757
Bacteria;Bacillota;Bacilli;Lactobacillales;Lactobacillaceae	family			0.02	0.02	0.0	0.012	0.31	11.192
Bacteria;Bacillota;Bacilli;Lactobacillales;Streptococcaceae	family			0.923	0.923	0.085	1.957	1.971	97.08
Bacteria;Bacillota;Clostridia;Eubacteriales;Clostridiales [F1]	family			0.022	0.022	0.0	0.0	0.131	9.732
Bacteria;Bacillota;Clostridia;Eubacteriales;Lachnospiraceae	family			7.066	7.066	2.002	13.932	5.272	100.0
Bacteria;Bacillota;Clostridia;Eubacteriales;Peptococcaceae	family			0.1	0.1	0.0	0.257	0.168	63.99
Bacteria;Bacillota;Clostridia;Eubacteriales;Peptostreptococcaceae	family			0.999	0.999	0.112	2.338	1.076	96.837
Bacteria;Bacillota;Clostridia;Eubacteriales;Anaerovoracaceae	family			0.189	0.189	0.0	0.426	0.191	86.131
Bacteria;Bacillota;Clostridia;Eubacteriales;Ruminococcaceae	family			0.41	0.41	0.0	1.027	0.732	80.535
Bacteria;Bacillota;Negativicutes;Selenomonadales;Selenomonadaceae	family			1.515	1.515	0.039	3.901	2.718	93.187
Bacteria;Bacillota;Negativicutes;Veillonellales;Veillonellaceae	family			12.558	12.558	3.984	23.543	8.61	100.0
Bacteria;Bacillota;Clostridia;Eubacteriales;Peptoniphilaceae	family			0.699	0.699	0.0	1.975	1.262	86.131
Bacteria;Fusobacteriota;Fusobacteriia;Fusobacteriales;Fusobacteriaceae	family			12.793	12.793	4.024	24.241	8.229	100.0
Bacteria;Fusobacteriota;Fusobacteriia;Fusobacteriales;Leptotrichiaceae	family			6.686	6.686	0.664	16.179	6.532	99.757
Bacteria;Pseudomonadota;Alphaproteobacteria;Hyphomicrobiales;Nitrobacteraceae	family			0.006	0.006	0.0	0.0	0.082	2.19
Bacteria;Pseudomonadota;Alphaproteobacteria;Sphingomonadales;Sphingomonadaceae	family			0.02	0.02	0.0	0.0	0.228	4.38
Bacteria;Pseudomonadota;Betaproteobacteria;Burkholderiales;Burkholderiaceae	family			0.188	0.188	0.0	0.458	0.514	61.314
Bacteria;Pseudomonadota;Betaproteobacteria;Burkholderiales;Comamonadaceae	family			0.015	0.015	0.0	0.0	0.152	6.813
Bacteria;Pseudomonadota;Betaproteobacteria;Neisseriales;Neisseriaceae	family			6.094	6.094	0.167	17.832	7.723	98.054
Bacteria;Pseudomonadota;Epsilonproteobacteria;Campylobacterales;Campylobacteraceae	family			1.624	1.624	0.291	3.5	1.496	99.757
Bacteria;Pseudomonadota;Gammaproteobacteria;Pasteurellales;Pasteurellaceae	family			11.809	11.809	1.466	24.262	10.77	100.0
Bacteria;Candidatus Saccharimonadota;Saccharimonadota [C1];Saccharimonadota [C1 O1];Saccharimonadota [C1 O1 F1]	family			0.024	0.024	0.0	0.07	0.061	36.01
Bacteria;Spirochaetota;Spirochaetia;Spirochaetales;Treponemataceae	family			1.01	1.01	0.0	2.285	2.455	81.995
Bacteria;Synergistota;Synergistia;Synergistales;Synergistaceae	family			0.056	0.056	0.0	0.149	0.156	32.117
Bacteria;Mycoplasmatota;Mollicutes;Mycoplasmoidales;Metamycoplasmataceae	family			0.093	0.093	0.0	0.231	0.317	35.766
Bacteria;Actinomycetota;Actinomycetes;Actinomycetales;Actinomycetaceae;Actinomyces	genus			1.864	1.864	0.083	4.752	2.569	96.35
Bacteria;Actinomycetota;Actinomycetes;Actinomycetales;Actinomycetaceae;Schaalia	genus			3.999	3.999	0.481	8.635	3.862	98.54
Bacteria;Actinomycetota;Actinomycetes;Bifidobacteriales;Bifidobacteriaceae;Bifidobacterium	genus			0.036	0.036	0.0	0.031	0.277	13.382
Bacteria;Actinomycetota;Actinomycetes;Mycobacteriales;Corynebacteriaceae;Corynebacterium	genus			0.198	0.198	0.0	0.082	3.259	38.686
Bacteria;Actinomycetota;Actinomycetes;Micrococcales;Micrococcaceae;Rothia	genus			1.077	1.077	0.055	2.795	1.762	95.62
Bacteria;Actinomycetota;Actinomycetes;Propionibacteriales;Propionibacteriaceae;Cutibacterium	genus			0.232	0.232	0.0	0.047	2.31	22.871
Bacteria;Actinomycetota;Coriobacteriia;Coriobacteriales;Atopobiaceae;Lancefieldella	genus			0.656	0.656	0.022	1.652	0.919	91.484
Bacteria;Actinomycetota;Coriobacteriia;Eggerthellales;Eggerthellaceae;Eggerthella	genus			0.011	0.011	0.0	0.0	0.133	3.893
Bacteria;Bacteroidota;Bacteroidia;Bacteroidales;Odoribacteraceae;Odoribacteraceae [G3]	genus			0.098	0.098	0.0	0.123	0.427	23.358
Bacteria;Bacteroidota;Bacteroidia;Bacteroidales;Odoribacteraceae;Odoribacteraceae [G5]	genus			0.175	0.175	0.0	0.312	0.662	37.956
Bacteria;Bacteroidota;Bacteroidia;Bacteroidales;Bacteroidales [F2];Bacteroidales [F2 G2]	genus			0.175	0.175	0.0	0.149	0.912	37.47
Bacteria;Bacteroidota;Bacteroidia;Bacteroidales;Porphyromonadaceae;Porphyromonas	genus			5.719	5.719	0.398	13.891	5.828	96.837
Bacteria;Bacteroidota;Bacteroidia;Bacteroidales;Prevotellaceae;Alloprevotella	genus			4.46	4.46	0.721	9.51	4.326	99.513
Bacteria;Bacteroidota;Bacteroidia;Bacteroidales;Prevotellaceae;Prevotella	genus			3.851	3.851	0.415	9.542	4.669	99.27
Bacteria;Bacteroidota;Bacteroidia;Bacteroidales;Prevotellaceae;Segatella	genus			2.345	2.345	0.152	5.587	2.429	96.837
Bacteria;Bacteroidota;Bacteroidia;Bacteroidales;Prevotellaceae;Hallella	genus			0.009	0.009	0.0	0.0	0.063	7.543
Bacteria;Bacteroidota;Bacteroidia;Bacteroidales;Prevotellaceae;Hoylesella	genus			1.67	1.67	0.148	3.801	2.271	97.324
Bacteria;Bacteroidota;Bacteroidia;Bacteroidales;Tannerellaceae;Tannerella	genus			0.331	0.331	0.0	0.947	0.629	76.156
Bacteria;Bacteroidota;Flavobacteriia;Flavobacteriales;Flavobacteriaceae;Capnocytophaga	genus			1.817	1.817	0.02	5.002	3.172	92.214
Bacteria;Bacteroidota;Flavobacteriia;Flavobacteriales;Weeksellaceae;Cloacibacterium	genus			0.13	0.13	0.0	0.216	0.532	28.224
Bacteria;Bacteroidota;Flavobacteriia;Flavobacteriales;Weeksellaceae;Riemerella	genus			0.312	0.312	0.0	0.722	0.392	89.294
Bacteria;Bacillota;Bacilli;Caryophanales;Gemellaceae;Gemella	genus			2.848	2.848	0.269	6.07	4.553	99.27
Bacteria;Bacillota;Bacilli;Lactobacillales;Aerococcaceae;Abiotrophia	genus			0.025	0.025	0.0	0.062	0.111	28.224
Bacteria;Bacillota;Bacilli;Lactobacillales;Carnobacteriaceae;Granulicatella	genus			1.901	1.901	0.207	3.908	1.99	99.757
Bacteria;Bacillota;Bacilli;Lactobacillales;Lactobacillaceae;Lactobacillus	genus			0.02	0.02	0.0	0.012	0.31	11.192
Bacteria;Bacillota;Bacilli;Lactobacillales;Streptococcaceae;Streptococcus	genus			0.923	0.923	0.085	1.957	1.971	97.08
Bacteria;Bacillota;Clostridia;Eubacteriales;Clostridiales [F1];Clostridiales [F1 G1]	genus			0.022	0.022	0.0	0.0	0.131	9.732
Bacteria;Bacillota;Clostridia;Eubacteriales;Lachnospiraceae;Butyrivibrio	genus			0.096	0.096	0.0	0.295	0.171	59.367
Bacteria;Bacillota;Clostridia;Eubacteriales;Lachnospiraceae;Catonella	genus			0.473	0.473	0.076	0.968	0.414	96.594
Bacteria;Bacillota;Clostridia;Eubacteriales;Lachnospiraceae;Lachnoanaerobaculum	genus			1.661	1.661	0.296	3.594	1.416	99.757
Bacteria;Bacillota;Clostridia;Eubacteriales;Lachnospiraceae;Lachnospiraceae [G2]	genus			1.389	1.389	0.0	4.745	2.772	63.747
Bacteria;Bacillota;Clostridia;Eubacteriales;Lachnospiraceae;Lachnospiraceae [G3]	genus			0.113	0.113	0.0	0.309	0.329	38.929
Bacteria;Bacillota;Clostridia;Eubacteriales;Lachnospiraceae;Lachnospiraceae [G8]	genus			0.02	0.02	0.0	0.061	0.055	29.197
Bacteria;Bacillota;Clostridia;Eubacteriales;Lachnospiraceae;Oribacterium	genus			1.755	1.755	0.4	3.309	1.534	99.027
Bacteria;Bacillota;Clostridia;Eubacteriales;Lachnospiraceae;Shuttleworthia	genus			0.025	0.025	0.0	0.013	0.276	10.949
Bacteria;Bacillota;Clostridia;Eubacteriales;Lachnospiraceae;Stomatobaculum	genus			1.534	1.534	0.115	3.561	1.558	97.08
Bacteria;Bacillota;Clostridia;Eubacteriales;Peptococcaceae;Peptococcus	genus			0.1	0.1	0.0	0.257	0.168	63.99
Bacteria;Bacillota;Clostridia;Eubacteriales;Peptostreptococcaceae;Filifactor	genus			0.117	0.117	0.0	0.326	0.318	32.36
Bacteria;Bacillota;Clostridia;Eubacteriales;Anaerovoracaceae;Mogibacterium	genus			0.189	0.189	0.0	0.426	0.191	86.131
Bacteria;Bacillota;Clostridia;Eubacteriales;Peptostreptococcaceae;Peptostreptococcaceae [G1 "Eubacterium"]	genus			0.167	0.167	0.0	0.447	0.21	77.859
Bacteria;Bacillota;Clostridia;Eubacteriales;Peptostreptococcaceae;Peptostreptococcaceae [G2]	genus			0.012	0.012	0.0	0.043	0.029	25.547
Bacteria;Bacillota;Clostridia;Eubacteriales;Peptostreptococcaceae;Peptostreptococcaceae [G4]	genus			0.008	0.008	0.0	0.022	0.03	12.652
Bacteria;Bacillota;Clostridia;Eubacteriales;Peptostreptococcaceae;Peptostreptococcaceae [G6 "Eubacterium"]	genus			0.022	0.022	0.0	0.018	0.1	10.462
Bacteria;Bacillota;Clostridia;Eubacteriales;Peptostreptococcaceae;Peptostreptococcaceae [G9 "Eubacterium"]	genus			0.199	0.199	0.0	0.59	0.488	48.905
Bacteria;Bacillota;Clostridia;Eubacteriales;Peptostreptococcaceae;Peptostreptococcus	genus			0.426	0.426	0.0	1.115	0.597	87.105
Bacteria;Bacillota;Clostridia;Eubacteriales;Ruminococcaceae;Ruminococcaceae [G1]	genus			0.234	0.234	0.0	0.626	0.573	57.664
Bacteria;Bacillota;Clostridia;Eubacteriales;Ruminococcaceae;Ruminococcaceae [G2]	genus			0.176	0.176	0.0	0.463	0.308	69.1
Bacteria;Bacillota;Negativicutes;Selenomonadales;Selenomonadaceae;Mitsuokella	genus			0.244	0.244	0.0	0.108	1.576	13.382
Bacteria;Bacillota;Negativicutes;Selenomonadales;Selenomonadaceae;Selenomonas	genus			1.27	1.27	0.039	3.668	2.02	93.187
Bacteria;Bacillota;Negativicutes;Veillonellales;Veillonellaceae;Dialister	genus			0.283	0.283	0.0	0.873	0.686	64.477
Bacteria;Bacillota;Negativicutes;Veillonellales;Veillonellaceae;Megasphaera	genus			0.504	0.504	0.0	1.414	0.732	81.022
Bacteria;Bacillota;Negativicutes;Veillonellales;Veillonellaceae;Veillonella	genus			11.772	11.772	3.271	21.784	8.331	100.0
Bacteria;Bacillota;Clostridia;Eubacteriales;Peptoniphilaceae;Parvimonas	genus			0.699	0.699	0.0	1.975	1.262	86.131
Bacteria;Fusobacteriota;Fusobacteriia;Fusobacteriales;Fusobacteriaceae;Fusobacterium	genus			12.793	12.793	4.024	24.241	8.229	100.0
Bacteria;Fusobacteriota;Fusobacteriia;Fusobacteriales;Leptotrichiaceae;Leptotrichia	genus			5.305	5.305	0.137	14.396	6.395	96.594
Bacteria;Fusobacteriota;Fusobacteriia;Fusobacteriales;Leptotrichiaceae;Pseudoleptotrichia	genus			1.381	1.381	0.058	3.217	1.755	94.647
Bacteria;Pseudomonadota;Alphaproteobacteria;Hyphomicrobiales;Nitrobacteraceae;Bradyrhizobium	genus			0.006	0.006	0.0	0.0	0.082	2.19
Bacteria;Pseudomonadota;Alphaproteobacteria;Sphingomonadales;Sphingomonadaceae;Sphingomonas	genus			0.02	0.02	0.0	0.0	0.228	4.38
Bacteria;Pseudomonadota;Betaproteobacteria;Burkholderiales;Burkholderiaceae;Lautropia	genus			0.162	0.162	0.0	0.367	0.443	58.637
Bacteria;Pseudomonadota;Betaproteobacteria;Burkholderiales;Burkholderiaceae;Ralstonia	genus			0.026	0.026	0.0	0.0	0.275	6.083
Bacteria;Pseudomonadota;Betaproteobacteria;Burkholderiales;Comamonadaceae;Ottowia	genus			0.015	0.015	0.0	0.0	0.152	6.813
Bacteria;Pseudomonadota;Betaproteobacteria;Neisseriales;Neisseriaceae;Eikenella	genus			0.109	0.109	0.0	0.304	0.484	52.068
Bacteria;Pseudomonadota;Betaproteobacteria;Neisseriales;Neisseriaceae;Kingella	genus			0.085	0.085	0.0	0.074	0.834	39.416
Bacteria;Pseudomonadota;Betaproteobacteria;Neisseriales;Neisseriaceae;Neisseria	genus			5.847	5.847	0.107	17.245	7.663	96.35
Bacteria;Pseudomonadota;Betaproteobacteria;Neisseriales;Neisseriaceae;Neisseriaceae [G1]	genus			0.054	0.054	0.0	0.0	1.051	2.19
Bacteria;Pseudomonadota;Epsilonproteobacteria;Campylobacterales;Campylobacteraceae;Campylobacter	genus			1.624	1.624	0.291	3.5	1.496	99.757
Bacteria;Pseudomonadota;Gammaproteobacteria;Pasteurellales;Pasteurellaceae;Aggregatibacter	genus			0.542	0.542	0.0	0.612	3.074	65.45
Bacteria;Pseudomonadota;Gammaproteobacteria;Pasteurellales;Pasteurellaceae;Haemophilus	genus			11.267	11.267	1.373	24.16	10.442	99.757
Bacteria;Candidatus Saccharimonadota;Saccharimonadota [C1];Saccharimonadota [C1 O1];Saccharimonadota [C1 O1 F1];Saccharimonadota [C1 O1 F1 G1]	genus			0.024	0.024	0.0	0.07	0.061	36.01
Bacteria;Spirochaetota;Spirochaetia;Spirochaetales;Treponemataceae;Treponema	genus			1.01	1.01	0.0	2.285	2.455	81.995
Bacteria;Synergistota;Synergistia;Synergistales;Synergistaceae;Fretibacterium	genus			0.056	0.056	0.0	0.149	0.156	32.117
Bacteria;Mycoplasmatota;Mollicutes;Mycoplasmoidales;Metamycoplasmataceae;Metamycoplasma	genus			0.093	0.093	0.0	0.231	0.317	35.766
Bacteria;Bacillota;Clostridia;Eubacteriales;Peptostreptococcaceae;Peptostreptococcaceae [G7 "Eubacterium"]	genus			0.049	0.049	0.0	0.144	0.131	39.173
Bacteria;Actinomycetota;Actinomycetes;Actinomycetales;Actinomycetaceae;Actinomyces;graevenitzii	species	866		1.7	1.7	0.052	4.487	2.375	93.187
Bacteria;Actinomycetota;Actinomycetes;Actinomycetales;Actinomycetaceae;Actinomyces;sp. HMT-169	species	169		0.053	0.053	0.0	0.088	0.301	39.903
Bacteria;Actinomycetota;Actinomycetes;Actinomycetales;Actinomycetaceae;Actinomyces;sp. HMT-170	species	170		0.036	0.036	0.0	0.079	0.242	32.847
Bacteria;Actinomycetota;Actinomycetes;Actinomycetales;Actinomycetaceae;Schaalia;lingnae	species	181		0.28	0.28	0.014	0.675	0.349	90.998
Bacteria;Actinomycetota;Actinomycetes;Actinomycetales;Actinomycetaceae;Schaalia;meyeri	species	671	Reads equidistant to HMT-180 and HMT-671 were assigned to each taxon in proportion to the abundance of HMT-180 and HMT-671 individually at this body site (PTO).	0.016	0.016	0.0	0.039	0.059	27.737
Bacteria;Actinomycetota;Actinomycetes;Actinomycetales;Actinomycetaceae;Schaalia;odontolytica	species	701	Reads equidistant to HMT-180 and HMT-701 were assigned to each taxon in proportion to the abundance of HMT-180 and HMT-701 individually at this body site (PTO).;Some of the reads equidistant from these taxa (172-180-701) are included in HMT-701 because they are too close to differentiate at this site (PTO).	1.551	1.551	0.171	3.532	1.631	98.297
Bacteria;Actinomycetota;Actinomycetes;Actinomycetales;Actinomycetaceae;Schaalia;sp. HMT-172	species	172	Reads equidistant to HMT-172 and HMT-701 were assigned to each taxon in proportion to the abundance of HMT-172 and HMT-701 individually at this body site (PTO).;Some of the reads equidistant from these taxa (172-180-701) are included in HMT-172 because they are too close to differentiate at this site (PTO).	1.72	1.72	0.07	3.818	2.289	96.594
Bacteria;Actinomycetota;Actinomycetes;Actinomycetales;Actinomycetaceae;Schaalia;sp. HMT-180	species	180	Reads equidistant to HMT-180 and HMT-671 were assigned to each taxon in proportion to the abundance of HMT-180 and HMT-671 individually at this body site (PTO).;Some of the reads equidistant from these taxa (172-180-701) are included in HMT-180 because they are too close to differentiate at this site (PTO).	0.432	0.432	0.032	0.948	0.91	97.567
Bacteria;Actinomycetota;Actinomycetes;Bifidobacteriales;Bifidobacteriaceae;Bifidobacterium;dentium	species	588		0.019	0.019	0.0	0.0	0.24	6.083
Bacteria;Actinomycetota;Actinomycetes;Bifidobacteriales;Bifidobacteriaceae;Bifidobacterium;longum	species	862		0.017	0.017	0.0	0.0	0.141	8.759
Bacteria;Actinomycetota;Actinomycetes;Mycobacteriales;Corynebacteriaceae;Corynebacterium;durum	species	595		0.031	0.031	0.0	0.077	0.104	35.523
Bacteria;Actinomycetota;Actinomycetes;Mycobacteriales;Corynebacteriaceae;Corynebacterium;tuberculostearicum	species	077		0.168	0.168	0.0	0.0	3.259	6.569
Bacteria;Actinomycetota;Actinomycetes;Micrococcales;Micrococcaceae;Rothia;aeria	species	188		0.051	0.051	0.0	0.09	0.225	35.523
Bacteria;Actinomycetota;Actinomycetes;Micrococcales;Micrococcaceae;Rothia;dentocariosa	species	587		0.034	0.034	0.0	0.074	0.105	35.766
Bacteria;Actinomycetota;Actinomycetes;Micrococcales;Micrococcaceae;Rothia;mucilaginosa	species	681		0.992	0.992	0.038	2.51	1.696	94.891
Bacteria;Actinomycetota;Actinomycetes;Propionibacteriales;Propionibacteriaceae;Cutibacterium;acnes	species	530		0.232	0.232	0.0	0.047	2.31	22.871
Bacteria;Actinomycetota;Coriobacteriia;Coriobacteriales;Atopobiaceae;Lancefieldella;parvula	species	723		0.569	0.569	0.005	1.448	0.828	90.024
Bacteria;Actinomycetota;Coriobacteriia;Coriobacteriales;Atopobiaceae;Lancefieldella;rimae	species	750		0.087	0.087	0.0	0.119	0.414	31.63
Bacteria;Actinomycetota;Coriobacteriia;Eggerthellales;Eggerthellaceae;Eggerthella;lenta	species	654		0.011	0.011	0.0	0.0	0.133	3.893
Bacteria;Bacteroidota;Bacteroidia;Bacteroidales;Odoribacteraceae;Odoribacteraceae [G3];bacterium HMT-365	species	365		0.089	0.089	0.0	0.086	0.417	20.925
Bacteria;Bacteroidota;Bacteroidia;Bacteroidales;Odoribacteraceae;Odoribacteraceae [G3];bacterium HMT-503	species	503		0.01	0.01	0.0	0.0	0.064	4.38
Bacteria;Bacteroidota;Bacteroidia;Bacteroidales;Odoribacteraceae;Odoribacteraceae [G5];bacterium HMT-505	species	505		0.027	0.027	0.0	0.0	0.184	9.246
Bacteria;Bacteroidota;Bacteroidia;Bacteroidales;Odoribacteraceae;Odoribacteraceae [G5];bacterium HMT-511	species	511		0.149	0.149	0.0	0.255	0.639	32.117
Bacteria;Bacteroidota;Bacteroidia;Bacteroidales;Bacteroidales [F2];Bacteroidales [F2 G2];bacterium HMT-274	species	274		0.175	0.175	0.0	0.149	0.912	37.47
Bacteria;Bacteroidota;Bacteroidia;Bacteroidales;Porphyromonadaceae;Porphyromonas;endodontalis	species	273		1.048	1.048	0.0	2.476	3.004	62.044
Bacteria;Bacteroidota;Bacteroidia;Bacteroidales;Porphyromonadaceae;Porphyromonas;gingivalis	species	619		0.054	0.054	0.0	0.0	0.492	2.433
Bacteria;Bacteroidota;Bacteroidia;Bacteroidales;Porphyromonadaceae;Porphyromonas;pasteri	species	279		4.336	4.336	0.087	11.482	5.091	94.891
Bacteria;Bacteroidota;Bacteroidia;Bacteroidales;Porphyromonadaceae;Porphyromonas;sp. HMT-285	species	285		0.019	0.019	0.0	0.0	0.174	4.38
Bacteria;Bacteroidota;Bacteroidia;Bacteroidales;Porphyromonadaceae;Porphyromonas;sp. HMT-930	species	930		0.261	0.261	0.0	0.511	0.888	46.959
Bacteria;Bacteroidota;Bacteroidia;Bacteroidales;Prevotellaceae;Alloprevotella;rava	species	302		0.548	0.548	0.0	1.7	1.245	63.747
Bacteria;Bacteroidota;Bacteroidia;Bacteroidales;Prevotellaceae;Alloprevotella;sp. HMT-308	species	308		1.275	1.275	0.039	3.293	1.7	93.431
Bacteria;Bacteroidota;Bacteroidia;Bacteroidales;Prevotellaceae;Alloprevotella;sp. HMT-473	species	473		0.881	0.881	0.0	2.281	2.216	71.29
Bacteria;Bacteroidota;Bacteroidia;Bacteroidales;Prevotellaceae;Alloprevotella;sp. HMT-914	species	914		0.748	0.748	0.027	1.758	1.204	92.944
Bacteria;Bacteroidota;Bacteroidia;Bacteroidales;Prevotellaceae;Alloprevotella;tannerae	species	466		1.008	1.008	0.0	2.535	2.594	66.91
Bacteria;Bacteroidota;Bacteroidia;Bacteroidales;Prevotellaceae;Prevotella;aurantiaca	species	943		0.099	0.099	0.0	0.155	0.371	15.572
Bacteria;Bacteroidota;Bacteroidia;Bacteroidales;Prevotellaceae;Segatella;baroniae	species	553		0.066	0.066	0.0	0.092	0.291	13.869
Bacteria;Bacteroidota;Bacteroidia;Bacteroidales;Prevotellaceae;Hallella;dentalis	species	583		0.009	0.009	0.0	0.0	0.063	7.543
Bacteria;Bacteroidota;Bacteroidia;Bacteroidales;Prevotellaceae;Prevotella;denticola	species	291		0.205	0.205	0.0	0.126	1.689	30.9
Bacteria;Bacteroidota;Bacteroidia;Bacteroidales;Prevotellaceae;Hoylesella;enoeca	species	600		0.025	0.025	0.0	0.019	0.125	11.679
Bacteria;Bacteroidota;Bacteroidia;Bacteroidales;Prevotellaceae;Prevotella;fusca	species	782		0.07	0.07	0.0	0.035	0.405	13.625
Bacteria;Bacteroidota;Bacteroidia;Bacteroidales;Prevotellaceae;Prevotella;intermedia	species	643		0.954	0.954	0.0	2.688	3.045	33.82
Bacteria;Bacteroidota;Bacteroidia;Bacteroidales;Prevotellaceae;Hoylesella;koreensis	species	526		0.009	0.009	0.0	0.0	0.095	2.676
Bacteria;Bacteroidota;Bacteroidia;Bacteroidales;Prevotellaceae;Prevotella;micans	species	378		0.008	0.008	0.0	0.019	0.036	12.165
Bacteria;Bacteroidota;Bacteroidia;Bacteroidales;Prevotellaceae;Hoylesella;nanceiensis	species	299		0.764	0.764	0.019	1.772	1.162	91.727
Bacteria;Bacteroidota;Bacteroidia;Bacteroidales;Prevotellaceae;Prevotella;nigrescens	species	693		1.141	1.141	0.0	2.698	3.175	64.964
Bacteria;Bacteroidota;Bacteroidia;Bacteroidales;Prevotellaceae;Segatella;oris	species	311		0.9	0.9	0.0	2.815	1.952	78.102
Bacteria;Bacteroidota;Bacteroidia;Bacteroidales;Prevotellaceae;Segatella;oulorum	species	288		0.063	0.063	0.0	0.192	0.169	36.253
Bacteria;Bacteroidota;Bacteroidia;Bacteroidales;Prevotellaceae;Prevotella;pallens	species	714		1.352	1.352	0.035	3.417	1.522	92.214
Bacteria;Bacteroidota;Bacteroidia;Bacteroidales;Prevotellaceae;Hoylesella;pleuritidis	species	303		0.324	0.324	0.0	0.529	1.495	37.226
Bacteria;Bacteroidota;Bacteroidia;Bacteroidales;Prevotellaceae;Segatella;salivae	species	307		1.096	1.096	0.0	2.986	1.445	89.294
Bacteria;Bacteroidota;Bacteroidia;Bacteroidales;Prevotellaceae;Hoylesella;shahii	species	795		0.348	0.348	0.0	1.135	0.668	49.392
Bacteria;Bacteroidota;Bacteroidia;Bacteroidales;Prevotellaceae;Prevotella;sp. HMT-304	species	304		0.021	0.021	0.0	0.0	0.216	2.19
Bacteria;Bacteroidota;Bacteroidia;Bacteroidales;Prevotellaceae;Segatella;sp. HMT-309	species	309		0.196	0.196	0.0	0.628	0.416	47.202
Bacteria;Bacteroidota;Bacteroidia;Bacteroidales;Prevotellaceae;Hoylesella;sp. HMT-317	species	317		0.144	0.144	0.0	0.066	1.249	27.981
Bacteria;Bacteroidota;Bacteroidia;Bacteroidales;Prevotellaceae;Segatella;sp. HMT-443	species	443		0.024	0.024	0.0	0.045	0.136	15.085
Bacteria;Bacteroidota;Bacteroidia;Bacteroidales;Prevotellaceae;Hoylesella;sp. HMT-472	species	472		0.056	0.056	0.0	0.068	0.382	22.628
Bacteria;Bacteroidota;Bacteroidia;Bacteroidales;Tannerellaceae;Tannerella;forsythia	species	613		0.104	0.104	0.0	0.208	0.418	35.523
Bacteria;Bacteroidota;Bacteroidia;Bacteroidales;Tannerellaceae;Tannerella;serpentiformis	species	286		0.218	0.218	0.0	0.62	0.463	64.234
Bacteria;Bacteroidota;Bacteroidia;Bacteroidales;Tannerellaceae;Tannerella;sp. HMT-808	species	808		0.01	0.01	0.0	0.0	0.075	8.759
Bacteria;Bacteroidota;Flavobacteriia;Flavobacteriales;Flavobacteriaceae;Capnocytophaga;gingivalis	species	337		0.456	0.456	0.0	1.453	0.759	75.182
Bacteria;Bacteroidota;Flavobacteriia;Flavobacteriales;Flavobacteriaceae;Capnocytophaga;granulosa	species	325		0.276	0.276	0.0	0.536	1.149	56.204
Bacteria;Bacteroidota;Flavobacteriia;Flavobacteriales;Flavobacteriaceae;Capnocytophaga;leadbetteri	species	329		0.602	0.602	0.0	1.444	1.903	75.426
Bacteria;Bacteroidota;Flavobacteriia;Flavobacteriales;Flavobacteriaceae;Capnocytophaga;sp. HMT-901	species	901		0.013	0.013	0.0	0.016	0.15	12.895
Bacteria;Bacteroidota;Flavobacteriia;Flavobacteriales;Flavobacteriaceae;Capnocytophaga;sputigena	species	775		0.47	0.47	0.0	1.559	1.261	64.964
Bacteria;Bacteroidota;Flavobacteriia;Flavobacteriales;Weeksellaceae;Cloacibacterium;sp. HMT-206	species	206		0.13	0.13	0.0	0.216	0.532	28.224
Bacteria;Bacteroidota;Flavobacteriia;Flavobacteriales;Weeksellaceae;Riemerella;sp. HMT-322	species	322		0.312	0.312	0.0	0.722	0.392	89.294
Bacteria;Bacillota;Bacilli;Caryophanales;Gemellaceae;Gemella;morbillorum	species	046		0.165	0.165	0.0	0.361	0.44	65.693
Bacteria;Bacillota;Bacilli;Caryophanales;Gemellaceae;Gemella;sanguinis	species	757	Because HMT-626 is not present individually, all equidistant reads were assigned to HMT-757 at this body site (PTO).	2.683	2.683	0.222	5.977	4.526	99.27
Bacteria;Bacillota;Bacilli;Lactobacillales;Aerococcaceae;Abiotrophia;defectiva	species	389		0.025	0.025	0.0	0.062	0.111	28.224
Bacteria;Bacillota;Bacilli;Lactobacillales;Carnobacteriaceae;Granulicatella;adiacens	species	534		1.635	1.635	0.171	3.609	1.744	99.757
Bacteria;Bacillota;Bacilli;Lactobacillales;Carnobacteriaceae;Granulicatella;elegans	species	596		0.266	0.266	0.0	0.562	0.981	55.474
Bacteria;Bacillota;Bacilli;Lactobacillales;Lactobacillaceae;Lactobacillus;iners	species	838		0.007	0.007	0.0	0.0	0.083	7.543
Bacteria;Bacillota;Bacilli;Lactobacillales;Streptococcaceae;Streptococcus;agalactiae	species	537		0.011	0.011	0.0	0.0	0.079	6.326
Bacteria;Bacillota;Bacilli;Lactobacillales;Streptococcaceae;Streptococcus;constellatus	species	576		0.236	0.236	0.0	0.394	1.082	39.903
Bacteria;Bacillota;Bacilli;Lactobacillales;Streptococcaceae;Streptococcus;intermedius	species	644		0.106	0.106	0.0	0.241	0.396	37.713
Bacteria;Bacillota;Bacilli;Lactobacillales;Streptococcaceae;Streptococcus;sanguinis	species	758		0.316	0.316	0.0	0.454	1.518	81.509
Bacteria;Bacillota;Clostridia;Eubacteriales;Clostridiales [F1];Clostridiales [F1 G1];bacterium HMT-093	species	093		0.022	0.022	0.0	0.0	0.131	9.732
Bacteria;Bacillota;Clostridia;Eubacteriales;Lachnospiraceae;Butyrivibrio;sp. HMT-080	species	080		0.025	0.025	0.0	0.029	0.108	13.869
Bacteria;Bacillota;Clostridia;Eubacteriales;Lachnospiraceae;Butyrivibrio;sp. HMT-455	species	455		0.071	0.071	0.0	0.209	0.142	52.798
Bacteria;Bacillota;Clostridia;Eubacteriales;Lachnospiraceae;Catonella;morbi	species	165		0.438	0.438	0.065	0.919	0.38	96.594
Bacteria;Bacillota;Clostridia;Eubacteriales;Lachnospiraceae;Catonella;sp. HMT-451	species	451		0.036	0.036	0.0	0.068	0.133	17.762
Bacteria;Bacillota;Clostridia;Eubacteriales;Lachnospiraceae;Lachnoanaerobaculum;orale	species	082		1.002	1.002	0.0	2.801	1.287	86.375
Bacteria;Bacillota;Clostridia;Eubacteriales;Lachnospiraceae;Lachnoanaerobaculum;sp. HMT-083	species	083		0.605	0.605	0.028	1.352	0.571	92.457
Bacteria;Bacillota;Clostridia;Eubacteriales;Lachnospiraceae;Lachnoanaerobaculum;umeaense	species	107		0.054	0.054	0.0	0.132	0.185	27.251
Bacteria;Bacillota;Clostridia;Eubacteriales;Lachnospiraceae;Lachnospiraceae [G2];bacterium HMT-096	species	096		1.389	1.389	0.0	4.745	2.772	63.747
Bacteria;Bacillota;Clostridia;Eubacteriales;Lachnospiraceae;Lachnospiraceae [G3];bacterium HMT-100	species	100		0.113	0.113	0.0	0.309	0.329	38.929
Bacteria;Bacillota;Clostridia;Eubacteriales;Lachnospiraceae;Lachnospiraceae [G8];bacterium HMT-500	species	500		0.02	0.02	0.0	0.061	0.055	29.197
Bacteria;Bacillota;Clostridia;Eubacteriales;Lachnospiraceae;Oribacterium;asaccharolyticum	species	108	Reads equidistant to HMT-108 and HMT-934 were assigned to each taxon in proportion to the abundance of HMT-108 and HMT-934 individually at this body site (PTO).	0.634	0.634	0.029	1.624	0.801	92.944
Bacteria;Bacillota;Clostridia;Eubacteriales;Lachnospiraceae;Oribacterium;parvum	species	934	Reads equidistant to HMT-108 and HMT-934 were assigned to each taxon in proportion to the abundance of HMT-108 and HMT-934 individually at this body site (PTO).	0.148	0.148	0.0	0.366	0.216	75.182
Bacteria;Bacillota;Clostridia;Eubacteriales;Lachnospiraceae;Oribacterium;sinus	species	457		0.957	0.957	0.142	1.995	1.048	97.567
Bacteria;Bacillota;Clostridia;Eubacteriales;Lachnospiraceae;Oribacterium;sp. HMT-078	species	078		0.016	0.016	0.0	0.031	0.123	18.248
Bacteria;Bacillota;Clostridia;Eubacteriales;Lachnospiraceae;Shuttleworthia;satelles	species	095		0.025	0.025	0.0	0.013	0.276	10.949
Bacteria;Bacillota;Clostridia;Eubacteriales;Lachnospiraceae;Stomatobaculum;longum	species	419		0.677	0.677	0.0	1.991	1.282	63.26
Bacteria;Bacillota;Clostridia;Eubacteriales;Lachnospiraceae;Stomatobaculum;sp. HMT-097	species	097		0.857	0.857	0.0	2.029	1.044	89.051
Bacteria;Bacillota;Clostridia;Eubacteriales;Peptococcaceae;Peptococcus;sp. HMT-167	species	167		0.04	0.04	0.0	0.117	0.118	28.71
Bacteria;Bacillota;Clostridia;Eubacteriales;Peptococcaceae;Peptococcus;sp. HMT-168	species	168		0.06	0.06	0.0	0.178	0.106	49.148
Bacteria;Bacillota;Clostridia;Eubacteriales;Peptostreptococcaceae;Filifactor;alocis	species	539		0.117	0.117	0.0	0.326	0.318	32.36
Bacteria;Bacillota;Clostridia;Eubacteriales;Anaerovoracaceae;Mogibacterium;diversum	species	593		0.166	0.166	0.0	0.415	0.177	82.238
Bacteria;Bacillota;Clostridia;Eubacteriales;Anaerovoracaceae;Mogibacterium;pumilum	species	742		0.002	0.002	0.0	0.0	0.026	0.973
Bacteria;Bacillota;Clostridia;Eubacteriales;Anaerovoracaceae;Mogibacterium;timidum	species	042		0.021	0.021	0.0	0.054	0.068	21.411
Bacteria;Bacillota;Clostridia;Eubacteriales;Peptostreptococcaceae;Peptostreptococcaceae [G1 "Eubacterium"];sulci	species	467		0.167	0.167	0.0	0.447	0.21	77.859
Bacteria;Bacillota;Clostridia;Eubacteriales;Peptostreptococcaceae;Peptostreptococcaceae [G2];bacterium HMT-091	species	091		0.012	0.012	0.0	0.043	0.029	25.547
Bacteria;Bacillota;Clostridia;Eubacteriales;Peptostreptococcaceae;Peptostreptococcaceae [G4];bacterium HMT-369	species	369		0.008	0.008	0.0	0.022	0.03	12.652
Bacteria;Bacillota;Clostridia;Eubacteriales;Peptostreptococcaceae;Peptostreptococcaceae [G6 "Eubacterium"];nodatum	species	694		0.022	0.022	0.0	0.018	0.1	10.462
Bacteria;Bacillota;Clostridia;Eubacteriales;Peptostreptococcaceae;Peptostreptococcaceae [G9 "Eubacterium"];brachy	species	557		0.199	0.199	0.0	0.59	0.488	48.905
Bacteria;Bacillota;Clostridia;Eubacteriales;Peptostreptococcaceae;Peptostreptococcus;stomatis	species	112		0.426	0.426	0.0	1.115	0.597	87.105
Bacteria;Bacillota;Clostridia;Eubacteriales;Ruminococcaceae;Ruminococcaceae [G1];bacterium HMT-075	species	075		0.234	0.234	0.0	0.626	0.573	57.664
Bacteria;Bacillota;Clostridia;Eubacteriales;Ruminococcaceae;Ruminococcaceae [G2];bacterium HMT-085	species	085		0.176	0.176	0.0	0.463	0.308	69.1
Bacteria;Bacillota;Negativicutes;Selenomonadales;Selenomonadaceae;Mitsuokella;sp. HMT-521	species	521		0.244	0.244	0.0	0.108	1.576	13.382
Bacteria;Bacillota;Negativicutes;Selenomonadales;Selenomonadaceae;Selenomonas;dianae	species	139		0.053	0.053	0.0	0.106	0.256	30.9
Bacteria;Bacillota;Negativicutes;Selenomonadales;Selenomonadaceae;Selenomonas;noxia	species	130		0.022	0.022	0.0	0.041	0.108	23.358
Bacteria;Bacillota;Negativicutes;Selenomonadales;Selenomonadaceae;Selenomonas;sp. HMT-126	species	126		0.015	0.015	0.0	0.02	0.12	13.625
Bacteria;Bacillota;Negativicutes;Selenomonadales;Selenomonadaceae;Selenomonas;sp. HMT-136	species	136	Some of the reads equidistant from these taxa (136-149-478) are included in HMT-136 because they are too close to differentiate at this site (PTO).	0.642	0.642	0.0	1.735	1.125	87.348
Bacteria;Bacillota;Negativicutes;Selenomonadales;Selenomonadaceae;Selenomonas;sp. HMT-478	species	478	Some of the reads equidistant from these taxa (136-149-478) are included in HMT-478 because they are too close to differentiate at this site (PTO).	0.203	0.203	0.0	0.518	0.367	85.645
Bacteria;Bacillota;Negativicutes;Veillonellales;Veillonellaceae;Dialister;invisus	species	118		0.123	0.123	0.0	0.222	0.459	44.526
Bacteria;Bacillota;Negativicutes;Veillonellales;Veillonellaceae;Dialister;pneumosintes	species	736		0.16	0.16	0.0	0.457	0.395	42.092
Bacteria;Bacillota;Negativicutes;Veillonellales;Veillonellaceae;Megasphaera;micronuciformis	species	122		0.504	0.504	0.0	1.414	0.732	81.022
Bacteria;Bacillota;Negativicutes;Veillonellales;Veillonellaceae;Veillonella;atypica	species	524		3.076	3.076	0.077	8.548	3.73	96.594
Bacteria;Bacillota;Negativicutes;Veillonellales;Veillonellaceae;Veillonella;dispar	species	160		4.978	4.978	0.127	13.124	5.903	96.594
Bacteria;Bacillota;Negativicutes;Veillonellales;Veillonellaceae;Veillonella;parvula	species	161		0.655	0.655	0.019	1.802	1.069	91.484
Bacteria;Bacillota;Negativicutes;Veillonellales;Veillonellaceae;Veillonella;rogosae	species	158		2.712	2.712	0.077	7.425	3.445	97.08
Bacteria;Bacillota;Negativicutes;Veillonellales;Veillonellaceae;Veillonella;sp. HMT-780	species	780		0.231	0.231	0.0	0.466	0.735	51.338
Bacteria;Bacillota;Negativicutes;Veillonellales;Veillonellaceae;Veillonella;sp. HMT-917	species	917		0.119	0.119	0.0	0.0	0.905	7.299
Bacteria;Bacillota;Clostridia;Eubacteriales;Peptoniphilaceae;Parvimonas;micra	species	111	Some of the reads equidistant from these taxa (110-111-393) are included in HMT-111 because they are too close to differentiate at this site (PTO).	0.699	0.699	0.0	1.975	1.262	86.131
Bacteria;Fusobacteriota;Fusobacteriia;Fusobacteriales;Fusobacteriaceae;Fusobacterium;gonidiaformans	species	860		0.009	0.009	0.0	0.0	0.072	6.326
Bacteria;Fusobacteriota;Fusobacteriia;Fusobacteriales;Fusobacteriaceae;Fusobacterium;naviforme	species	689		0.117	0.117	0.0	0.139	0.597	35.523
Bacteria;Fusobacteriota;Fusobacteriia;Fusobacteriales;Fusobacteriaceae;Fusobacterium;necrophorum	species	690		0.188	0.188	0.0	0.098	1.141	13.139
Bacteria;Fusobacteriota;Fusobacteriia;Fusobacteriales;Fusobacteriaceae;Fusobacterium;animalis	species	420		0.768	0.768	0.0	1.717	2.236	82.725
Bacteria;Fusobacteriota;Fusobacteriia;Fusobacteriales;Fusobacteriaceae;Fusobacterium;polymorphum	species	202	Because HMT-953 is not present individually, all equidistant reads were assigned to HMT-202 at this body site (PTO).;Some of the reads equidistant from these taxa (202-203-370-953) are included in HMT-202 because they are too close to differentiate at this site (PTO).;Some of the reads equidistant from these taxa (202-370-953) are included in HMT-202 because they are too close to differentiate at this site (PTO).	0.435	0.435	0.035	0.845	1.037	96.107
Bacteria;Fusobacteriota;Fusobacteriia;Fusobacteriales;Fusobacteriaceae;Fusobacterium;vincentii	species	200		3.159	3.159	0.021	10.644	6.359	91.971
Bacteria;Fusobacteriota;Fusobacteriia;Fusobacteriales;Fusobacteriaceae;Fusobacterium;periodonticum	species	201		7.19	7.19	0.666	15.94	6.196	98.054
Bacteria;Fusobacteriota;Fusobacteriia;Fusobacteriales;Fusobacteriaceae;Fusobacterium;sp. HMT-203	species	203	Reads equidistant to HMT-202 and HMT-203 were assigned to each taxon in proportion to the abundance of HMT-202 and HMT-203 individually at this body site (PTO).;Some of the reads equidistant from these taxa (202-203-370-953) are included in HMT-203 because they are too close to differentiate at this site (PTO).	0.426	0.426	0.0	0.805	1.35	87.105
Bacteria;Fusobacteriota;Fusobacteriia;Fusobacteriales;Fusobacteriaceae;Fusobacterium;sp. HMT-248	species	248		0.032	0.032	0.0	0.024	0.245	11.436
Bacteria;Fusobacteriota;Fusobacteriia;Fusobacteriales;Fusobacteriaceae;Fusobacterium;sp. HMT-370	species	370	Some of the reads equidistant from these taxa (202-203-370-953) are included in HMT-370 because they are too close to differentiate at this site (PTO).;Some of the reads equidistant from these taxa (202-370-953) are included in HMT-370 because they are too close to differentiate at this site (PTO).	0.466	0.466	0.023	0.932	1.14	91.971
Bacteria;Fusobacteriota;Fusobacteriia;Fusobacteriales;Leptotrichiaceae;Leptotrichia;buccalis	species	563		0.022	0.022	0.0	0.059	0.063	31.873
Bacteria;Fusobacteriota;Fusobacteriia;Fusobacteriales;Leptotrichiaceae;Leptotrichia;hofstadii	species	224		0.029	0.029	0.0	0.066	0.107	29.684
Bacteria;Fusobacteriota;Fusobacteriia;Fusobacteriales;Leptotrichiaceae;Leptotrichia;hongkongensis	species	213		0.168	0.168	0.0	0.26	0.727	55.474
Bacteria;Fusobacteriota;Fusobacteriia;Fusobacteriales;Leptotrichiaceae;Pseudoleptotrichia;sp. HMT-212	species	212		0.047	0.047	0.0	0.028	0.438	14.355
Bacteria;Fusobacteriota;Fusobacteriia;Fusobacteriales;Leptotrichiaceae;Pseudoleptotrichia;sp. HMT-215	species	215		1.258	1.258	0.036	2.989	1.599	92.701
Bacteria;Fusobacteriota;Fusobacteriia;Fusobacteriales;Leptotrichiaceae;Leptotrichia;sp. HMT-218	species	218		0.401	0.401	0.0	0.866	1.669	21.168
Bacteria;Fusobacteriota;Fusobacteriia;Fusobacteriales;Leptotrichiaceae;Leptotrichia;sp. HMT-223	species	223		0.005	0.005	0.0	0.0	0.021	9.246
Bacteria;Fusobacteriota;Fusobacteriia;Fusobacteriales;Leptotrichiaceae;Leptotrichia;sp. HMT-225	species	225		0.022	0.022	0.0	0.049	0.095	23.358
Bacteria;Fusobacteriota;Fusobacteriia;Fusobacteriales;Leptotrichiaceae;Pseudoleptotrichia;sp. HMT-392	species	392		0.067	0.067	0.0	0.124	0.213	44.282
Bacteria;Fusobacteriota;Fusobacteriia;Fusobacteriales;Leptotrichiaceae;Leptotrichia;sp. HMT-417	species	417	Reads equidistant to HMT-417 and HMT-463 were assigned to each taxon in proportion to the abundance of HMT-417 and HMT-463 individually at this body site (PTO).	3.117	3.117	0.016	9.425	4.44	90.511
Bacteria;Fusobacteriota;Fusobacteriia;Fusobacteriales;Leptotrichiaceae;Leptotrichia;sp. HMT-463	species	463	Reads equidistant to HMT-417 and HMT-463 were assigned to each taxon in proportion to the abundance of HMT-417 and HMT-463 individually at this body site (PTO).	0.014	0.014	0.0	0.001	0.082	13.869
Bacteria;Fusobacteriota;Fusobacteriia;Fusobacteriales;Leptotrichiaceae;Leptotrichia;sp. HMT-498	species	498		0.009	0.009	0.0	0.0	0.106	7.056
Bacteria;Fusobacteriota;Fusobacteriia;Fusobacteriales;Leptotrichiaceae;Leptotrichia;wadei	species	222		0.036	0.036	0.0	0.077	0.161	27.737
Bacteria;Fusobacteriota;Fusobacteriia;Fusobacteriales;Leptotrichiaceae;Pseudoleptotrichia;goodfellowii	species	845		0.01	0.01	0.0	0.018	0.055	12.895
Bacteria;Fusobacteriota;Fusobacteriia;Fusobacteriales;Leptotrichiaceae;Leptotrichia;sp. HMT-221	species	221		1.482	1.482	0.0	4.444	2.828	67.883
Bacteria;Pseudomonadota;Alphaproteobacteria;Hyphomicrobiales;Nitrobacteraceae;Bradyrhizobium;elkanii	species	597		0.006	0.006	0.0	0.0	0.082	2.19
Bacteria;Pseudomonadota;Alphaproteobacteria;Sphingomonadales;Sphingomonadaceae;Sphingomonas;sp. HMT-004	species	004		0.02	0.02	0.0	0.0	0.228	4.38
Bacteria;Pseudomonadota;Betaproteobacteria;Burkholderiales;Burkholderiaceae;Lautropia;mirabilis	species	022		0.162	0.162	0.0	0.367	0.443	58.637
Bacteria;Pseudomonadota;Betaproteobacteria;Burkholderiales;Burkholderiaceae;Ralstonia;sp. HMT-406	species	406		0.026	0.026	0.0	0.0	0.275	6.083
Bacteria;Pseudomonadota;Betaproteobacteria;Burkholderiales;Comamonadaceae;Ottowia;sp. HMT-894	species	894		0.015	0.015	0.0	0.0	0.152	6.813
Bacteria;Pseudomonadota;Betaproteobacteria;Neisseriales;Neisseriaceae;Eikenella;corrodens	species	577		0.109	0.109	0.0	0.304	0.484	52.068
Bacteria;Pseudomonadota;Betaproteobacteria;Neisseriales;Neisseriaceae;Kingella;kingae	species	646		0.044	0.044	0.0	0.0	0.79	2.676
Bacteria;Pseudomonadota;Betaproteobacteria;Neisseriales;Neisseriaceae;Kingella;oralis	species	706		0.041	0.041	0.0	0.067	0.271	37.713
Bacteria;Pseudomonadota;Betaproteobacteria;Neisseriales;Neisseriaceae;Neisseria;flavescens	species	610	Reads equidistant to HMT-476 and HMT-610 were assigned to each taxon in proportion to the abundance of HMT-476 and HMT-610 individually at this body site (PTO).	1.234	1.234	0.0	4.072	3.012	81.752
Bacteria;Pseudomonadota;Betaproteobacteria;Neisseriales;Neisseriaceae;Neisseria;subflava	species	476	Reads equidistant to HMT-476 and HMT-610 were assigned to each taxon in proportion to the abundance of HMT-476 and HMT-610 individually at this body site (PTO).;Some of the reads equidistant from these taxa (101-476-682) are included in HMT-476 because they are too close to differentiate at this site (PTO).	4.471	4.471	0.079	12.479	6.44	95.62
Bacteria;Pseudomonadota;Betaproteobacteria;Neisseriales;Neisseriaceae;Neisseriaceae [G1];bacterium HMT-174	species	174		0.054	0.054	0.0	0.0	1.051	2.19
Bacteria;Pseudomonadota;Epsilonproteobacteria;Campylobacterales;Campylobacteraceae;Campylobacter;concisus	species	575		1.367	1.367	0.134	3.239	1.483	98.783
Bacteria;Pseudomonadota;Epsilonproteobacteria;Campylobacterales;Campylobacteraceae;Campylobacter;showae	species	763	Because HMT-748 is not present individually, all equidistant reads were assigned to HMT-763 at this body site (PTO).	0.209	0.209	0.0	0.546	0.38	75.182
Bacteria;Pseudomonadota;Epsilonproteobacteria;Campylobacterales;Campylobacteraceae;Campylobacter;sp. HMT-044	species	044		0.048	0.048	0.0	0.141	0.097	47.202
Bacteria;Pseudomonadota;Gammaproteobacteria;Pasteurellales;Pasteurellaceae;Aggregatibacter;aphrophilus	species	545	Because HMT-720 is not present individually, all equidistant reads were assigned to HMT-545 at this body site (PTO).	0.361	0.361	0.0	0.208	2.96	41.119
Bacteria;Pseudomonadota;Gammaproteobacteria;Pasteurellales;Pasteurellaceae;Haemophilus;parahaemolyticus	species	945	Because HMT-035 is not present individually, all equidistant reads were assigned to HMT-945 at this body site (PTO).	1.812	1.812	0.0	5.013	4.573	78.102
Bacteria;Pseudomonadota;Gammaproteobacteria;Pasteurellales;Pasteurellaceae;Haemophilus;parainfluenzae	species	718		9.034	9.034	0.939	20.705	8.709	99.27
Bacteria;Pseudomonadota;Gammaproteobacteria;Pasteurellales;Pasteurellaceae;Haemophilus;pittmaniae	species	946		0.107	0.107	0.0	0.214	0.406	40.146
Bacteria;Pseudomonadota;Gammaproteobacteria;Pasteurellales;Pasteurellaceae;Haemophilus;sputorum	species	944		0.314	0.314	0.0	0.851	0.733	69.1
Bacteria;Candidatus Saccharimonadota;Saccharimonadota [C1];Saccharimonadota [C1 O1];Saccharimonadota [C1 O1 F1];Saccharimonadota [C1 O1 F1 G1];bacterium HMT-352	species	352		0.024	0.024	0.0	0.07	0.061	36.01
Bacteria;Spirochaetota;Spirochaetia;Spirochaetales;Treponemataceae;Treponema;denticola	species	584		0.25	0.25	0.0	0.418	1.046	35.036
Bacteria;Spirochaetota;Spirochaetia;Spirochaetales;Treponemataceae;Treponema;lecithinolyticum	species	653		0.042	0.042	0.0	0.098	0.15	24.088
Bacteria;Spirochaetota;Spirochaetia;Spirochaetales;Treponemataceae;Treponema;socranskii	species	769		0.101	0.101	0.0	0.309	0.228	53.528
Bacteria;Spirochaetota;Spirochaetia;Spirochaetales;Treponemataceae;Treponema;sp. HMT-230	species	230		0.135	0.135	0.0	0.23	0.663	31.144
Bacteria;Spirochaetota;Spirochaetia;Spirochaetales;Treponemataceae;Treponema;sp. HMT-237	species	237		0.132	0.132	0.0	0.344	0.463	36.496
Bacteria;Spirochaetota;Spirochaetia;Spirochaetales;Treponemataceae;Treponema;sp. HMT-257	species	257		0.044	0.044	0.0	0.091	0.301	19.708
Bacteria;Spirochaetota;Spirochaetia;Spirochaetales;Treponemataceae;Treponema;sp. HMT-262	species	262		0.039	0.039	0.0	0.077	0.141	14.842
Bacteria;Spirochaetota;Spirochaetia;Spirochaetales;Treponemataceae;Treponema;vincentii	species	029	Because HMT-231 is not present individually, all equidistant reads were assigned to HMT-029 at this body site (PTO).	0.267	0.267	0.0	0.656	0.736	64.477
Bacteria;Synergistota;Synergistia;Synergistales;Synergistaceae;Fretibacterium;fastidiosum	species	363		0.017	0.017	0.0	0.059	0.049	18.491
Bacteria;Synergistota;Synergistia;Synergistales;Synergistaceae;Fretibacterium;sp. HMT-359	species	359		0.023	0.023	0.0	0.069	0.077	19.221
Bacteria;Synergistota;Synergistia;Synergistales;Synergistaceae;Fretibacterium;sp. HMT-360	species	360		0.016	0.016	0.0	0.024	0.092	13.625
Bacteria;Mycoplasmatota;Mollicutes;Mycoplasmoidales;Metamycoplasmataceae;Metamycoplasma;faucium	species	606		0.026	0.026	0.0	0.031	0.111	16.302
Bacteria;Mycoplasmatota;Mollicutes;Mycoplasmoidales;Metamycoplasmataceae;Metamycoplasma;salivarium	species	754		0.067	0.067	0.0	0.117	0.282	26.277
Bacteria;Actinomycetota;Actinomycetes;Actinomycetales;Actinomycetaceae;Actinomyces;sp. HMT-175	species	175	Neither HMT-175 nor HMT-688 were present singularly so these reads were split evenly at this site (PTO).	0.038	0.038	0.0	0.054	0.282	38.2
Bacteria;Actinomycetota;Actinomycetes;Actinomycetales;Actinomycetaceae;Actinomyces;viscosus	species	688	Neither HMT-175 nor HMT-688 were present singularly so these reads were split evenly at this site (PTO).	0.038	0.038	0.0	0.054	0.282	38.2
Bacteria;Bacillota;Bacilli;Lactobacillales;Lactobacillaceae;Lactobacillus;gasseri	species	615	Neither HMT-615 nor HMT-819 were present singularly so these reads were split evenly at this site (PTO).	0.007	0.007	0.0	0.0	0.114	4.38
Bacteria;Bacillota;Bacilli;Lactobacillales;Lactobacillaceae;Lactobacillus;johnsonii	species	819	Neither HMT-615 nor HMT-819 were present singularly so these reads were split evenly at this site (PTO).	0.007	0.007	0.0	0.0	0.114	4.38
Bacteria;Bacillota;Clostridia;Eubacteriales;Peptostreptococcaceae;Peptostreptococcaceae [G7 "Eubacterium"];bacterium HMT-922	species	922	Neither HMT-377 nor HMT-922 were present singularly so these reads were split evenly at this site (PTO).	0.025	0.025	0.0	0.072	0.065	39.173
Bacteria;Bacillota;Negativicutes;Selenomonadales;Selenomonadaceae;Selenomonas;sputigena	species	151	Neither HMT-151 nor HMT-442 were present singularly so these reads were split evenly at this site (PTO).	0.074	0.074	0.0	0.207	0.178	58.151
Bacteria;Bacillota;Negativicutes;Selenomonadales;Selenomonadaceae;Selenomonas;sp. HMT-442	species	442	Neither HMT-151 nor HMT-442 were present singularly so these reads were split evenly at this site (PTO).	0.074	0.074	0.0	0.207	0.178	58.151
Bacteria;Pseudomonadota;Betaproteobacteria;Neisseriales;Neisseriaceae;Neisseria;meningitidis	species	669	Neither HMT-669 nor HMT-737 were present singularly so these reads were split evenly at this site (PTO).	0.013	0.013	0.0	0.0	0.126	6.326
Bacteria;Pseudomonadota;Betaproteobacteria;Neisseriales;Neisseriaceae;Neisseria;polysaccharea	species	737	Because HMT-956 is not present individually, all equidistant reads were assigned to HMT-737 at this body site (PTO).	0.129	0.129	0.0	0.123	0.664	29.927
Bacteria;Pseudomonadota;Gammaproteobacteria;Pasteurellales;Pasteurellaceae;Aggregatibacter;sp. HMT-512	species	512	Neither HMT-512 nor HMT-762 were present singularly so these reads were split evenly at this site (PTO).	0.091	0.091	0.0	0.122	0.417	51.095
Bacteria;Pseudomonadota;Gammaproteobacteria;Pasteurellales;Pasteurellaceae;Aggregatibacter;segnis	species	762	Neither HMT-512 nor HMT-762 were present singularly so these reads were split evenly at this site (PTO).	0.091	0.091	0.0	0.122	0.417	51.095
Bacteria;Bacillota;Negativicutes;Selenomonadales;Selenomonadaceae;Selenomonas;sp. HMT-479	species	479	HMTs479-481-639-919 were not present singularly so these reads were split evenly at this body site (PTO)	0.047	0.047	0.0	0.1	0.209	56.448
Bacteria;Bacillota;Negativicutes;Selenomonadales;Selenomonadaceae;Selenomonas;sp. HMT-481	species	481	HMTs479-481-639-919 were not present singularly so these reads were split evenly at this body site (PTO)	0.047	0.047	0.0	0.1	0.209	56.448
Bacteria;Bacillota;Negativicutes;Selenomonadales;Selenomonadaceae;Selenomonas;infelix	species	639	HMTs479-481-639-919 were not present singularly so these reads were split evenly at this body site (PTO)	0.047	0.047	0.0	0.1	0.209	56.448
Bacteria;Bacillota;Negativicutes;Selenomonadales;Selenomonadaceae;Selenomonas;sp. HMT-919	species	919	HMTs479-481-639-919 were not present singularly so these reads were split evenly at this body site (PTO)	0.047	0.047	0.0	0.1	0.209	56.448
Bacteria;Bacillota;Bacilli;Lactobacillales;Streptococcaceae;Streptococcus;oralis;subsp. dentisani clade-398	subspecies	398		0.254	0.254	0.0	0.61	0.411	85.888
Bacteria;Bacillota;Clostridia;Eubacteriales;Peptostreptococcaceae;Peptostreptococcaceae [G7 "Eubacterium"];yurii;subsps. yurii&margaretiae	subspecies	377	Neither HMT-377 nor HMT-922 were present singularly so these reads were split evenly at this site (PTO).	0.025	0.025	0.0	0.072	0.065	39.173
UNMATCHED				1.14	1.14	0.077	2.179	2.173	96.837
Bacteria;Bacillota;Bacilli;Lactobacillales;Streptococcaceae;Streptococcus;oralis	species		combined from subspecies	0.254	0.254	0.0	0.61	0.411	85.888
Bacteria;Bacillota;Clostridia;Eubacteriales;Peptostreptococcaceae;Peptostreptococcaceae [G7 "Eubacterium"];yurii	species		combined from subspecies	0.025	0.025	0.0	0.072	0.065	39.173
