Taxonomy	Rank	HMT	Notes	Max	SAL-mean	SAL-10p	SAL-90p	SAL-sd	SAL-prev
Bacteria	domain			98.837	98.837	97.176	99.909	1.646	100.0
Bacteria;Patescibacteria	phylum			0.132	0.132	0.0	0.38	0.297	52.976
Bacteria;Actinomycetota	phylum			6.747	6.747	1.752	12.23	9.269	99.702
Bacteria;Bacteroidota	phylum			21.447	21.447	10.676	34.108	9.075	100.0
Bacteria;Bacillota	phylum			36.223	36.223	20.018	54.444	13.253	100.0
Bacteria;Fusobacteriota	phylum			8.57	8.57	2.634	17.06	5.763	100.0
Bacteria;Pseudomonadota	phylum			25.075	25.075	10.814	41.255	12.293	100.0
Bacteria;Candidatus Saccharimonadota	phylum			0.331	0.331	0.0	0.854	0.731	77.976
Bacteria;Spirochaetota	phylum			0.277	0.277	0.0	0.69	0.625	72.321
Bacteria;Mycoplasmatota	phylum			0.035	0.035	0.0	0.048	0.227	20.833
Bacteria;Patescibacteria;Patescibacteria [C1]	klass			0.132	0.132	0.0	0.38	0.297	52.976
Bacteria;Actinomycetota;Actinomycetes	klass			5.979	5.979	1.31	10.77	9.187	99.702
Bacteria;Actinomycetota;Coriobacteriia	klass			0.768	0.768	0.046	1.712	0.889	92.56
Bacteria;Bacteroidota;Bacteroidia	klass			19.123	19.123	8.458	32.326	9.09	100.0
Bacteria;Bacteroidota;Flavobacteriia	klass			2.323	2.323	0.552	4.76	2.275	99.107
Bacteria;Bacillota;Bacilli	klass			4.263	4.263	1.344	8.58	3.149	100.0
Bacteria;Bacillota;Clostridia	klass			10.466	10.466	3.18	19.402	6.802	100.0
Bacteria;Bacillota;Negativicutes	klass			21.494	21.494	8.408	37.912	11.688	100.0
Bacteria;Fusobacteriota;Fusobacteriia	klass			8.57	8.57	2.634	17.06	5.763	100.0
Bacteria;Pseudomonadota;Alphaproteobacteria	klass			0.073	0.073	0.0	0.05	0.553	14.881
Bacteria;Pseudomonadota;Betaproteobacteria	klass			7.186	7.186	0.867	16.852	7.174	99.702
Bacteria;Pseudomonadota;Epsilonproteobacteria	klass			3.367	3.367	0.579	7.444	2.943	98.214
Bacteria;Pseudomonadota;Gammaproteobacteria	klass			14.448	14.448	4.07	26.647	9.686	100.0
Bacteria;Candidatus Saccharimonadota;Saccharimonadota [C1]	klass			0.331	0.331	0.0	0.854	0.731	77.976
Bacteria;Spirochaetota;Spirochaetia	klass			0.277	0.277	0.0	0.69	0.625	72.321
Bacteria;Mycoplasmatota;Mollicutes	klass			0.035	0.035	0.0	0.048	0.227	20.833
Bacteria;Patescibacteria;Patescibacteria [C1];Absconditabacterales	order			0.06	0.06	0.0	0.114	0.239	31.25
Bacteria;Actinomycetota;Actinomycetes;Actinomycetales	order			3.36	3.36	0.737	6.846	3.517	99.702
Bacteria;Actinomycetota;Actinomycetes;Bifidobacteriales	order			0.011	0.011	0.0	0.0	0.074	7.44
Bacteria;Actinomycetota;Actinomycetes;Mycobacteriales	order			0.295	0.295	0.0	0.644	0.766	83.333
Bacteria;Actinomycetota;Actinomycetes;Micrococcales	order			1.33	1.33	0.104	2.846	2.017	97.917
Bacteria;Actinomycetota;Actinomycetes;Propionibacteriales	order			0.983	0.983	0.0	0.23	7.844	51.488
Bacteria;Actinomycetota;Coriobacteriia;Coriobacteriales	order			0.768	0.768	0.046	1.712	0.889	92.56
Bacteria;Bacteroidota;Bacteroidia;Bacteroidales	order			19.123	19.123	8.458	32.326	9.09	100.0
Bacteria;Bacteroidota;Flavobacteriia;Flavobacteriales	order			2.323	2.323	0.552	4.76	2.275	99.107
Bacteria;Bacillota;Bacilli;Caryophanales	order			1.169	1.169	0.188	2.428	1.129	97.619
Bacteria;Bacillota;Bacilli;Lactobacillales	order			3.094	3.094	0.842	5.842	2.432	100.0
Bacteria;Bacillota;Clostridia;Eubacteriales	order			10.466	10.466	3.18	19.402	6.802	100.0
Bacteria;Bacillota;Negativicutes;Selenomonadales	order			4.563	4.563	0.313	11.878	5.734	98.512
Bacteria;Bacillota;Negativicutes;Veillonellales	order			16.931	16.931	6.653	30.502	9.983	99.702
Bacteria;Fusobacteriota;Fusobacteriia;Fusobacteriales	order			8.57	8.57	2.634	17.06	5.763	100.0
Bacteria;Patescibacteria;Patescibacteria [C1];Patescibacteria [C1 O1]	order			0.072	0.072	0.0	0.238	0.161	39.881
Bacteria;Pseudomonadota;Alphaproteobacteria;Sphingomonadales	order			0.073	0.073	0.0	0.05	0.553	14.881
Bacteria;Pseudomonadota;Betaproteobacteria;Burkholderiales	order			1.69	1.69	0.031	4.722	2.78	91.667
Bacteria;Pseudomonadota;Betaproteobacteria;Neisseriales	order			5.496	5.496	0.466	14.256	6.19	99.405
Bacteria;Pseudomonadota;Epsilonproteobacteria;Campylobacterales	order			3.367	3.367	0.579	7.444	2.943	98.214
Bacteria;Pseudomonadota;Gammaproteobacteria;Cardiobacteriales	order			0.024	0.024	0.0	0.056	0.079	36.012
Bacteria;Pseudomonadota;Gammaproteobacteria;Pasteurellales	order			14.36	14.36	4.052	26.634	9.689	99.702
Bacteria;Pseudomonadota;Gammaproteobacteria;Pseudomonadales	order			0.065	0.065	0.0	0.009	0.58	10.417
Bacteria;Candidatus Saccharimonadota;Saccharimonadota [C1];Saccharimonadota [C1 O1]	order			0.331	0.331	0.0	0.854	0.731	77.976
Bacteria;Spirochaetota;Spirochaetia;Spirochaetales	order			0.277	0.277	0.0	0.69	0.625	72.321
Bacteria;Mycoplasmatota;Mollicutes;Mycoplasmoidales	order			0.035	0.035	0.0	0.048	0.227	20.833
Bacteria;Patescibacteria;Patescibacteria [C1];Absconditabacterales;Absconditicoccaceae	family			0.06	0.06	0.0	0.114	0.239	31.25
Bacteria;Actinomycetota;Actinomycetes;Actinomycetales;Actinomycetaceae	family			3.36	3.36	0.737	6.846	3.517	99.702
Bacteria;Actinomycetota;Actinomycetes;Bifidobacteriales;Bifidobacteriaceae	family			0.011	0.011	0.0	0.0	0.074	7.44
Bacteria;Actinomycetota;Actinomycetes;Mycobacteriales;Corynebacteriaceae	family			0.295	0.295	0.0	0.644	0.766	83.333
Bacteria;Actinomycetota;Actinomycetes;Micrococcales;Micrococcaceae	family			1.33	1.33	0.104	2.846	2.017	97.917
Bacteria;Actinomycetota;Actinomycetes;Propionibacteriales;Propionibacteriaceae	family			0.983	0.983	0.0	0.23	7.844	51.488
Bacteria;Actinomycetota;Coriobacteriia;Coriobacteriales;Atopobiaceae	family			0.768	0.768	0.046	1.712	0.889	92.56
Bacteria;Bacteroidota;Bacteroidia;Bacteroidales;Odoribacteraceae	family			0.086	0.086	0.0	0.15	0.356	27.679
Bacteria;Bacteroidota;Bacteroidia;Bacteroidales;Porphyromonadaceae	family			5.809	5.809	0.655	12.646	5.174	98.512
Bacteria;Bacteroidota;Bacteroidia;Bacteroidales;Prevotellaceae	family			13.143	13.143	4.678	22.616	7.194	100.0
Bacteria;Bacteroidota;Bacteroidia;Bacteroidales;Tannerellaceae	family			0.086	0.086	0.0	0.224	0.126	64.881
Bacteria;Bacteroidota;Flavobacteriia;Flavobacteriales;Flavobacteriaceae	family			1.743	1.743	0.284	3.836	2.103	97.917
Bacteria;Bacteroidota;Flavobacteriia;Flavobacteriales;Weeksellaceae	family			0.58	0.58	0.046	1.196	0.72	92.262
Bacteria;Bacillota;Bacilli;Caryophanales;Gemellaceae	family			1.169	1.169	0.188	2.428	1.129	97.619
Bacteria;Bacillota;Bacilli;Lactobacillales;Aerococcaceae	family			0.17	0.17	0.0	0.47	0.414	55.952
Bacteria;Bacillota;Bacilli;Lactobacillales;Carnobacteriaceae	family			1.717	1.717	0.373	3.515	1.564	99.405
Bacteria;Bacillota;Bacilli;Lactobacillales;Streptococcaceae	family			1.207	1.207	0.186	2.512	1.375	99.107
Bacteria;Bacillota;Clostridia;Eubacteriales;Lachnospiraceae	family			6.181	6.181	2.005	11.218	4.717	100.0
Bacteria;Bacillota;Clostridia;Eubacteriales;Peptococcaceae	family			0.04	0.04	0.0	0.114	0.08	43.155
Bacteria;Bacillota;Clostridia;Eubacteriales;Anaerovoracaceae	family			0.154	0.154	0.0	0.355	0.193	80.952
Bacteria;Bacillota;Clostridia;Eubacteriales;Peptostreptococcaceae	family			0.813	0.813	0.019	2.026	1.017	90.774
Bacteria;Bacillota;Clostridia;Eubacteriales;Ruminococcaceae	family			3.062	3.062	0.052	7.96	4.701	91.071
Bacteria;Bacillota;Negativicutes;Selenomonadales;Selenomonadaceae	family			4.563	4.563	0.313	11.878	5.734	98.512
Bacteria;Bacillota;Negativicutes;Veillonellales;Veillonellaceae	family			16.931	16.931	6.653	30.502	9.983	99.702
Bacteria;Bacillota;Clostridia;Eubacteriales;Peptoniphilaceae	family			0.216	0.216	0.0	0.588	0.319	70.833
Bacteria;Fusobacteriota;Fusobacteriia;Fusobacteriales;Fusobacteriaceae	family			6.503	6.503	1.304	14.395	5.258	100.0
Bacteria;Fusobacteriota;Fusobacteriia;Fusobacteriales;Leptotrichiaceae	family			2.067	2.067	0.476	4.166	1.935	99.405
Bacteria;Patescibacteria;Patescibacteria [C1];Patescibacteria [C1 O1];Patescibacteria [C1 O1 F1]	family			0.072	0.072	0.0	0.238	0.161	39.881
Bacteria;Pseudomonadota;Alphaproteobacteria;Sphingomonadales;Sphingomonadaceae	family			0.073	0.073	0.0	0.05	0.553	14.881
Bacteria;Pseudomonadota;Betaproteobacteria;Burkholderiales;Burkholderiaceae	family			1.69	1.69	0.031	4.722	2.78	91.667
Bacteria;Pseudomonadota;Betaproteobacteria;Neisseriales;Neisseriaceae	family			5.496	5.496	0.466	14.256	6.19	99.405
Bacteria;Pseudomonadota;Epsilonproteobacteria;Campylobacterales;Campylobacteraceae	family			3.367	3.367	0.579	7.444	2.943	98.214
Bacteria;Pseudomonadota;Gammaproteobacteria;Cardiobacteriales;Cardiobacteriaceae	family			0.024	0.024	0.0	0.056	0.079	36.012
Bacteria;Pseudomonadota;Gammaproteobacteria;Pasteurellales;Pasteurellaceae	family			14.36	14.36	4.052	26.634	9.689	99.702
Bacteria;Pseudomonadota;Gammaproteobacteria;Pseudomonadales;Moraxellaceae	family			0.065	0.065	0.0	0.009	0.58	10.417
Bacteria;Candidatus Saccharimonadota;Saccharimonadota [C1];Saccharimonadota [C1 O1];Saccharimonadota [C1 O1 F1]	family			0.331	0.331	0.0	0.854	0.731	77.976
Bacteria;Spirochaetota;Spirochaetia;Spirochaetales;Treponemataceae	family			0.277	0.277	0.0	0.69	0.625	72.321
Bacteria;Mycoplasmatota;Mollicutes;Mycoplasmoidales;Metamycoplasmataceae	family			0.035	0.035	0.0	0.048	0.227	20.833
Bacteria;Patescibacteria;Patescibacteria [C1];Absconditabacterales;Absconditicoccaceae;Absconditicoccaceae [G1]	genus			0.06	0.06	0.0	0.114	0.239	31.25
Bacteria;Actinomycetota;Actinomycetes;Actinomycetales;Actinomycetaceae;Actinomyces	genus			1.153	1.153	0.118	2.684	1.504	98.512
Bacteria;Actinomycetota;Actinomycetes;Actinomycetales;Actinomycetaceae;Schaalia	genus			2.207	2.207	0.38	4.484	2.444	99.107
Bacteria;Actinomycetota;Actinomycetes;Bifidobacteriales;Bifidobacteriaceae;Bifidobacterium	genus			0.011	0.011	0.0	0.0	0.074	7.44
Bacteria;Actinomycetota;Actinomycetes;Mycobacteriales;Corynebacteriaceae;Corynebacterium	genus			0.295	0.295	0.0	0.644	0.766	83.333
Bacteria;Actinomycetota;Actinomycetes;Micrococcales;Micrococcaceae;Rothia	genus			1.33	1.33	0.104	2.846	2.017	97.917
Bacteria;Actinomycetota;Actinomycetes;Propionibacteriales;Propionibacteriaceae;Cutibacterium	genus			0.983	0.983	0.0	0.23	7.844	51.488
Bacteria;Actinomycetota;Coriobacteriia;Coriobacteriales;Atopobiaceae;Lancefieldella	genus			0.768	0.768	0.046	1.712	0.889	92.56
Bacteria;Bacteroidota;Bacteroidia;Bacteroidales;Odoribacteraceae;Odoribacteraceae [G3]	genus			0.014	0.014	0.0	0.0	0.139	5.357
Bacteria;Bacteroidota;Bacteroidia;Bacteroidales;Odoribacteraceae;Odoribacteraceae [G5]	genus			0.072	0.072	0.0	0.115	0.293	25.0
Bacteria;Bacteroidota;Bacteroidia;Bacteroidales;Porphyromonadaceae;Porphyromonas	genus			5.809	5.809	0.655	12.646	5.174	98.512
Bacteria;Bacteroidota;Bacteroidia;Bacteroidales;Prevotellaceae;Alloprevotella	genus			3.854	3.854	0.621	8.055	3.347	98.81
Bacteria;Bacteroidota;Bacteroidia;Bacteroidales;Prevotellaceae;Prevotella	genus			3.28	3.28	0.626	6.724	2.681	98.81
Bacteria;Bacteroidota;Bacteroidia;Bacteroidales;Prevotellaceae;Hoylesella	genus			2.04	2.04	0.192	4.836	2.226	95.536
Bacteria;Bacteroidota;Bacteroidia;Bacteroidales;Prevotellaceae;Segatella	genus			3.928	3.928	0.592	8.493	3.905	98.81
Bacteria;Bacteroidota;Bacteroidia;Bacteroidales;Prevotellaceae;Hallella	genus			0.041	0.041	0.0	0.129	0.1	36.31
Bacteria;Bacteroidota;Bacteroidia;Bacteroidales;Tannerellaceae;Tannerella	genus			0.086	0.086	0.0	0.224	0.126	64.881
Bacteria;Bacteroidota;Flavobacteriia;Flavobacteriales;Flavobacteriaceae;Capnocytophaga	genus			1.743	1.743	0.284	3.836	2.103	97.917
Bacteria;Bacteroidota;Flavobacteriia;Flavobacteriales;Weeksellaceae;Cloacibacterium	genus			0.187	0.187	0.0	0.472	0.58	33.036
Bacteria;Bacteroidota;Flavobacteriia;Flavobacteriales;Weeksellaceae;Riemerella	genus			0.393	0.393	0.032	0.863	0.365	91.369
Bacteria;Bacillota;Bacilli;Caryophanales;Gemellaceae;Gemella	genus			1.169	1.169	0.188	2.428	1.129	97.619
Bacteria;Bacillota;Bacilli;Lactobacillales;Aerococcaceae;Abiotrophia	genus			0.17	0.17	0.0	0.47	0.414	55.952
Bacteria;Bacillota;Bacilli;Lactobacillales;Carnobacteriaceae;Granulicatella	genus			1.717	1.717	0.373	3.515	1.564	99.405
Bacteria;Bacillota;Bacilli;Lactobacillales;Streptococcaceae;Lactococcus	genus			0.017	0.017	0.0	0.0	0.12	9.226
Bacteria;Bacillota;Bacilli;Lactobacillales;Streptococcaceae;Streptococcus	genus			1.189	1.189	0.174	2.512	1.374	98.512
Bacteria;Bacillota;Clostridia;Eubacteriales;Lachnospiraceae;Butyrivibrio	genus			0.137	0.137	0.0	0.329	0.418	49.107
Bacteria;Bacillota;Clostridia;Eubacteriales;Lachnospiraceae;Catonella	genus			0.695	0.695	0.07	1.532	0.801	94.345
Bacteria;Bacillota;Clostridia;Eubacteriales;Lachnospiraceae;Lachnoanaerobaculum	genus			0.596	0.596	0.129	1.114	0.434	95.536
Bacteria;Bacillota;Clostridia;Eubacteriales;Lachnospiraceae;Lachnospiraceae [G2]	genus			0.19	0.19	0.0	0.602	0.408	51.19
Bacteria;Bacillota;Clostridia;Eubacteriales;Lachnospiraceae;Oribacterium	genus			3.911	3.911	0.867	8.169	4.044	99.405
Bacteria;Bacillota;Clostridia;Eubacteriales;Lachnospiraceae;Shuttleworthia	genus			0.022	0.022	0.0	0.042	0.103	19.643
Bacteria;Bacillota;Clostridia;Eubacteriales;Lachnospiraceae;Stomatobaculum	genus			0.63	0.63	0.03	1.369	0.675	91.071
Bacteria;Bacillota;Clostridia;Eubacteriales;Peptococcaceae;Peptococcus	genus			0.04	0.04	0.0	0.114	0.08	43.155
Bacteria;Bacillota;Clostridia;Eubacteriales;Anaerovoracaceae;Mogibacterium	genus			0.154	0.154	0.0	0.355	0.193	80.952
Bacteria;Bacillota;Clostridia;Eubacteriales;Peptostreptococcaceae;Peptostreptococcaceae [G1 "Eubacterium"]	genus			0.208	0.208	0.0	0.52	0.327	72.917
Bacteria;Bacillota;Clostridia;Eubacteriales;Peptostreptococcaceae;Peptostreptococcaceae [G7 "Eubacterium"]	genus			0.114	0.114	0.0	0.249	0.292	51.19
Bacteria;Bacillota;Clostridia;Eubacteriales;Peptostreptococcaceae;Peptostreptococcus	genus			0.49	0.49	0.0	1.274	0.749	83.631
Bacteria;Bacillota;Clostridia;Eubacteriales;Ruminococcaceae;Ruminococcaceae [G1]	genus			2.306	2.306	0.0	7.21	4.224	86.31
Bacteria;Bacillota;Clostridia;Eubacteriales;Ruminococcaceae;Ruminococcaceae [G2]	genus			0.756	0.756	0.0	2.082	0.959	82.143
Bacteria;Bacillota;Negativicutes;Selenomonadales;Selenomonadaceae;Centipeda	genus			0.033	0.033	0.0	0.083	0.119	28.274
Bacteria;Bacillota;Negativicutes;Selenomonadales;Selenomonadaceae;Mitsuokella	genus			0.075	0.075	0.0	0.094	0.456	17.857
Bacteria;Bacillota;Negativicutes;Selenomonadales;Selenomonadaceae;Selenomonas	genus			4.401	4.401	0.284	11.266	5.667	98.214
Bacteria;Bacillota;Negativicutes;Selenomonadales;Selenomonadaceae;Selenomonadaceae [G1]	genus			0.053	0.053	0.0	0.15	0.128	39.286
Bacteria;Bacillota;Negativicutes;Veillonellales;Veillonellaceae;Dialister	genus			0.259	0.259	0.0	0.601	0.38	83.036
Bacteria;Bacillota;Negativicutes;Veillonellales;Veillonellaceae;Megasphaera	genus			0.799	0.799	0.0	1.971	0.929	88.095
Bacteria;Bacillota;Negativicutes;Veillonellales;Veillonellaceae;Veillonella	genus			15.873	15.873	6.178	28.922	9.414	99.702
Bacteria;Bacillota;Clostridia;Eubacteriales;Peptoniphilaceae;Anaerococcus	genus			0.004	0.004	0.0	0.0	0.059	1.19
Bacteria;Fusobacteriota;Fusobacteriia;Fusobacteriales;Fusobacteriaceae;Fusobacterium	genus			6.503	6.503	1.304	14.395	5.258	100.0
Bacteria;Fusobacteriota;Fusobacteriia;Fusobacteriales;Leptotrichiaceae;Leptotrichia	genus			1.4	1.4	0.11	3.579	1.819	95.536
Bacteria;Fusobacteriota;Fusobacteriia;Fusobacteriales;Leptotrichiaceae;Pseudoleptotrichia	genus			0.667	0.667	0.026	1.538	0.649	92.262
Bacteria;Patescibacteria;Patescibacteria [C1];Patescibacteria [C1 O1];Patescibacteria [C1 O1 F1];Patescibacteria [C1 O1 F1 G1]	genus			0.072	0.072	0.0	0.238	0.161	39.881
Bacteria;Pseudomonadota;Alphaproteobacteria;Sphingomonadales;Sphingomonadaceae;Sphingomonas	genus			0.073	0.073	0.0	0.05	0.553	14.881
Bacteria;Pseudomonadota;Betaproteobacteria;Burkholderiales;Burkholderiaceae;Lautropia	genus			1.653	1.653	0.0	4.722	2.774	89.286
Bacteria;Pseudomonadota;Betaproteobacteria;Burkholderiales;Burkholderiaceae;Ralstonia	genus			0.037	0.037	0.0	0.036	0.2	15.774
Bacteria;Pseudomonadota;Betaproteobacteria;Neisseriales;Neisseriaceae;Kingella	genus			0.152	0.152	0.0	0.392	0.274	73.214
Bacteria;Pseudomonadota;Betaproteobacteria;Neisseriales;Neisseriaceae;Neisseria	genus			5.343	5.343	0.306	14.144	6.193	97.917
Bacteria;Pseudomonadota;Epsilonproteobacteria;Campylobacterales;Campylobacteraceae;Campylobacter	genus			3.367	3.367	0.579	7.444	2.943	98.214
Bacteria;Pseudomonadota;Gammaproteobacteria;Cardiobacteriales;Cardiobacteriaceae;Cardiobacterium	genus			0.024	0.024	0.0	0.056	0.079	36.012
Bacteria;Pseudomonadota;Gammaproteobacteria;Pasteurellales;Pasteurellaceae;Aggregatibacter	genus			1.035	1.035	0.057	2.604	1.381	92.262
Bacteria;Pseudomonadota;Gammaproteobacteria;Pasteurellales;Pasteurellaceae;Haemophilus	genus			13.324	13.324	3.494	25.236	9.303	99.702
Bacteria;Pseudomonadota;Gammaproteobacteria;Pseudomonadales;Moraxellaceae;Acinetobacter	genus			0.065	0.065	0.0	0.009	0.58	10.417
Bacteria;Candidatus Saccharimonadota;Saccharimonadota [C1];Saccharimonadota [C1 O1];Saccharimonadota [C1 O1 F1];Saccharimonadota [C1 O1 F1 G1]	genus			0.331	0.331	0.0	0.854	0.731	77.976
Bacteria;Spirochaetota;Spirochaetia;Spirochaetales;Treponemataceae;Treponema	genus			0.277	0.277	0.0	0.69	0.625	72.321
Bacteria;Mycoplasmatota;Mollicutes;Mycoplasmoidales;Metamycoplasmataceae;Metamycoplasma	genus			0.035	0.035	0.0	0.048	0.227	20.833
Bacteria;Bacillota;Clostridia;Eubacteriales;Peptoniphilaceae;Parvimonas	genus			0.212	0.212	0.0	0.58	0.317	70.238
Bacteria;Patescibacteria;Patescibacteria [C1];Absconditabacterales;Absconditicoccaceae;Absconditicoccaceae [G1];bacterium HMT-875	species	875		0.06	0.06	0.0	0.114	0.239	31.25
Bacteria;Actinomycetota;Actinomycetes;Actinomycetales;Actinomycetaceae;Actinomyces;graevenitzii	species	866		0.622	0.622	0.0	1.611	1.107	85.119
Bacteria;Actinomycetota;Actinomycetes;Actinomycetales;Actinomycetaceae;Actinomyces;sp. HMT-169	species	169		0.331	0.331	0.0	0.806	0.547	86.905
Bacteria;Actinomycetota;Actinomycetes;Actinomycetales;Actinomycetaceae;Actinomyces;sp. HMT-170	species	170		0.108	0.108	0.0	0.26	0.216	66.071
Bacteria;Actinomycetota;Actinomycetes;Actinomycetales;Actinomycetaceae;Schaalia;lingnae	species	181		0.196	0.196	0.0	0.428	0.254	86.012
Bacteria;Actinomycetota;Actinomycetes;Actinomycetales;Actinomycetaceae;Schaalia;odontolytica	species	701	Reads equidistant to HMT-172 and HMT-701 were assigned to each taxon in proportion to the abundance of HMT-172 and HMT-701 individually at this body site (SAL).	0.733	0.733	0.068	1.625	1.006	96.726
Bacteria;Actinomycetota;Actinomycetes;Actinomycetales;Actinomycetaceae;Schaalia;sp. HMT-172	species	172	Reads equidistant to HMT-172 and HMT-701 were assigned to each taxon in proportion to the abundance of HMT-172 and HMT-701 individually at this body site (SAL).	1.137	1.137	0.094	2.59	1.407	96.429
Bacteria;Actinomycetota;Actinomycetes;Actinomycetales;Actinomycetaceae;Schaalia;sp. HMT-180	species	180	Because HMT-671 is not present individually, all equidistant reads were assigned to HMT-180 at this body site (SAL).	0.14	0.14	0.004	0.336	0.248	91.964
Bacteria;Actinomycetota;Actinomycetes;Bifidobacteriales;Bifidobacteriaceae;Bifidobacterium;dentium	species	588		0.011	0.011	0.0	0.0	0.074	7.44
Bacteria;Actinomycetota;Actinomycetes;Mycobacteriales;Corynebacteriaceae;Corynebacterium;durum	species	595		0.142	0.142	0.0	0.368	0.236	69.643
Bacteria;Actinomycetota;Actinomycetes;Mycobacteriales;Corynebacteriaceae;Corynebacterium;matruchotii	species	666		0.107	0.107	0.0	0.284	0.241	60.417
Bacteria;Actinomycetota;Actinomycetes;Mycobacteriales;Corynebacteriaceae;Corynebacterium;tuberculostearicum	species	077		0.045	0.045	0.0	0.009	0.565	10.714
Bacteria;Actinomycetota;Actinomycetes;Micrococcales;Micrococcaceae;Rothia;aeria	species	188		0.291	0.291	0.0	0.852	0.608	70.833
Bacteria;Actinomycetota;Actinomycetes;Micrococcales;Micrococcaceae;Rothia;dentocariosa	species	587		0.246	0.246	0.0	0.638	0.436	77.381
Bacteria;Actinomycetota;Actinomycetes;Micrococcales;Micrococcaceae;Rothia;mucilaginosa	species	681		0.793	0.793	0.028	1.656	1.55	91.369
Bacteria;Actinomycetota;Actinomycetes;Propionibacteriales;Propionibacteriaceae;Cutibacterium;acnes	species	530		0.983	0.983	0.0	0.23	7.844	51.488
Bacteria;Actinomycetota;Coriobacteriia;Coriobacteriales;Atopobiaceae;Lancefieldella;parvula	species	723		0.768	0.768	0.046	1.712	0.889	92.56
Bacteria;Bacteroidota;Bacteroidia;Bacteroidales;Odoribacteraceae;Odoribacteraceae [G3];bacterium HMT-503	species	503		0.014	0.014	0.0	0.0	0.139	5.357
Bacteria;Bacteroidota;Bacteroidia;Bacteroidales;Odoribacteraceae;Odoribacteraceae [G5];bacterium HMT-505	species	505		0.03	0.03	0.0	0.0	0.213	7.44
Bacteria;Bacteroidota;Bacteroidia;Bacteroidales;Odoribacteraceae;Odoribacteraceae [G5];bacterium HMT-511	species	511		0.041	0.041	0.0	0.071	0.196	20.536
Bacteria;Bacteroidota;Bacteroidia;Bacteroidales;Porphyromonadaceae;Porphyromonas;endodontalis	species	273		0.289	0.289	0.0	0.849	0.596	59.524
Bacteria;Bacteroidota;Bacteroidia;Bacteroidales;Porphyromonadaceae;Porphyromonas;pasteri	species	279		5.193	5.193	0.328	12.3	5.064	97.024
Bacteria;Bacteroidota;Bacteroidia;Bacteroidales;Porphyromonadaceae;Porphyromonas;sp. HMT-277	species	277		0.035	0.035	0.0	0.034	0.176	14.583
Bacteria;Bacteroidota;Bacteroidia;Bacteroidales;Porphyromonadaceae;Porphyromonas;sp. HMT-930	species	930		0.293	0.293	0.0	0.868	0.691	51.19
Bacteria;Bacteroidota;Bacteroidia;Bacteroidales;Prevotellaceae;Alloprevotella;rava	species	302		0.496	0.496	0.0	1.478	1.235	69.048
Bacteria;Bacteroidota;Bacteroidia;Bacteroidales;Prevotellaceae;Alloprevotella;sp. HMT-308	species	308	Reads equidistant to HMT-308 and HMT-914 were assigned to each taxon in proportion to the abundance of HMT-308 and HMT-914 individually at this body site (SAL).	0.749	0.749	0.062	1.654	1.022	94.643
Bacteria;Bacteroidota;Bacteroidia;Bacteroidales;Prevotellaceae;Alloprevotella;sp. HMT-473	species	473		1.126	1.126	0.0	3.285	1.835	77.083
Bacteria;Bacteroidota;Bacteroidia;Bacteroidales;Prevotellaceae;Alloprevotella;sp. HMT-914	species	914	Reads equidistant to HMT-308 and HMT-914 were assigned to each taxon in proportion to the abundance of HMT-308 and HMT-914 individually at this body site (SAL).	0.936	0.936	0.071	2.308	1.094	94.345
Bacteria;Bacteroidota;Bacteroidia;Bacteroidales;Prevotellaceae;Alloprevotella;tannerae	species	466		0.546	0.546	0.0	1.302	1.26	71.726
Bacteria;Bacteroidota;Bacteroidia;Bacteroidales;Prevotellaceae;Prevotella;aurantiaca	species	943		0.218	0.218	0.0	0.233	0.882	16.071
Bacteria;Bacteroidota;Bacteroidia;Bacteroidales;Prevotellaceae;Prevotella;denticola	species	291		0.124	0.124	0.0	0.374	0.223	53.869
Bacteria;Bacteroidota;Bacteroidia;Bacteroidales;Prevotellaceae;Hoylesella;enoeca	species	600		0.013	0.013	0.0	0.034	0.051	15.179
Bacteria;Bacteroidota;Bacteroidia;Bacteroidales;Prevotellaceae;Prevotella;intermedia	species	643		0.145	0.145	0.0	0.424	0.363	37.5
Bacteria;Bacteroidota;Bacteroidia;Bacteroidales;Prevotellaceae;Segatella;maculosa	species	289		0.1	0.1	0.0	0.271	0.168	61.607
Bacteria;Bacteroidota;Bacteroidia;Bacteroidales;Prevotellaceae;Hoylesella;nanceiensis	species	299		1.587	1.587	0.076	3.71	2.127	92.56
Bacteria;Bacteroidota;Bacteroidia;Bacteroidales;Prevotellaceae;Prevotella;nigrescens	species	693		0.317	0.317	0.0	0.77	0.517	74.702
Bacteria;Bacteroidota;Bacteroidia;Bacteroidales;Prevotellaceae;Segatella;oris	species	311		0.606	0.606	0.019	1.482	0.788	90.179
Bacteria;Bacteroidota;Bacteroidia;Bacteroidales;Prevotellaceae;Segatella;oulorum	species	288		0.201	0.201	0.0	0.538	0.333	71.726
Bacteria;Bacteroidota;Bacteroidia;Bacteroidales;Prevotellaceae;Prevotella;pallens	species	714		2.232	2.232	0.083	5.162	2.388	93.452
Bacteria;Bacteroidota;Bacteroidia;Bacteroidales;Prevotellaceae;Hoylesella;pleuritidis	species	303		0.129	0.129	0.0	0.347	0.326	47.321
Bacteria;Bacteroidota;Bacteroidia;Bacteroidales;Prevotellaceae;Segatella;salivae	species	307		2.228	2.228	0.061	5.404	2.824	94.643
Bacteria;Bacteroidota;Bacteroidia;Bacteroidales;Prevotellaceae;Hoylesella;shahii	species	795		0.31	0.31	0.0	0.891	0.527	72.321
Bacteria;Bacteroidota;Bacteroidia;Bacteroidales;Prevotellaceae;Segatella;sp. HMT-305	species	305		0.207	0.207	0.0	0.688	0.332	57.143
Bacteria;Bacteroidota;Bacteroidia;Bacteroidales;Prevotellaceae;Segatella;sp. HMT-309	species	309		0.524	0.524	0.0	1.494	1.264	57.143
Bacteria;Bacteroidota;Bacteroidia;Bacteroidales;Prevotellaceae;Hallella;sp. HMT-315	species	315		0.041	0.041	0.0	0.129	0.1	36.31
Bacteria;Bacteroidota;Bacteroidia;Bacteroidales;Prevotellaceae;Prevotella;sp. HMT-396	species	396		0.244	0.244	0.0	0.647	0.451	64.881
Bacteria;Bacteroidota;Bacteroidia;Bacteroidales;Prevotellaceae;Segatella;sp. HMT-443	species	443		0.062	0.062	0.0	0.12	0.348	15.476
Bacteria;Bacteroidota;Bacteroidia;Bacteroidales;Tannerellaceae;Tannerella;serpentiformis	species	286		0.086	0.086	0.0	0.224	0.126	64.881
Bacteria;Bacteroidota;Flavobacteriia;Flavobacteriales;Flavobacteriaceae;Capnocytophaga;gingivalis	species	337		0.339	0.339	0.0	0.799	0.659	86.607
Bacteria;Bacteroidota;Flavobacteriia;Flavobacteriales;Flavobacteriaceae;Capnocytophaga;granulosa	species	325		0.235	0.235	0.0	0.57	0.373	73.512
Bacteria;Bacteroidota;Flavobacteriia;Flavobacteriales;Flavobacteriaceae;Capnocytophaga;leadbetteri	species	329		0.609	0.609	0.0	1.441	1.16	86.012
Bacteria;Bacteroidota;Flavobacteriia;Flavobacteriales;Flavobacteriaceae;Capnocytophaga;sp. HMT-332	species	332		0.061	0.061	0.0	0.129	0.268	25.0
Bacteria;Bacteroidota;Flavobacteriia;Flavobacteriales;Flavobacteriaceae;Capnocytophaga;sputigena	species	775		0.499	0.499	0.0	1.199	0.608	86.31
Bacteria;Bacteroidota;Flavobacteriia;Flavobacteriales;Weeksellaceae;Cloacibacterium;sp. HMT-206	species	206		0.187	0.187	0.0	0.472	0.58	33.036
Bacteria;Bacteroidota;Flavobacteriia;Flavobacteriales;Weeksellaceae;Riemerella;sp. HMT-322	species	322		0.393	0.393	0.032	0.863	0.365	91.369
Bacteria;Bacillota;Bacilli;Caryophanales;Gemellaceae;Gemella;morbillorum	species	046		0.059	0.059	0.0	0.172	0.092	61.607
Bacteria;Bacillota;Bacilli;Caryophanales;Gemellaceae;Gemella;sanguinis	species	757	Because HMT-626 is not present individually, all equidistant reads were assigned to HMT-757 at this body site (SAL).	1.109	1.109	0.173	2.376	1.116	97.321
Bacteria;Bacillota;Bacilli;Lactobacillales;Aerococcaceae;Abiotrophia;defectiva	species	389		0.17	0.17	0.0	0.47	0.414	55.952
Bacteria;Bacillota;Bacilli;Lactobacillales;Carnobacteriaceae;Granulicatella;adiacens	species	534		1.473	1.473	0.257	3.038	1.502	98.512
Bacteria;Bacillota;Bacilli;Lactobacillales;Carnobacteriaceae;Granulicatella;elegans	species	596		0.244	0.244	0.0	0.678	0.421	66.964
Bacteria;Bacillota;Bacilli;Lactobacillales;Streptococcaceae;Lactococcus;lactis	species	804		0.017	0.017	0.0	0.0	0.12	9.226
Bacteria;Bacillota;Bacilli;Lactobacillales;Streptococcaceae;Streptococcus;intermedius	species	644		0.069	0.069	0.0	0.176	0.142	63.095
Bacteria;Bacillota;Bacilli;Lactobacillales;Streptococcaceae;Streptococcus;mutans	species	686		0.035	0.035	0.0	0.104	0.098	29.762
Bacteria;Bacillota;Bacilli;Lactobacillales;Streptococcaceae;Streptococcus;sanguinis	species	758		1.085	1.085	0.137	2.379	1.335	97.917
Bacteria;Bacillota;Clostridia;Eubacteriales;Lachnospiraceae;Butyrivibrio;sp. HMT-455	species	455		0.137	0.137	0.0	0.329	0.418	49.107
Bacteria;Bacillota;Clostridia;Eubacteriales;Lachnospiraceae;Catonella;morbi	species	165		0.695	0.695	0.07	1.532	0.801	94.345
Bacteria;Bacillota;Clostridia;Eubacteriales;Lachnospiraceae;Lachnoanaerobaculum;orale	species	082		0.291	0.291	0.0	0.71	0.359	82.44
Bacteria;Bacillota;Clostridia;Eubacteriales;Lachnospiraceae;Lachnoanaerobaculum;sp. HMT-083	species	083		0.305	0.305	0.0	0.68	0.299	86.905
Bacteria;Bacillota;Clostridia;Eubacteriales;Lachnospiraceae;Lachnospiraceae [G2];bacterium HMT-096	species	096		0.19	0.19	0.0	0.602	0.408	51.19
Bacteria;Bacillota;Clostridia;Eubacteriales;Lachnospiraceae;Oribacterium;asaccharolyticum	species	108	Reads equidistant to HMT-108 and HMT-934 were assigned to each taxon in proportion to the abundance of HMT-108 and HMT-934 individually at this body site (SAL).	1.124	1.124	0.092	2.75	1.427	96.131
Bacteria;Bacillota;Clostridia;Eubacteriales;Lachnospiraceae;Oribacterium;parvum	species	934	Reads equidistant to HMT-108 and HMT-934 were assigned to each taxon in proportion to the abundance of HMT-108 and HMT-934 individually at this body site (SAL).	0.297	0.297	0.0	0.758	0.57	78.274
Bacteria;Bacillota;Clostridia;Eubacteriales;Lachnospiraceae;Oribacterium;sinus	species	457		2.489	2.489	0.342	5.152	3.247	98.81
Bacteria;Bacillota;Clostridia;Eubacteriales;Lachnospiraceae;Shuttleworthia;satelles	species	095		0.022	0.022	0.0	0.042	0.103	19.643
Bacteria;Bacillota;Clostridia;Eubacteriales;Lachnospiraceae;Stomatobaculum;longum	species	419		0.202	0.202	0.0	0.564	0.395	59.821
Bacteria;Bacillota;Clostridia;Eubacteriales;Lachnospiraceae;Stomatobaculum;sp. HMT-097	species	097		0.427	0.427	0.0	1.104	0.585	80.655
Bacteria;Bacillota;Clostridia;Eubacteriales;Peptococcaceae;Peptococcus;sp. HMT-168	species	168		0.04	0.04	0.0	0.114	0.08	43.155
Bacteria;Bacillota;Clostridia;Eubacteriales;Anaerovoracaceae;Mogibacterium;diversum	species	593		0.154	0.154	0.0	0.355	0.193	80.952
Bacteria;Bacillota;Clostridia;Eubacteriales;Peptostreptococcaceae;Peptostreptococcaceae [G1 "Eubacterium"];sulci	species	467		0.208	0.208	0.0	0.52	0.327	72.917
Bacteria;Bacillota;Clostridia;Eubacteriales;Peptostreptococcaceae;Peptostreptococcus;stomatis	species	112		0.49	0.49	0.0	1.274	0.749	83.631
Bacteria;Bacillota;Clostridia;Eubacteriales;Ruminococcaceae;Ruminococcaceae [G1];bacterium HMT-075	species	075		2.306	2.306	0.0	7.21	4.224	86.31
Bacteria;Bacillota;Clostridia;Eubacteriales;Ruminococcaceae;Ruminococcaceae [G2];bacterium HMT-085	species	085		0.756	0.756	0.0	2.082	0.959	82.143
Bacteria;Bacillota;Negativicutes;Selenomonadales;Selenomonadaceae;Centipeda;periodontii	species	726		0.033	0.033	0.0	0.083	0.119	28.274
Bacteria;Bacillota;Negativicutes;Selenomonadales;Selenomonadaceae;Mitsuokella;multacida	species	684		0.009	0.009	0.0	0.0	0.071	5.06
Bacteria;Bacillota;Negativicutes;Selenomonadales;Selenomonadaceae;Mitsuokella;sp. HMT-521	species	521		0.066	0.066	0.0	0.052	0.451	14.583
Bacteria;Bacillota;Negativicutes;Selenomonadales;Selenomonadaceae;Selenomonas;flueggei	species	125		0.036	0.036	0.0	0.089	0.12	31.548
Bacteria;Bacillota;Negativicutes;Selenomonadales;Selenomonadaceae;Selenomonas;noxia	species	130	Because HMT-920 is not present individually, all equidistant reads were assigned to HMT-130 at this body site (SAL).	0.286	0.286	0.0	0.695	0.527	79.167
Bacteria;Bacillota;Negativicutes;Selenomonadales;Selenomonadaceae;Selenomonas;sp. HMT-136	species	136	Some of the reads equidistant from these taxa (136-149-478) are included in HMT-136 because they are too close to differentiate at this site (SAL).	2.821	2.821	0.028	7.654	4.277	93.155
Bacteria;Bacillota;Negativicutes;Selenomonadales;Selenomonadaceae;Selenomonas;sp. HMT-478	species	478	Some of the reads equidistant from these taxa (136-149-478) are included in HMT-478 because they are too close to differentiate at this site (SAL).	0.66	0.66	0.008	1.75	0.991	93.452
Bacteria;Bacillota;Negativicutes;Selenomonadales;Selenomonadaceae;Selenomonadaceae [G1];bacterium HMT-155	species	155		0.053	0.053	0.0	0.15	0.128	39.286
Bacteria;Bacillota;Negativicutes;Veillonellales;Veillonellaceae;Dialister;invisus	species	118		0.232	0.232	0.0	0.557	0.345	80.06
Bacteria;Bacillota;Negativicutes;Veillonellales;Veillonellaceae;Dialister;micraerophilus	species	843		0.026	0.026	0.0	0.024	0.157	11.905
Bacteria;Bacillota;Negativicutes;Veillonellales;Veillonellaceae;Megasphaera;micronuciformis	species	122		0.799	0.799	0.0	1.971	0.929	88.095
Bacteria;Bacillota;Negativicutes;Veillonellales;Veillonellaceae;Veillonella;atypica	species	524	Some of the reads equidistant from these taxa (160-161-524) are included in HMT-524 because they are too close to differentiate at this site (SAL).	6.052	6.052	0.679	14.066	5.6	99.405
Bacteria;Bacillota;Negativicutes;Veillonellales;Veillonellaceae;Veillonella;dispar	species	160	Reads equidistant to HMT-160 and HMT-161 were assigned to each taxon in proportion to the abundance of HMT-160 and HMT-161 individually at this body site (SAL).;Some of the reads equidistant from these taxa (160-161-524) are included in HMT-160 because they are too close to differentiate at this site (SAL).	4.739	4.739	0.586	10.026	4.376	99.702
Bacteria;Bacillota;Negativicutes;Veillonellales;Veillonellaceae;Veillonella;parvula	species	161	Reads equidistant to HMT-160 and HMT-161 were assigned to each taxon in proportion to the abundance of HMT-160 and HMT-161 individually at this body site (SAL).;Some of the reads equidistant from these taxa (160-161-524) are included in HMT-161 because they are too close to differentiate at this site (SAL).	1.573	1.573	0.376	3.003	1.288	99.405
Bacteria;Bacillota;Negativicutes;Veillonellales;Veillonellaceae;Veillonella;rogosae	species	158		3.035	3.035	0.28	6.336	2.928	98.214
Bacteria;Bacillota;Negativicutes;Veillonellales;Veillonellaceae;Veillonella;sp. HMT-780	species	780		0.211	0.211	0.0	0.535	0.437	60.119
Bacteria;Bacillota;Negativicutes;Veillonellales;Veillonellaceae;Veillonella;sp. HMT-917	species	917		0.263	0.263	0.0	0.0	1.643	8.929
Bacteria;Bacillota;Clostridia;Eubacteriales;Peptoniphilaceae;Anaerococcus;sp. HMT-290	species	290		0.004	0.004	0.0	0.0	0.059	1.19
Bacteria;Fusobacteriota;Fusobacteriia;Fusobacteriales;Fusobacteriaceae;Fusobacterium;naviforme	species	689	Some of the reads equidistant from these taxa (200-204-689) are included in HMT-689 because they are too close to differentiate at this site (SAL).	0.095	0.095	0.0	0.254	0.187	64.583
Bacteria;Fusobacteriota;Fusobacteriia;Fusobacteriales;Fusobacteriaceae;Fusobacterium;necrophorum	species	690		0.025	0.025	0.0	0.0	0.27	4.762
Bacteria;Fusobacteriota;Fusobacteriia;Fusobacteriales;Fusobacteriaceae;Fusobacterium;animalis	species	420		0.347	0.347	0.0	0.781	0.547	83.631
Bacteria;Fusobacteriota;Fusobacteriia;Fusobacteriales;Fusobacteriaceae;Fusobacterium;polymorphum	species	202	Because HMT-203 is not present individually, all equidistant reads were assigned to HMT-202 at this body site (SAL).	0.766	0.766	0.04	1.8	0.875	94.345
Bacteria;Fusobacteriota;Fusobacteriia;Fusobacteriales;Fusobacteriaceae;Fusobacterium;vincentii	species	200	Some of the reads equidistant from these taxa (200-204-689) are included in HMT-200 because they are too close to differentiate at this site (SAL).	0.475	0.475	0.0	1.136	0.736	83.036
Bacteria;Fusobacteriota;Fusobacteriia;Fusobacteriales;Fusobacteriaceae;Fusobacterium;periodonticum	species	201		4.762	4.762	0.587	11.059	4.657	98.512
Bacteria;Fusobacteriota;Fusobacteriia;Fusobacteriales;Fusobacteriaceae;Fusobacterium;sp. HMT-248	species	248		0.032	0.032	0.0	0.05	0.142	13.69
Bacteria;Fusobacteriota;Fusobacteriia;Fusobacteriales;Leptotrichiaceae;Leptotrichia;buccalis	species	563		0.051	0.051	0.0	0.147	0.144	39.583
Bacteria;Fusobacteriota;Fusobacteriia;Fusobacteriales;Leptotrichiaceae;Leptotrichia;hofstadii	species	224		0.07	0.07	0.0	0.218	0.146	52.976
Bacteria;Fusobacteriota;Fusobacteriia;Fusobacteriales;Leptotrichiaceae;Leptotrichia;hongkongensis	species	213		0.128	0.128	0.0	0.353	0.25	61.905
Bacteria;Fusobacteriota;Fusobacteriia;Fusobacteriales;Leptotrichiaceae;Pseudoleptotrichia;sp. HMT-212	species	212		0.136	0.136	0.0	0.378	0.212	68.452
Bacteria;Fusobacteriota;Fusobacteriia;Fusobacteriales;Leptotrichiaceae;Pseudoleptotrichia;sp. HMT-215	species	215		0.38	0.38	0.0	0.919	0.486	82.738
Bacteria;Fusobacteriota;Fusobacteriia;Fusobacteriales;Leptotrichiaceae;Leptotrichia;sp. HMT-218	species	218		0.114	0.114	0.0	0.308	0.423	17.262
Bacteria;Fusobacteriota;Fusobacteriia;Fusobacteriales;Leptotrichiaceae;Leptotrichia;sp. HMT-225	species	225		0.028	0.028	0.0	0.086	0.081	27.381
Bacteria;Fusobacteriota;Fusobacteriia;Fusobacteriales;Leptotrichiaceae;Pseudoleptotrichia;sp. HMT-392	species	392		0.089	0.089	0.0	0.242	0.17	54.762
Bacteria;Fusobacteriota;Fusobacteriia;Fusobacteriales;Leptotrichiaceae;Leptotrichia;sp. HMT-417	species	417	Reads equidistant to HMT-222 and HMT-417 were assigned to each taxon in proportion to the abundance of HMT-222 and HMT-417 individually at this body site (SAL).	0.623	0.623	0.0	1.824	1.12	82.44
Bacteria;Fusobacteriota;Fusobacteriia;Fusobacteriales;Leptotrichiaceae;Leptotrichia;sp. HMT-498	species	498		0.006	0.006	0.0	0.0	0.05	5.357
Bacteria;Fusobacteriota;Fusobacteriia;Fusobacteriales;Leptotrichiaceae;Leptotrichia;wadei	species	222	Reads equidistant to HMT-222 and HMT-417 were assigned to each taxon in proportion to the abundance of HMT-222 and HMT-417 individually at this body site (SAL).	0.039	0.039	0.0	0.092	0.132	33.631
Bacteria;Fusobacteriota;Fusobacteriia;Fusobacteriales;Leptotrichiaceae;Pseudoleptotrichia;goodfellowii	species	845		0.022	0.022	0.0	0.068	0.049	31.25
Bacteria;Fusobacteriota;Fusobacteriia;Fusobacteriales;Leptotrichiaceae;Pseudoleptotrichia;sp. HMT-219	species	219		0.039	0.039	0.0	0.114	0.125	30.655
Bacteria;Fusobacteriota;Fusobacteriia;Fusobacteriales;Leptotrichiaceae;Leptotrichia;sp. HMT-221	species	221		0.342	0.342	0.0	1.078	0.662	56.845
Bacteria;Patescibacteria;Patescibacteria [C1];Patescibacteria [C1 O1];Patescibacteria [C1 O1 F1];Patescibacteria [C1 O1 F1 G1];bacterium HMT-872	species	872		0.072	0.072	0.0	0.238	0.161	39.881
Bacteria;Pseudomonadota;Alphaproteobacteria;Sphingomonadales;Sphingomonadaceae;Sphingomonas;sp. HMT-004	species	004		0.073	0.073	0.0	0.05	0.553	14.881
Bacteria;Pseudomonadota;Betaproteobacteria;Burkholderiales;Burkholderiaceae;Lautropia;mirabilis	species	022		1.653	1.653	0.0	4.722	2.774	89.286
Bacteria;Pseudomonadota;Betaproteobacteria;Burkholderiales;Burkholderiaceae;Ralstonia;sp. HMT-406	species	406		0.037	0.037	0.0	0.036	0.2	15.774
Bacteria;Pseudomonadota;Betaproteobacteria;Neisseriales;Neisseriaceae;Kingella;oralis	species	706		0.152	0.152	0.0	0.392	0.274	73.214
Bacteria;Pseudomonadota;Betaproteobacteria;Neisseriales;Neisseriaceae;Neisseria;flavescens	species	610	Reads equidistant to HMT-476 and HMT-610 were assigned to each taxon in proportion to the abundance of HMT-476 and HMT-610 individually at this body site (SAL).	1.036	1.036	0.012	2.8	2.192	92.857
Bacteria;Pseudomonadota;Betaproteobacteria;Neisseriales;Neisseriaceae;Neisseria;oralis	species	014		0.253	0.253	0.0	0.866	0.696	40.179
Bacteria;Pseudomonadota;Betaproteobacteria;Neisseriales;Neisseriaceae;Neisseria;subflava	species	476	Reads equidistant to HMT-476 and HMT-610 were assigned to each taxon in proportion to the abundance of HMT-476 and HMT-610 individually at this body site (SAL).;Some of the reads equidistant from these taxa (101-476-682) are included in HMT-476 because they are too close to differentiate at this site (SAL).	3.938	3.938	0.238	11.074	4.727	97.619
Bacteria;Pseudomonadota;Epsilonproteobacteria;Campylobacterales;Campylobacteraceae;Campylobacter;concisus	species	575		2.993	2.993	0.376	6.749	2.839	97.917
Bacteria;Pseudomonadota;Epsilonproteobacteria;Campylobacterales;Campylobacteraceae;Campylobacter;sp. HMT-044	species	044		0.096	0.096	0.0	0.268	0.158	60.119
Bacteria;Pseudomonadota;Gammaproteobacteria;Cardiobacteriales;Cardiobacteriaceae;Cardiobacterium;hominis	species	633		0.024	0.024	0.0	0.056	0.079	36.012
Bacteria;Pseudomonadota;Gammaproteobacteria;Pasteurellales;Pasteurellaceae;Aggregatibacter;aphrophilus	species	545	Because HMT-720 is not present individually, all equidistant reads were assigned to HMT-545 at this body site (SAL).	0.27	0.27	0.0	0.606	0.781	60.417
Bacteria;Pseudomonadota;Gammaproteobacteria;Pasteurellales;Pasteurellaceae;Aggregatibacter;sp. HMT-458	species	458		0.387	0.387	0.0	1.027	0.756	76.19
Bacteria;Pseudomonadota;Gammaproteobacteria;Pasteurellales;Pasteurellaceae;Haemophilus;parahaemolyticus	species	945	Reads equidistant to HMT-035 and HMT-945 were assigned to each taxon in proportion to the abundance of HMT-035 and HMT-945 individually at this body site (SAL).	0.569	0.569	0.0	1.618	1.123	73.214
Bacteria;Pseudomonadota;Gammaproteobacteria;Pasteurellales;Pasteurellaceae;Haemophilus;parainfluenzae	species	718		12.132	12.132	3.042	23.697	8.608	99.702
Bacteria;Pseudomonadota;Gammaproteobacteria;Pasteurellales;Pasteurellaceae;Haemophilus;paraphrohaemolyticus	species	035	Reads equidistant to HMT-035 and HMT-945 were assigned to each taxon in proportion to the abundance of HMT-035 and HMT-945 individually at this body site (SAL).	0.179	0.179	0.0	0.356	0.608	52.083
Bacteria;Pseudomonadota;Gammaproteobacteria;Pasteurellales;Pasteurellaceae;Haemophilus;pittmaniae	species	946		0.1	0.1	0.0	0.191	0.385	44.94
Bacteria;Pseudomonadota;Gammaproteobacteria;Pasteurellales;Pasteurellaceae;Haemophilus;sputorum	species	944		0.344	0.344	0.0	0.986	0.58	71.131
Bacteria;Pseudomonadota;Gammaproteobacteria;Pseudomonadales;Moraxellaceae;Acinetobacter;junii	species	282		0.065	0.065	0.0	0.009	0.58	10.417
Bacteria;Candidatus Saccharimonadota;Saccharimonadota [C1];Saccharimonadota [C1 O1];Saccharimonadota [C1 O1 F1];Saccharimonadota [C1 O1 F1 G1];bacterium HMT-352	species	352		0.187	0.187	0.0	0.406	0.525	66.667
Bacteria;Candidatus Saccharimonadota;Saccharimonadota [C1];Saccharimonadota [C1 O1];Saccharimonadota [C1 O1 F1];Saccharimonadota [C1 O1 F1 G1];bacterium HMT-351	species	351		0.12	0.12	0.0	0.314	0.277	57.44
Bacteria;Candidatus Saccharimonadota;Saccharimonadota [C1];Saccharimonadota [C1 O1];Saccharimonadota [C1 O1 F1];Saccharimonadota [C1 O1 F1 G1];bacterium HMT-870	species	870		0.025	0.025	0.0	0.066	0.065	30.357
Bacteria;Spirochaetota;Spirochaetia;Spirochaetales;Treponemataceae;Treponema;denticola	species	584		0.052	0.052	0.0	0.14	0.174	32.143
Bacteria;Spirochaetota;Spirochaetia;Spirochaetales;Treponemataceae;Treponema;socranskii	species	769		0.059	0.059	0.0	0.158	0.12	48.512
Bacteria;Spirochaetota;Spirochaetia;Spirochaetales;Treponemataceae;Treponema;sp. HMT-257	species	257		0.043	0.043	0.0	0.072	0.205	18.75
Bacteria;Mycoplasmatota;Mollicutes;Mycoplasmoidales;Metamycoplasmataceae;Metamycoplasma;salivarium	species	754		0.035	0.035	0.0	0.048	0.227	20.833
Bacteria;Actinomycetota;Actinomycetes;Actinomycetales;Actinomycetaceae;Actinomyces;sp. HMT-175	species	175	Neither HMT-175 nor HMT-688 were present singularly so these reads were split evenly at this site (SAL).	0.046	0.046	0.0	0.102	0.103	61.012
Bacteria;Actinomycetota;Actinomycetes;Actinomycetales;Actinomycetaceae;Actinomyces;viscosus	species	688	Neither HMT-175 nor HMT-688 were present singularly so these reads were split evenly at this site (SAL).	0.046	0.046	0.0	0.102	0.103	61.012
Bacteria;Bacillota;Negativicutes;Selenomonadales;Selenomonadaceae;Selenomonas;sp. HMT-138	species	138	Neither HMT-138 nor HMT-892 were present singularly so these reads were split evenly at this site (SAL).	0.074	0.074	0.0	0.172	0.131	68.452
Bacteria;Bacillota;Negativicutes;Selenomonadales;Selenomonadaceae;Selenomonas;sp. HMT-892	species	892	Neither HMT-138 nor HMT-892 were present singularly so these reads were split evenly at this site (SAL).	0.074	0.074	0.0	0.172	0.131	68.452
Bacteria;Bacillota;Negativicutes;Selenomonadales;Selenomonadaceae;Selenomonas;sputigena	species	151	Neither HMT-151 nor HMT-442 were present singularly so these reads were split evenly at this site (SAL).	0.15	0.15	0.0	0.392	0.281	76.19
Bacteria;Bacillota;Negativicutes;Selenomonadales;Selenomonadaceae;Selenomonas;sp. HMT-442	species	442	Neither HMT-151 nor HMT-442 were present singularly so these reads were split evenly at this site (SAL).	0.15	0.15	0.0	0.392	0.281	76.19
Bacteria;Bacillota;Negativicutes;Selenomonadales;Selenomonadaceae;Selenomonas;artemidis	species	124	Neither HMT-124 nor HMT-137 were present singularly so these reads were split evenly at this site (SAL).	0.02	0.02	0.0	0.05	0.045	41.071
Bacteria;Bacillota;Negativicutes;Selenomonadales;Selenomonadaceae;Selenomonas;sp. HMT-137	species	137	Neither HMT-124 nor HMT-137 were present singularly so these reads were split evenly at this site (SAL).	0.02	0.02	0.0	0.05	0.045	41.071
Bacteria;Pseudomonadota;Betaproteobacteria;Neisseriales;Neisseriaceae;Neisseria;polysaccharea	species	737	Neither HMT-737 nor HMT-956 were present singularly so these reads were split evenly at this site (SAL).	0.058	0.058	0.0	0.126	0.232	30.655
Bacteria;Pseudomonadota;Betaproteobacteria;Neisseriales;Neisseriaceae;Neisseria;cinerea	species	956	Neither HMT-737 nor HMT-956 were present singularly so these reads were split evenly at this site (SAL).	0.058	0.058	0.0	0.126	0.232	30.655
Bacteria;Pseudomonadota;Epsilonproteobacteria;Campylobacterales;Campylobacteraceae;Campylobacter;rectus	species	748	Neither HMT-748 nor HMT-763 were present singularly so these reads were split evenly at this site (SAL).	0.14	0.14	0.0	0.362	0.197	81.25
Bacteria;Pseudomonadota;Epsilonproteobacteria;Campylobacterales;Campylobacteraceae;Campylobacter;showae	species	763	Neither HMT-748 nor HMT-763 were present singularly so these reads were split evenly at this site (SAL).	0.14	0.14	0.0	0.362	0.197	81.25
Bacteria;Pseudomonadota;Gammaproteobacteria;Pasteurellales;Pasteurellaceae;Aggregatibacter;sp. HMT-513	species	513	Neither HMT-513 nor HMT-762 were present singularly so these reads were split evenly at this site (SAL).	0.059	0.059	0.0	0.154	0.173	37.798
Bacteria;Pseudomonadota;Gammaproteobacteria;Pasteurellales;Pasteurellaceae;Aggregatibacter;segnis	species	762	Because HMT-512 is not present individually, all equidistant reads were assigned to HMT-762 at this body site (SAL).	0.319	0.319	0.0	0.918	0.573	68.155
Bacteria;Spirochaetota;Spirochaetia;Spirochaetales;Treponemataceae;Treponema;vincentii	species	029	Neither HMT-029 nor HMT-231 were present singularly so these reads were split evenly at this site (SAL).	0.062	0.062	0.0	0.161	0.135	58.333
Bacteria;Spirochaetota;Spirochaetia;Spirochaetales;Treponemataceae;Treponema;sp. HMT-231	species	231	Neither HMT-029 nor HMT-231 were present singularly so these reads were split evenly at this site (SAL).	0.062	0.062	0.0	0.161	0.135	58.333
Bacteria;Bacillota;Negativicutes;Selenomonadales;Selenomonadaceae;Selenomonas;sp. HMT-479	species	479	HMTs479-481-639 were not present singularly so these reads were split evenly at this body site (SAL)	0.037	0.037	0.0	0.098	0.065	66.964
Bacteria;Bacillota;Negativicutes;Selenomonadales;Selenomonadaceae;Selenomonas;sp. HMT-481	species	481	HMTs479-481-639 were not present singularly so these reads were split evenly at this body site (SAL)	0.037	0.037	0.0	0.098	0.065	66.964
Bacteria;Bacillota;Negativicutes;Selenomonadales;Selenomonadaceae;Selenomonas;infelix	species	639	HMTs479-481-639 were not present singularly so these reads were split evenly at this body site (SAL)	0.037	0.037	0.0	0.098	0.065	66.964
Bacteria;Bacillota;Clostridia;Eubacteriales;Peptoniphilaceae;Parvimonas;sp. HMT-110	species	110	HMTs110-111-393 were not present singularly so these reads were split evenly at this body site (SAL)	0.071	0.071	0.0	0.194	0.106	70.238
Bacteria;Bacillota;Clostridia;Eubacteriales;Peptoniphilaceae;Parvimonas;micra	species	111	HMTs110-111-393 were not present singularly so these reads were split evenly at this body site (SAL)	0.071	0.071	0.0	0.194	0.106	70.238
Bacteria;Bacillota;Clostridia;Eubacteriales;Peptoniphilaceae;Parvimonas;sp. HMT-393	species	393	HMTs110-111-393 were not present singularly so these reads were split evenly at this body site (SAL)	0.071	0.071	0.0	0.194	0.106	70.238
Bacteria;Bacillota;Clostridia;Eubacteriales;Peptostreptococcaceae;Peptostreptococcaceae [G7 "Eubacterium"];yurii;subsps. yurii&margaretiae	subspecies	377	Because HMT-922 is not present individually, all equidistant reads were assigned to HMT-377 at this body site (SAL).	0.114	0.114	0.0	0.249	0.292	51.19
UNMATCHED				1.163	1.163	0.091	2.824	1.646	96.726
Bacteria;Bacillota;Clostridia;Eubacteriales;Peptostreptococcaceae;Peptostreptococcaceae [G7 "Eubacterium"];yurii	species		combined from subspecies	0.114	0.114	0.0	0.249	0.292	51.19
