Taxonomy	Rank	HMT	Notes	Max	SUBP-mean	SUBP-10p	SUBP-90p	SUBP-sd	SUBP-prev
Bacteria	domain			98.696	98.696	97.025	99.934	2.978	100.0
Bacteria;Actinomycetota	phylum			24.529	24.529	7.233	46.371	16.32	100.0
Bacteria;Bacteroidota	phylum			21.413	21.413	7.896	33.448	9.864	100.0
Bacteria;Bacillota	phylum			17.343	17.343	9.016	28.184	8.834	100.0
Bacteria;Fusobacteriota	phylum			17.031	17.031	4.26	29.109	9.979	100.0
Bacteria;Patescibacteria	phylum			0.114	0.114	0.0	0.373	0.282	44.938
Bacteria;Pseudomonadota	phylum			15.782	15.782	5.352	29.894	10.024	100.0
Bacteria;Candidatus Saccharimonadota	phylum			0.026	0.026	0.0	0.062	0.073	39.259
Bacteria;Spirochaetota	phylum			2.151	2.151	0.0	5.752	3.413	80.988
Bacteria;Synergistota	phylum			0.287	0.287	0.0	0.943	0.678	46.667
Bacteria;Mycoplasmatota	phylum			0.02	0.02	0.0	0.055	0.065	22.716
Bacteria;Actinomycetota;Actinomycetes	klass			24.362	24.362	6.931	46.2	16.346	100.0
Bacteria;Actinomycetota;Coriobacteriia	klass			0.167	0.167	0.0	0.406	0.437	68.889
Bacteria;Bacteroidota;Bacteroidia	klass			12.655	12.655	1.335	27.102	10.002	100.0
Bacteria;Bacteroidota;Flavobacteriia	klass			8.758	8.758	1.572	16.293	6.266	99.753
Bacteria;Bacillota;Bacilli	klass			6.594	6.594	1.625	13.37	6.397	100.0
Bacteria;Bacillota;Clostridia	klass			2.59	2.59	0.527	4.957	1.739	99.012
Bacteria;Bacillota;Negativicutes	klass			8.158	8.158	1.832	16.83	7.022	99.753
Bacteria;Fusobacteriota;Fusobacteriia	klass			17.031	17.031	4.26	29.109	9.979	100.0
Bacteria;Patescibacteria;Patescibacteria [C1]	klass			0.114	0.114	0.0	0.373	0.282	44.938
Bacteria;Pseudomonadota;Alphaproteobacteria	klass			0.023	0.023	0.0	0.0	0.185	7.16
Bacteria;Pseudomonadota;Betaproteobacteria	klass			6.803	6.803	1.024	14.245	6.115	100.0
Bacteria;Pseudomonadota;Epsilonproteobacteria	klass			1.324	1.324	0.225	2.866	1.075	98.272
Bacteria;Pseudomonadota;Gammaproteobacteria	klass			7.632	7.632	1.083	17.307	7.249	99.753
Bacteria;Candidatus Saccharimonadota;Saccharimonadota [C1]	klass			0.026	0.026	0.0	0.062	0.073	39.259
Bacteria;Spirochaetota;Spirochaetia	klass			2.151	2.151	0.0	5.752	3.413	80.988
Bacteria;Synergistota;Synergistia	klass			0.287	0.287	0.0	0.943	0.678	46.667
Bacteria;Mycoplasmatota;Mollicutes	klass			0.02	0.02	0.0	0.055	0.065	22.716
Bacteria;Actinomycetota;Actinomycetes;Actinomycetales	order			9.563	9.563	1.449	21.066	9.015	99.753
Bacteria;Actinomycetota;Actinomycetes;Bifidobacteriales	order			0.035	0.035	0.0	0.032	0.195	15.556
Bacteria;Actinomycetota;Actinomycetes;Mycobacteriales	order			9.59	9.59	0.672	19.583	8.116	98.765
Bacteria;Actinomycetota;Actinomycetes;Micrococcales	order			3.26	3.26	0.255	8.335	4.449	98.765
Bacteria;Actinomycetota;Actinomycetes;Propionibacteriales	order			1.914	1.914	0.027	2.444	8.771	95.802
Bacteria;Actinomycetota;Coriobacteriia;Coriobacteriales	order			0.167	0.167	0.0	0.406	0.437	68.889
Bacteria;Bacteroidota;Bacteroidia;Bacteroidales	order			12.655	12.655	1.335	27.102	10.002	100.0
Bacteria;Bacteroidota;Flavobacteriia;Flavobacteriales	order			8.758	8.758	1.572	16.293	6.266	99.753
Bacteria;Bacillota;Bacilli;Caryophanales	order			0.734	0.734	0.078	1.225	2.866	98.025
Bacteria;Bacillota;Bacilli;Lactobacillales	order			5.861	5.861	1.276	12.75	5.658	100.0
Bacteria;Bacillota;Clostridia;Eubacteriales	order			2.59	2.59	0.527	4.957	1.739	99.012
Bacteria;Bacillota;Negativicutes;Selenomonadales	order			2.416	2.416	0.1	5.87	2.504	97.037
Bacteria;Bacillota;Negativicutes;Veillonellales	order			5.742	5.742	0.788	14.276	6.675	99.753
Bacteria;Fusobacteriota;Fusobacteriia;Fusobacteriales	order			17.031	17.031	4.26	29.109	9.979	100.0
Bacteria;Patescibacteria;Patescibacteria [C1];Patescibacteria [C1 O1]	order			0.114	0.114	0.0	0.373	0.282	44.938
Bacteria;Pseudomonadota;Alphaproteobacteria;Caulobacterales	order			0.007	0.007	0.0	0.0	0.14	1.235
Bacteria;Pseudomonadota;Alphaproteobacteria;Sphingomonadales	order			0.016	0.016	0.0	0.0	0.118	6.667
Bacteria;Pseudomonadota;Betaproteobacteria;Burkholderiales	order			3.268	3.268	0.06	8.278	4.633	95.802
Bacteria;Pseudomonadota;Betaproteobacteria;Neisseriales	order			3.536	3.536	0.562	7.332	3.734	99.753
Bacteria;Pseudomonadota;Epsilonproteobacteria;Campylobacterales	order			1.324	1.324	0.225	2.866	1.075	98.272
Bacteria;Pseudomonadota;Gammaproteobacteria;Cardiobacteriales	order			0.331	0.331	0.016	0.796	0.427	91.111
Bacteria;Pseudomonadota;Gammaproteobacteria;Enterobacterales	order			0.013	0.013	0.0	0.0	0.121	5.432
Bacteria;Pseudomonadota;Gammaproteobacteria;Pasteurellales	order			7.26	7.26	0.797	16.969	7.257	99.753
Bacteria;Pseudomonadota;Gammaproteobacteria;Pseudomonadales	order			0.028	0.028	0.0	0.0	0.343	2.469
Bacteria;Candidatus Saccharimonadota;Saccharimonadota [C1];Saccharimonadota [C1 O1]	order			0.026	0.026	0.0	0.062	0.073	39.259
Bacteria;Spirochaetota;Spirochaetia;Spirochaetales	order			2.151	2.151	0.0	5.752	3.413	80.988
Bacteria;Synergistota;Synergistia;Synergistales	order			0.287	0.287	0.0	0.943	0.678	46.667
Bacteria;Mycoplasmatota;Mollicutes;Mycoplasmoidales	order			0.02	0.02	0.0	0.055	0.065	22.716
Bacteria;Actinomycetota;Actinomycetes;Actinomycetales;Actinomycetaceae	family			9.563	9.563	1.449	21.066	9.015	99.753
Bacteria;Actinomycetota;Actinomycetes;Bifidobacteriales;Bifidobacteriaceae	family			0.035	0.035	0.0	0.032	0.195	15.556
Bacteria;Actinomycetota;Actinomycetes;Mycobacteriales;Corynebacteriaceae	family			9.584	9.584	0.672	19.583	8.115	98.765
Bacteria;Actinomycetota;Actinomycetes;Mycobacteriales;Lawsonellaceae	family			0.006	0.006	0.0	0.0	0.085	1.235
Bacteria;Actinomycetota;Actinomycetes;Micrococcales;Micrococcaceae	family			3.26	3.26	0.255	8.335	4.449	98.765
Bacteria;Actinomycetota;Actinomycetes;Propionibacteriales;Propionibacteriaceae	family			1.914	1.914	0.027	2.444	8.771	95.802
Bacteria;Actinomycetota;Coriobacteriia;Coriobacteriales;Atopobiaceae	family			0.167	0.167	0.0	0.406	0.437	68.889
Bacteria;Bacteroidota;Bacteroidia;Bacteroidales;Odoribacteraceae	family			0.345	0.345	0.0	0.765	1.252	31.111
Bacteria;Bacteroidota;Bacteroidia;Bacteroidales;Bacteroidales [F2]	family			1.098	1.098	0.0	3.307	2.119	66.42
Bacteria;Bacteroidota;Bacteroidia;Bacteroidales;Porphyromonadaceae	family			2.223	2.223	0.015	5.509	3.18	91.605
Bacteria;Bacteroidota;Bacteroidia;Bacteroidales;Prevotellaceae	family			8.492	8.492	0.815	18.791	7.901	99.506
Bacteria;Bacteroidota;Bacteroidia;Bacteroidales;Tannerellaceae	family			0.497	0.497	0.0	1.213	0.828	79.259
Bacteria;Bacteroidota;Flavobacteriia;Flavobacteriales;Flavobacteriaceae	family			7.621	7.621	1.239	14.494	5.732	99.753
Bacteria;Bacteroidota;Flavobacteriia;Flavobacteriales;Weeksellaceae	family			1.137	1.137	0.177	2.529	1.103	98.519
Bacteria;Bacillota;Bacilli;Caryophanales;Gemellaceae	family			0.734	0.734	0.078	1.225	2.866	98.025
Bacteria;Bacillota;Bacilli;Lactobacillales;Aerococcaceae	family			0.334	0.334	0.0	0.758	0.916	65.185
Bacteria;Bacillota;Bacilli;Lactobacillales;Carnobacteriaceae	family			0.532	0.532	0.05	1.189	0.659	95.802
Bacteria;Bacillota;Bacilli;Lactobacillales;Lactobacillaceae	family			0.06	0.06	0.0	0.05	0.517	23.457
Bacteria;Bacillota;Bacilli;Lactobacillales;Streptococcaceae	family			4.935	4.935	0.83	10.553	5.019	99.753
Bacteria;Bacillota;Clostridia;Eubacteriales;Lachnospiraceae	family			1.204	1.204	0.146	2.441	1.014	97.284
Bacteria;Bacillota;Clostridia;Eubacteriales;Peptococcaceae	family			0.045	0.045	0.0	0.15	0.084	45.185
Bacteria;Bacillota;Clostridia;Eubacteriales;Anaerovoracaceae	family			0.037	0.037	0.0	0.105	0.094	46.667
Bacteria;Bacillota;Clostridia;Eubacteriales;Peptostreptococcaceae	family			0.618	0.618	0.027	1.43	0.597	91.852
Bacteria;Bacillota;Clostridia;Eubacteriales;Ruminococcaceae	family			0.09	0.09	0.0	0.238	0.244	46.42
Bacteria;Bacillota;Negativicutes;Selenomonadales;Selenomonadaceae	family			2.416	2.416	0.1	5.87	2.504	97.037
Bacteria;Bacillota;Negativicutes;Veillonellales;Veillonellaceae	family			5.742	5.742	0.788	14.276	6.675	99.753
Bacteria;Bacillota;Clostridia;Eubacteriales;Peptoniphilaceae	family			0.596	0.596	0.0	1.42	0.73	87.16
Bacteria;Fusobacteriota;Fusobacteriia;Fusobacteriales;Fusobacteriaceae	family			13.065	13.065	2.771	24.982	9.029	100.0
Bacteria;Fusobacteriota;Fusobacteriia;Fusobacteriales;Leptotrichiaceae	family			3.966	3.966	0.378	9.241	3.755	98.272
Bacteria;Patescibacteria;Patescibacteria [C1];Patescibacteria [C1 O1];Patescibacteria [C1 O1 F1]	family			0.114	0.114	0.0	0.373	0.282	44.938
Bacteria;Pseudomonadota;Alphaproteobacteria;Caulobacterales;Caulobacteraceae	family			0.007	0.007	0.0	0.0	0.14	1.235
Bacteria;Pseudomonadota;Alphaproteobacteria;Sphingomonadales;Sphingomonadaceae	family			0.016	0.016	0.0	0.0	0.118	6.667
Bacteria;Pseudomonadota;Betaproteobacteria;Burkholderiales;Burkholderiaceae	family			3.026	3.026	0.038	7.849	4.511	94.815
Bacteria;Pseudomonadota;Betaproteobacteria;Burkholderiales;Comamonadaceae	family			0.242	0.242	0.0	0.753	0.647	41.481
Bacteria;Pseudomonadota;Betaproteobacteria;Neisseriales;Neisseriaceae	family			3.536	3.536	0.562	7.332	3.734	99.753
Bacteria;Pseudomonadota;Epsilonproteobacteria;Campylobacterales;Campylobacteraceae	family			1.324	1.324	0.225	2.866	1.075	98.272
Bacteria;Pseudomonadota;Gammaproteobacteria;Cardiobacteriales;Cardiobacteriaceae	family			0.331	0.331	0.016	0.796	0.427	91.111
Bacteria;Pseudomonadota;Gammaproteobacteria;Enterobacterales;Enterobacteriaceae	family			0.01	0.01	0.0	0.0	0.097	4.444
Bacteria;Pseudomonadota;Gammaproteobacteria;Enterobacterales;Yersiniaceae	family			0.003	0.003	0.0	0.0	0.047	1.481
Bacteria;Pseudomonadota;Gammaproteobacteria;Pasteurellales;Pasteurellaceae	family			7.26	7.26	0.797	16.969	7.257	99.753
Bacteria;Pseudomonadota;Gammaproteobacteria;Pseudomonadales;Moraxellaceae	family			0.028	0.028	0.0	0.0	0.343	2.469
Bacteria;Candidatus Saccharimonadota;Saccharimonadota [C1];Saccharimonadota [C1 O1];Saccharimonadota [C1 O1 F1]	family			0.026	0.026	0.0	0.062	0.073	39.259
Bacteria;Spirochaetota;Spirochaetia;Spirochaetales;Treponemataceae	family			2.151	2.151	0.0	5.752	3.413	80.988
Bacteria;Synergistota;Synergistia;Synergistales;Synergistaceae	family			0.287	0.287	0.0	0.943	0.678	46.667
Bacteria;Mycoplasmatota;Mollicutes;Mycoplasmoidales;Metamycoplasmataceae	family			0.02	0.02	0.0	0.055	0.065	22.716
Bacteria;Actinomycetota;Actinomycetes;Actinomycetales;Actinomycetaceae;Actinomyces	genus			8.547	8.547	1.197	18.756	8.682	99.506
Bacteria;Actinomycetota;Actinomycetes;Actinomycetales;Actinomycetaceae;Peptidiphaga	genus			0.657	0.657	0.0	1.673	1.363	79.506
Bacteria;Actinomycetota;Actinomycetes;Actinomycetales;Actinomycetaceae;Schaalia	genus			0.359	0.359	0.016	0.679	1.053	91.358
Bacteria;Actinomycetota;Actinomycetes;Bifidobacteriales;Bifidobacteriaceae;Bifidobacterium	genus			0.006	0.006	0.0	0.0	0.057	4.691
Bacteria;Actinomycetota;Actinomycetes;Bifidobacteriales;Bifidobacteriaceae;Scardovia	genus			0.029	0.029	0.0	0.019	0.186	12.099
Bacteria;Actinomycetota;Actinomycetes;Mycobacteriales;Corynebacteriaceae;Corynebacterium	genus			9.584	9.584	0.672	19.583	8.115	98.765
Bacteria;Actinomycetota;Actinomycetes;Mycobacteriales;Lawsonellaceae;Lawsonella	genus			0.006	0.006	0.0	0.0	0.085	1.235
Bacteria;Actinomycetota;Actinomycetes;Micrococcales;Micrococcaceae;Rothia	genus			3.26	3.26	0.255	8.335	4.449	98.765
Bacteria;Actinomycetota;Actinomycetes;Propionibacteriales;Propionibacteriaceae;Arachnia	genus			0.815	0.815	0.02	2.224	1.24	93.333
Bacteria;Actinomycetota;Actinomycetes;Propionibacteriales;Propionibacteriaceae;Cutibacterium	genus			1.099	1.099	0.0	0.037	8.77	22.716
Bacteria;Actinomycetota;Coriobacteriia;Coriobacteriales;Atopobiaceae;Lancefieldella	genus			0.123	0.123	0.0	0.265	0.374	57.778
Bacteria;Actinomycetota;Coriobacteriia;Coriobacteriales;Atopobiaceae;Olsenella	genus			0.044	0.044	0.0	0.113	0.132	36.296
Bacteria;Bacteroidota;Bacteroidia;Bacteroidales;Odoribacteraceae;Odoribacteraceae [G3]	genus			0.012	0.012	0.0	0.0	0.111	6.42
Bacteria;Bacteroidota;Bacteroidia;Bacteroidales;Odoribacteraceae;Odoribacteraceae [G5]	genus			0.333	0.333	0.0	0.765	1.224	28.395
Bacteria;Bacteroidota;Bacteroidia;Bacteroidales;Bacteroidales [F2];Bacteroidales [F2 G2]	genus			1.098	1.098	0.0	3.307	2.119	66.42
Bacteria;Bacteroidota;Bacteroidia;Bacteroidales;Porphyromonadaceae;Porphyromonas	genus			2.223	2.223	0.015	5.509	3.18	91.605
Bacteria;Bacteroidota;Bacteroidia;Bacteroidales;Prevotellaceae;Alloprevotella	genus			1.219	1.219	0.0	3.507	2.266	76.543
Bacteria;Bacteroidota;Bacteroidia;Bacteroidales;Prevotellaceae;Prevotella	genus			2.504	2.504	0.025	6.562	3.415	92.346
Bacteria;Bacteroidota;Bacteroidia;Bacteroidales;Prevotellaceae;Segatella	genus			2.183	2.183	0.059	5.885	3.368	94.815
Bacteria;Bacteroidota;Bacteroidia;Bacteroidales;Prevotellaceae;Hoylesella	genus			2.586	2.586	0.081	5.905	2.395	93.827
Bacteria;Bacteroidota;Bacteroidia;Bacteroidales;Tannerellaceae;Tannerella	genus			0.497	0.497	0.0	1.213	0.828	79.259
Bacteria;Bacteroidota;Flavobacteriia;Flavobacteriales;Flavobacteriaceae;Capnocytophaga	genus			7.621	7.621	1.239	14.494	5.732	99.753
Bacteria;Bacteroidota;Flavobacteriia;Flavobacteriales;Weeksellaceae;Riemerella	genus			1.033	1.033	0.102	2.471	1.106	97.778
Bacteria;Bacteroidota;Flavobacteriia;Flavobacteriales;Weeksellaceae;Weeksellaceae [G1]	genus			0.104	0.104	0.0	0.351	0.196	52.099
Bacteria;Bacillota;Bacilli;Caryophanales;Gemellaceae;Gemella	genus			0.734	0.734	0.078	1.225	2.866	98.025
Bacteria;Bacillota;Bacilli;Lactobacillales;Aerococcaceae;Abiotrophia	genus			0.334	0.334	0.0	0.758	0.916	65.185
Bacteria;Bacillota;Bacilli;Lactobacillales;Carnobacteriaceae;Granulicatella	genus			0.532	0.532	0.05	1.189	0.659	95.802
Bacteria;Bacillota;Bacilli;Lactobacillales;Lactobacillaceae;Lactobacillus	genus			0.054	0.054	0.0	0.034	0.513	21.728
Bacteria;Bacillota;Bacilli;Lactobacillales;Streptococcaceae;Lactococcus	genus			0.033	0.033	0.0	0.0	0.637	2.716
Bacteria;Bacillota;Bacilli;Lactobacillales;Streptococcaceae;Streptococcus	genus			4.903	4.903	0.83	10.527	4.998	99.753
Bacteria;Bacillota;Clostridia;Eubacteriales;Lachnospiraceae;Butyrivibrio	genus			0.023	0.023	0.0	0.044	0.105	15.062
Bacteria;Bacillota;Clostridia;Eubacteriales;Lachnospiraceae;Catonella	genus			0.263	0.263	0.0	0.632	0.368	81.975
Bacteria;Bacillota;Clostridia;Eubacteriales;Lachnospiraceae;Johnsonella	genus			0.093	0.093	0.0	0.273	0.26	35.556
Bacteria;Bacillota;Clostridia;Eubacteriales;Lachnospiraceae;Lachnoanaerobaculum	genus			0.436	0.436	0.0	1.13	0.563	88.642
Bacteria;Bacillota;Clostridia;Eubacteriales;Lachnospiraceae;Lachnospiraceae [G2]	genus			0.02	0.02	0.0	0.034	0.099	13.827
Bacteria;Bacillota;Clostridia;Eubacteriales;Lachnospiraceae;Lachnospiraceae [G3]	genus			0.129	0.129	0.0	0.404	0.211	64.691
Bacteria;Bacillota;Clostridia;Eubacteriales;Lachnospiraceae;Lachnospiraceae [G8]	genus			0.03	0.03	0.0	0.062	0.129	18.765
Bacteria;Bacillota;Clostridia;Eubacteriales;Lachnospiraceae;Oribacterium	genus			0.125	0.125	0.0	0.312	0.278	64.938
Bacteria;Bacillota;Clostridia;Eubacteriales;Lachnospiraceae;Shuttleworthia	genus			0.014	0.014	0.0	0.017	0.068	13.827
Bacteria;Bacillota;Clostridia;Eubacteriales;Lachnospiraceae;Stomatobaculum	genus			0.069	0.069	0.0	0.168	0.239	44.691
Bacteria;Bacillota;Clostridia;Eubacteriales;Peptococcaceae;Peptococcus	genus			0.045	0.045	0.0	0.15	0.084	45.185
Bacteria;Bacillota;Clostridia;Eubacteriales;Anaerovoracaceae;Mogibacterium	genus			0.037	0.037	0.0	0.105	0.094	46.667
Bacteria;Bacillota;Clostridia;Eubacteriales;Peptostreptococcaceae;Peptostreptococcaceae [G1 "Eubacterium"]	genus			0.02	0.02	0.0	0.062	0.056	28.642
Bacteria;Bacillota;Clostridia;Eubacteriales;Peptostreptococcaceae;Peptostreptococcaceae [G7 "Eubacterium"]	genus			0.369	0.369	0.0	0.949	0.44	80.988
Bacteria;Bacillota;Clostridia;Eubacteriales;Peptostreptococcaceae;Peptostreptococcaceae [G9 "Eubacterium"]	genus			0.16	0.16	0.0	0.458	0.251	67.654
Bacteria;Bacillota;Clostridia;Eubacteriales;Peptostreptococcaceae;Peptostreptococcus	genus			0.07	0.07	0.0	0.213	0.167	41.235
Bacteria;Bacillota;Clostridia;Eubacteriales;Ruminococcaceae;Ruminococcaceae [G1]	genus			0.071	0.071	0.0	0.205	0.181	40.741
Bacteria;Bacillota;Clostridia;Eubacteriales;Ruminococcaceae;Ruminococcaceae [G2]	genus			0.019	0.019	0.0	0.034	0.124	21.235
Bacteria;Bacillota;Negativicutes;Selenomonadales;Selenomonadaceae;Centipeda	genus			0.042	0.042	0.0	0.104	0.133	33.827
Bacteria;Bacillota;Negativicutes;Selenomonadales;Selenomonadaceae;Mitsuokella	genus			0.058	0.058	0.0	0.0	0.525	8.889
Bacteria;Bacillota;Negativicutes;Selenomonadales;Selenomonadaceae;Selenomonas	genus			2.081	2.081	0.081	5.046	2.147	95.062
Bacteria;Bacillota;Negativicutes;Selenomonadales;Selenomonadaceae;Selenomonadaceae [G1]	genus			0.234	0.234	0.0	0.658	0.556	55.062
Bacteria;Bacillota;Negativicutes;Veillonellales;Veillonellaceae;Anaeroglobus	genus			0.042	0.042	0.0	0.074	0.173	21.235
Bacteria;Bacillota;Negativicutes;Veillonellales;Veillonellaceae;Dialister	genus			0.439	0.439	0.0	1.19	0.771	79.753
Bacteria;Bacillota;Negativicutes;Veillonellales;Veillonellaceae;Megasphaera	genus			0.034	0.034	0.0	0.038	0.21	21.728
Bacteria;Bacillota;Negativicutes;Veillonellales;Veillonellaceae;Veillonella	genus			5.227	5.227	0.496	13.851	6.654	99.506
Bacteria;Bacillota;Clostridia;Eubacteriales;Peptoniphilaceae;Anaerococcus	genus			0.009	0.009	0.0	0.0	0.125	1.728
Bacteria;Bacillota;Clostridia;Eubacteriales;Peptoniphilaceae;Finegoldia	genus			0.004	0.004	0.0	0.0	0.055	1.481
Bacteria;Bacillota;Clostridia;Eubacteriales;Peptoniphilaceae;Parvimonas	genus			0.583	0.583	0.0	1.404	0.725	86.667
Bacteria;Fusobacteriota;Fusobacteriia;Fusobacteriales;Fusobacteriaceae;Fusobacterium	genus			13.065	13.065	2.771	24.982	9.029	100.0
Bacteria;Fusobacteriota;Fusobacteriia;Fusobacteriales;Leptotrichiaceae;Leptotrichia	genus			2.437	2.437	0.04	6.155	3.147	93.333
Bacteria;Fusobacteriota;Fusobacteriia;Fusobacteriales;Leptotrichiaceae;Pseudoleptotrichia	genus			1.529	1.529	0.115	3.377	1.545	97.284
Bacteria;Patescibacteria;Patescibacteria [C1];Patescibacteria [C1 O1];Patescibacteria [C1 O1 F1];Patescibacteria [C1 O1 F1 G1]	genus			0.114	0.114	0.0	0.373	0.282	44.938
Bacteria;Pseudomonadota;Alphaproteobacteria;Caulobacterales;Caulobacteraceae;Caulobacter	genus			0.007	0.007	0.0	0.0	0.14	1.235
Bacteria;Pseudomonadota;Alphaproteobacteria;Sphingomonadales;Sphingomonadaceae;Sphingomonas	genus			0.016	0.016	0.0	0.0	0.118	6.667
Bacteria;Pseudomonadota;Betaproteobacteria;Burkholderiales;Burkholderiaceae;Lautropia	genus			2.979	2.979	0.031	7.794	4.504	93.58
Bacteria;Pseudomonadota;Betaproteobacteria;Burkholderiales;Burkholderiaceae;Ralstonia	genus			0.047	0.047	0.0	0.0	0.496	5.679
Bacteria;Pseudomonadota;Betaproteobacteria;Burkholderiales;Comamonadaceae;Ottowia	genus			0.242	0.242	0.0	0.753	0.647	41.481
Bacteria;Pseudomonadota;Betaproteobacteria;Neisseriales;Neisseriaceae;Eikenella	genus			0.561	0.561	0.083	1.159	0.531	97.284
Bacteria;Pseudomonadota;Betaproteobacteria;Neisseriales;Neisseriaceae;Kingella	genus			1.747	1.747	0.135	4.033	2.607	98.519
Bacteria;Pseudomonadota;Betaproteobacteria;Neisseriales;Neisseriaceae;Neisseria	genus			1.228	1.228	0.0	3.221	2.646	87.654
Bacteria;Pseudomonadota;Epsilonproteobacteria;Campylobacterales;Campylobacteraceae;Campylobacter	genus			1.324	1.324	0.225	2.866	1.075	98.272
Bacteria;Pseudomonadota;Gammaproteobacteria;Cardiobacteriales;Cardiobacteriaceae;Cardiobacterium	genus			0.331	0.331	0.016	0.796	0.427	91.111
Bacteria;Pseudomonadota;Gammaproteobacteria;Enterobacterales;Enterobacteriaceae;Enterobacter	genus			0.01	0.01	0.0	0.0	0.097	4.444
Bacteria;Pseudomonadota;Gammaproteobacteria;Enterobacterales;Yersiniaceae;Yersinia	genus			0.003	0.003	0.0	0.0	0.047	1.481
Bacteria;Pseudomonadota;Gammaproteobacteria;Pasteurellales;Pasteurellaceae;Aggregatibacter	genus			2.174	2.174	0.011	5.903	2.989	90.617
Bacteria;Pseudomonadota;Gammaproteobacteria;Pasteurellales;Pasteurellaceae;Haemophilus	genus			5.087	5.087	0.252	13.506	6.502	99.012
Bacteria;Pseudomonadota;Gammaproteobacteria;Pseudomonadales;Moraxellaceae;Acinetobacter	genus			0.005	0.005	0.0	0.0	0.095	0.988
Bacteria;Pseudomonadota;Gammaproteobacteria;Pseudomonadales;Moraxellaceae;Moraxella	genus			0.022	0.022	0.0	0.0	0.33	1.481
Bacteria;Candidatus Saccharimonadota;Saccharimonadota [C1];Saccharimonadota [C1 O1];Saccharimonadota [C1 O1 F1];Saccharimonadota [C1 O1 F1 G1]	genus			0.026	0.026	0.0	0.062	0.073	39.259
Bacteria;Spirochaetota;Spirochaetia;Spirochaetales;Treponemataceae;Treponema	genus			2.151	2.151	0.0	5.752	3.413	80.988
Bacteria;Synergistota;Synergistia;Synergistales;Synergistaceae;Fretibacterium	genus			0.287	0.287	0.0	0.943	0.678	46.667
Bacteria;Mycoplasmatota;Mollicutes;Mycoplasmoidales;Metamycoplasmataceae;Metamycoplasma	genus			0.02	0.02	0.0	0.055	0.065	22.716
Bacteria;Bacillota;Bacilli;Lactobacillales;Lactobacillaceae;Limosilactobacillus	genus			0.006	0.006	0.0	0.0	0.063	2.716
Bacteria;Actinomycetota;Actinomycetes;Actinomycetales;Actinomycetaceae;Actinomyces;dentalis	species	888		0.041	0.041	0.0	0.112	0.102	37.284
Bacteria;Actinomycetota;Actinomycetes;Actinomycetales;Actinomycetaceae;Actinomyces;gerencseriae	species	618		0.358	0.358	0.0	0.835	0.771	83.21
Bacteria;Actinomycetota;Actinomycetes;Actinomycetales;Actinomycetaceae;Actinomyces;johnsonii	species	849		0.684	0.684	0.018	1.69	1.297	93.58
Bacteria;Actinomycetota;Actinomycetes;Actinomycetales;Actinomycetaceae;Actinomyces;massiliensis	species	852		0.586	0.586	0.02	1.565	0.776	92.593
Bacteria;Actinomycetota;Actinomycetes;Actinomycetales;Actinomycetaceae;Actinomyces;naeslundii	species	176	Reads equidistant to HMT-176 and HMT-893 were assigned to each taxon in proportion to the abundance of HMT-176 and HMT-893 individually at this body site (SUBP).	0.96	0.96	0.107	2.16	1.221	98.025
Bacteria;Actinomycetota;Actinomycetes;Actinomycetales;Actinomycetaceae;Actinomyces;oris	species	893	Reads equidistant to HMT-176 and HMT-893 were assigned to each taxon in proportion to the abundance of HMT-176 and HMT-893 individually at this body site (SUBP).	0.466	0.466	0.024	1.21	0.643	94.815
Bacteria;Actinomycetota;Actinomycetes;Actinomycetales;Actinomycetaceae;Actinomyces;sp. HMT-169	species	169		2.564	2.564	0.095	6.31	4.942	97.037
Bacteria;Actinomycetota;Actinomycetes;Actinomycetales;Actinomycetaceae;Actinomyces;sp. HMT-170	species	170		0.391	0.391	0.0	1.042	0.785	79.259
Bacteria;Actinomycetota;Actinomycetes;Actinomycetales;Actinomycetaceae;Actinomyces;sp. HMT-171	species	171	Because HMT-688 is not present individually, all equidistant reads were assigned to HMT-171 at this body site (SUBP).	1.132	1.132	0.073	2.712	1.588	98.025
Bacteria;Actinomycetota;Actinomycetes;Actinomycetales;Actinomycetaceae;Actinomyces;sp. HMT-175	species	175	Because HMT-688 is not present individually, all equidistant reads were assigned to HMT-175 at this body site (SUBP).	0.857	0.857	0.015	2.411	1.53	90.617
Bacteria;Actinomycetota;Actinomycetes;Actinomycetales;Actinomycetaceae;Actinomyces;sp. HMT-448	species	448		0.414	0.414	0.0	0.772	1.759	36.296
Bacteria;Actinomycetota;Actinomycetes;Actinomycetales;Actinomycetaceae;Actinomyces;sp. HMT-525	species	525		0.065	0.065	0.0	0.175	0.121	61.975
Bacteria;Actinomycetota;Actinomycetes;Actinomycetales;Actinomycetaceae;Actinomyces;sp. HMT-897	species	897		0.029	0.029	0.0	0.089	0.081	26.173
Bacteria;Actinomycetota;Actinomycetes;Actinomycetales;Actinomycetaceae;Peptidiphaga;gingivicola	species	848		0.061	0.061	0.0	0.104	0.269	25.432
Bacteria;Actinomycetota;Actinomycetes;Actinomycetales;Actinomycetaceae;Peptidiphaga;sp. HMT-183	species	183		0.596	0.596	0.0	1.628	1.329	75.062
Bacteria;Actinomycetota;Actinomycetes;Actinomycetales;Actinomycetaceae;Schaalia;meyeri	species	671		0.073	0.073	0.0	0.245	0.182	43.21
Bacteria;Actinomycetota;Actinomycetes;Actinomycetales;Actinomycetaceae;Schaalia;odontolytica	species	701		0.091	0.091	0.0	0.224	0.29	57.037
Bacteria;Actinomycetota;Actinomycetes;Actinomycetales;Actinomycetaceae;Schaalia;sp. HMT-172	species	172		0.029	0.029	0.0	0.019	0.245	15.802
Bacteria;Actinomycetota;Actinomycetes;Actinomycetales;Actinomycetaceae;Schaalia;sp. HMT-178	species	178		0.058	0.058	0.0	0.162	0.084	63.704
Bacteria;Actinomycetota;Actinomycetes;Actinomycetales;Actinomycetaceae;Schaalia;sp. HMT-180	species	180		0.109	0.109	0.0	0.191	0.664	68.395
Bacteria;Actinomycetota;Actinomycetes;Bifidobacteriales;Bifidobacteriaceae;Bifidobacterium;dentium	species	588		0.006	0.006	0.0	0.0	0.057	4.691
Bacteria;Actinomycetota;Actinomycetes;Bifidobacteriales;Bifidobacteriaceae;Scardovia;wiggsiae	species	195		0.029	0.029	0.0	0.019	0.186	12.099
Bacteria;Actinomycetota;Actinomycetes;Mycobacteriales;Corynebacteriaceae;Corynebacterium;coyleae	species	341		0.044	0.044	0.0	0.0	0.718	1.235
Bacteria;Actinomycetota;Actinomycetes;Mycobacteriales;Corynebacteriaceae;Corynebacterium;durum	species	595		1.71	1.71	0.026	4.56	2.326	92.346
Bacteria;Actinomycetota;Actinomycetes;Mycobacteriales;Corynebacteriaceae;Corynebacterium;matruchotii	species	666		7.664	7.664	0.134	17.236	7.318	94.815
Bacteria;Actinomycetota;Actinomycetes;Mycobacteriales;Corynebacteriaceae;Corynebacterium;tuberculostearicum	species	077		0.124	0.124	0.0	0.0	1.539	6.42
Bacteria;Actinomycetota;Actinomycetes;Mycobacteriales;Lawsonellaceae;Lawsonella;clevelandensis	species	173		0.006	0.006	0.0	0.0	0.085	1.235
Bacteria;Actinomycetota;Actinomycetes;Micrococcales;Micrococcaceae;Rothia;aeria	species	188		1.64	1.64	0.04	4.011	2.696	93.827
Bacteria;Actinomycetota;Actinomycetes;Micrococcales;Micrococcaceae;Rothia;dentocariosa	species	587		1.573	1.573	0.032	4.816	2.991	93.58
Bacteria;Actinomycetota;Actinomycetes;Micrococcales;Micrococcaceae;Rothia;mucilaginosa	species	681		0.048	0.048	0.0	0.075	0.195	33.58
Bacteria;Actinomycetota;Actinomycetes;Propionibacteriales;Propionibacteriaceae;Arachnia;propionica	species	739		0.475	0.475	0.015	1.401	0.697	91.358
Bacteria;Actinomycetota;Actinomycetes;Propionibacteriales;Propionibacteriaceae;Arachnia;rubra	species	194		0.341	0.341	0.0	0.958	1.001	40.247
Bacteria;Actinomycetota;Actinomycetes;Propionibacteriales;Propionibacteriaceae;Cutibacterium;acnes	species	530		1.097	1.097	0.0	0.037	8.755	22.716
Bacteria;Actinomycetota;Actinomycetes;Propionibacteriales;Propionibacteriaceae;Cutibacterium;avidum	species	552		0.002	0.002	0.0	0.0	0.033	0.494
Bacteria;Actinomycetota;Coriobacteriia;Coriobacteriales;Atopobiaceae;Lancefieldella;parvula	species	723		0.058	0.058	0.0	0.103	0.269	43.457
Bacteria;Actinomycetota;Coriobacteriia;Coriobacteriales;Atopobiaceae;Lancefieldella;rimae	species	750		0.065	0.065	0.0	0.143	0.239	39.259
Bacteria;Actinomycetota;Coriobacteriia;Coriobacteriales;Atopobiaceae;Olsenella;sp. HMT-807	species	807		0.044	0.044	0.0	0.113	0.132	36.296
Bacteria;Bacteroidota;Bacteroidia;Bacteroidales;Odoribacteraceae;Odoribacteraceae [G3];bacterium HMT-281	species	281		0.012	0.012	0.0	0.0	0.111	6.42
Bacteria;Bacteroidota;Bacteroidia;Bacteroidales;Odoribacteraceae;Odoribacteraceae [G5];bacterium HMT-505	species	505		0.09	0.09	0.0	0.0	0.52	8.148
Bacteria;Bacteroidota;Bacteroidia;Bacteroidales;Odoribacteraceae;Odoribacteraceae [G5];bacterium HMT-511	species	511		0.244	0.244	0.0	0.636	0.989	27.16
Bacteria;Bacteroidota;Bacteroidia;Bacteroidales;Bacteroidales [F2];Bacteroidales [F2 G2];bacterium HMT-274	species	274		1.098	1.098	0.0	3.307	2.119	66.42
Bacteria;Bacteroidota;Bacteroidia;Bacteroidales;Porphyromonadaceae;Porphyromonas;endodontalis	species	273		0.766	0.766	0.0	2.29	2.136	53.333
Bacteria;Bacteroidota;Bacteroidia;Bacteroidales;Porphyromonadaceae;Porphyromonas;gingivalis	species	619		0.124	0.124	0.0	0.0	1.401	2.469
Bacteria;Bacteroidota;Bacteroidia;Bacteroidales;Porphyromonadaceae;Porphyromonas;pasteri	species	279		1.23	1.23	0.0	3.68	2.061	84.938
Bacteria;Bacteroidota;Bacteroidia;Bacteroidales;Porphyromonadaceae;Porphyromonas;sp. HMT-277	species	277		0.058	0.058	0.0	0.047	0.319	15.556
Bacteria;Bacteroidota;Bacteroidia;Bacteroidales;Porphyromonadaceae;Porphyromonas;sp. HMT-930	species	930		0.045	0.045	0.0	0.11	0.166	25.679
Bacteria;Bacteroidota;Bacteroidia;Bacteroidales;Prevotellaceae;Alloprevotella;sp. HMT-473	species	473		0.428	0.428	0.0	1.043	1.241	58.272
Bacteria;Bacteroidota;Bacteroidia;Bacteroidales;Prevotellaceae;Alloprevotella;tannerae	species	466		0.791	0.791	0.0	2.465	1.824	53.58
Bacteria;Bacteroidota;Bacteroidia;Bacteroidales;Prevotellaceae;Prevotella;denticola	species	291		0.375	0.375	0.0	0.761	1.267	50.864
Bacteria;Bacteroidota;Bacteroidia;Bacteroidales;Prevotellaceae;Prevotella;fusca	species	782		0.039	0.039	0.0	0.0	0.283	6.42
Bacteria;Bacteroidota;Bacteroidia;Bacteroidales;Prevotellaceae;Prevotella;intermedia	species	643		0.594	0.594	0.0	2.019	1.577	33.333
Bacteria;Bacteroidota;Bacteroidia;Bacteroidales;Prevotellaceae;Segatella;maculosa	species	289		0.203	0.203	0.0	0.508	0.441	66.173
Bacteria;Bacteroidota;Bacteroidia;Bacteroidales;Prevotellaceae;Prevotella;micans	species	378		0.038	0.038	0.0	0.11	0.132	29.63
Bacteria;Bacteroidota;Bacteroidia;Bacteroidales;Prevotellaceae;Hoylesella;nanceiensis	species	299		0.033	0.033	0.0	0.095	0.083	38.765
Bacteria;Bacteroidota;Bacteroidia;Bacteroidales;Prevotellaceae;Prevotella;nigrescens	species	693		1.264	1.264	0.0	3.662	2.277	77.284
Bacteria;Bacteroidota;Bacteroidia;Bacteroidales;Prevotellaceae;Hoylesella;oralis	species	705		0.064	0.064	0.0	0.139	0.227	18.025
Bacteria;Bacteroidota;Bacteroidia;Bacteroidales;Prevotellaceae;Segatella;oris	species	311		1.662	1.662	0.0	4.333	3.028	88.889
Bacteria;Bacteroidota;Bacteroidia;Bacteroidales;Prevotellaceae;Segatella;oulorum	species	288		0.245	0.245	0.0	0.693	0.505	68.395
Bacteria;Bacteroidota;Bacteroidia;Bacteroidales;Prevotellaceae;Prevotella;pallens	species	714		0.047	0.047	0.0	0.054	0.246	21.728
Bacteria;Bacteroidota;Bacteroidia;Bacteroidales;Prevotellaceae;Hoylesella;pleuritidis	species	303		0.451	0.451	0.0	1.342	1.155	38.519
Bacteria;Bacteroidota;Bacteroidia;Bacteroidales;Prevotellaceae;Hoylesella;saccharolytica	species	781		0.163	0.163	0.0	0.471	0.247	67.407
Bacteria;Bacteroidota;Bacteroidia;Bacteroidales;Prevotellaceae;Hoylesella;sp. HMT-317	species	317		0.916	0.916	0.0	2.576	1.482	70.864
Bacteria;Bacteroidota;Bacteroidia;Bacteroidales;Prevotellaceae;Hoylesella;sp. HMT-472	species	472	Because HMT-658 is not present individually, all equidistant reads were assigned to HMT-472 at this body site (SUBP).	0.96	0.96	0.0	2.812	1.424	76.049
Bacteria;Bacteroidota;Bacteroidia;Bacteroidales;Tannerellaceae;Tannerella;forsythia	species	613		0.177	0.177	0.0	0.479	0.597	38.272
Bacteria;Bacteroidota;Bacteroidia;Bacteroidales;Tannerellaceae;Tannerella;serpentiformis	species	286	Reads equidistant to HMT-286 and HMT-808 were assigned to each taxon in proportion to the abundance of HMT-286 and HMT-808 individually at this body site (SUBP).	0.286	0.286	0.0	0.782	0.547	71.605
Bacteria;Bacteroidota;Bacteroidia;Bacteroidales;Tannerellaceae;Tannerella;sp. HMT-808	species	808	Reads equidistant to HMT-286 and HMT-808 were assigned to each taxon in proportion to the abundance of HMT-286 and HMT-808 individually at this body site (SUBP).	0.034	0.034	0.0	0.11	0.09	38.272
Bacteria;Bacteroidota;Flavobacteriia;Flavobacteriales;Flavobacteriaceae;Capnocytophaga;gingivalis	species	337		1.964	1.964	0.158	4.702	2.28	98.765
Bacteria;Bacteroidota;Flavobacteriia;Flavobacteriales;Flavobacteriaceae;Capnocytophaga;granulosa	species	325		1.171	1.171	0.0	3.651	1.811	81.481
Bacteria;Bacteroidota;Flavobacteriia;Flavobacteriales;Flavobacteriaceae;Capnocytophaga;haemolytica	species	627		0.058	0.058	0.0	0.026	0.339	11.111
Bacteria;Bacteroidota;Flavobacteriia;Flavobacteriales;Flavobacteriaceae;Capnocytophaga;leadbetteri	species	329		1.895	1.895	0.026	4.517	2.51	92.346
Bacteria;Bacteroidota;Flavobacteriia;Flavobacteriales;Flavobacteriaceae;Capnocytophaga;sp. HMT-332	species	332		0.148	0.148	0.0	0.308	0.532	32.84
Bacteria;Bacteroidota;Flavobacteriia;Flavobacteriales;Flavobacteriaceae;Capnocytophaga;sp. HMT-338	species	338		0.146	0.146	0.0	0.463	0.361	43.704
Bacteria;Bacteroidota;Flavobacteriia;Flavobacteriales;Flavobacteriaceae;Capnocytophaga;sp. HMT-863	species	863		0.057	0.057	0.0	0.059	0.344	23.704
Bacteria;Bacteroidota;Flavobacteriia;Flavobacteriales;Flavobacteriaceae;Capnocytophaga;sp. HMT-864	species	864		0.053	0.053	0.0	0.083	0.205	28.148
Bacteria;Bacteroidota;Flavobacteriia;Flavobacteriales;Flavobacteriaceae;Capnocytophaga;sp. HMT-901	species	901		0.046	0.046	0.0	0.034	0.34	20.988
Bacteria;Bacteroidota;Flavobacteriia;Flavobacteriales;Flavobacteriaceae;Capnocytophaga;sputigena	species	775		2.083	2.083	0.064	5.243	2.764	93.58
Bacteria;Bacteroidota;Flavobacteriia;Flavobacteriales;Weeksellaceae;Riemerella;sp. HMT-322	species	322		1.033	1.033	0.102	2.471	1.106	97.778
Bacteria;Bacteroidota;Flavobacteriia;Flavobacteriales;Weeksellaceae;Weeksellaceae [G1];bacterium HMT-907	species	907		0.104	0.104	0.0	0.351	0.196	52.099
Bacteria;Bacillota;Bacilli;Caryophanales;Gemellaceae;Gemella;morbillorum	species	046		0.24	0.24	0.0	0.585	0.309	88.148
Bacteria;Bacillota;Bacilli;Lactobacillales;Aerococcaceae;Abiotrophia;defectiva	species	389		0.334	0.334	0.0	0.758	0.916	65.185
Bacteria;Bacillota;Bacilli;Lactobacillales;Carnobacteriaceae;Granulicatella;adiacens	species	534		0.474	0.474	0.032	1.055	0.603	94.815
Bacteria;Bacillota;Bacilli;Lactobacillales;Carnobacteriaceae;Granulicatella;elegans	species	596		0.057	0.057	0.0	0.114	0.204	44.691
Bacteria;Bacillota;Bacilli;Lactobacillales;Lactobacillaceae;Lactobacillus;iners	species	838		0.009	0.009	0.0	0.0	0.12	7.16
Bacteria;Bacillota;Bacilli;Lactobacillales;Streptococcaceae;Lactococcus;lactis	species	804		0.033	0.033	0.0	0.0	0.637	2.716
Bacteria;Bacillota;Bacilli;Lactobacillales;Streptococcaceae;Streptococcus;constellatus	species	576		0.036	0.036	0.0	0.092	0.109	33.086
Bacteria;Bacillota;Bacilli;Lactobacillales;Streptococcaceae;Streptococcus;intermedius	species	644		0.631	0.631	0.021	1.551	0.869	91.605
Bacteria;Bacillota;Bacilli;Lactobacillales;Streptococcaceae;Streptococcus;mutans	species	686		0.306	0.306	0.0	0.562	1.189	26.667
Bacteria;Bacillota;Bacilli;Lactobacillales;Streptococcaceae;Streptococcus;sanguinis	species	758		3.742	3.742	0.382	8.905	4.626	99.012
Bacteria;Bacillota;Clostridia;Eubacteriales;Lachnospiraceae;Butyrivibrio;sp. HMT-080	species	080		0.023	0.023	0.0	0.044	0.105	15.062
Bacteria;Bacillota;Clostridia;Eubacteriales;Lachnospiraceae;Catonella;morbi	species	165		0.263	0.263	0.0	0.632	0.368	81.975
Bacteria;Bacillota;Clostridia;Eubacteriales;Lachnospiraceae;Johnsonella;ignava	species	635		0.057	0.057	0.0	0.156	0.188	28.642
Bacteria;Bacillota;Clostridia;Eubacteriales;Lachnospiraceae;Johnsonella;sp. HMT-166	species	166		0.036	0.036	0.0	0.021	0.18	12.099
Bacteria;Bacillota;Clostridia;Eubacteriales;Lachnospiraceae;Lachnoanaerobaculum;orale	species	082	Reads equidistant to HMT-082 and HMT-494 were assigned to each taxon in proportion to the abundance of HMT-082 and HMT-494 individually at this body site (SUBP).	0.067	0.067	0.0	0.184	0.161	51.358
Bacteria;Bacillota;Clostridia;Eubacteriales;Lachnospiraceae;Lachnoanaerobaculum;saburreum	species	494	Reads equidistant to HMT-082 and HMT-494 were assigned to each taxon in proportion to the abundance of HMT-082 and HMT-494 individually at this body site (SUBP).	0.15	0.15	0.0	0.454	0.317	52.84
Bacteria;Bacillota;Clostridia;Eubacteriales;Lachnospiraceae;Lachnoanaerobaculum;sp. HMT-083	species	083	Reads equidistant to HMT-083 and HMT-107 were assigned to each taxon in proportion to the abundance of HMT-083 and HMT-107 individually at this body site (SUBP).	0.092	0.092	0.0	0.244	0.186	67.901
Bacteria;Bacillota;Clostridia;Eubacteriales;Lachnospiraceae;Lachnoanaerobaculum;umeaense	species	107	Reads equidistant to HMT-083 and HMT-107 were assigned to each taxon in proportion to the abundance of HMT-083 and HMT-107 individually at this body site (SUBP).	0.128	0.128	0.0	0.35	0.32	56.296
Bacteria;Bacillota;Clostridia;Eubacteriales;Lachnospiraceae;Lachnospiraceae [G2];bacterium HMT-088	species	088		0.02	0.02	0.0	0.034	0.099	13.827
Bacteria;Bacillota;Clostridia;Eubacteriales;Lachnospiraceae;Lachnospiraceae [G3];bacterium HMT-100	species	100		0.129	0.129	0.0	0.404	0.211	64.691
Bacteria;Bacillota;Clostridia;Eubacteriales;Lachnospiraceae;Lachnospiraceae [G8];bacterium HMT-500	species	500		0.03	0.03	0.0	0.062	0.129	18.765
Bacteria;Bacillota;Clostridia;Eubacteriales;Lachnospiraceae;Oribacterium;sinus	species	457		0.018	0.018	0.0	0.041	0.09	27.407
Bacteria;Bacillota;Clostridia;Eubacteriales;Lachnospiraceae;Oribacterium;sp. HMT-078	species	078		0.106	0.106	0.0	0.277	0.262	54.568
Bacteria;Bacillota;Clostridia;Eubacteriales;Lachnospiraceae;Shuttleworthia;satelles	species	095		0.014	0.014	0.0	0.017	0.068	13.827
Bacteria;Bacillota;Clostridia;Eubacteriales;Lachnospiraceae;Stomatobaculum;longum	species	419		0.069	0.069	0.0	0.168	0.239	44.691
Bacteria;Bacillota;Clostridia;Eubacteriales;Peptococcaceae;Peptococcus;sp. HMT-167	species	167		0.03	0.03	0.0	0.114	0.072	30.864
Bacteria;Bacillota;Clostridia;Eubacteriales;Peptococcaceae;Peptococcus;sp. HMT-168	species	168		0.015	0.015	0.0	0.047	0.045	20.0
Bacteria;Bacillota;Clostridia;Eubacteriales;Anaerovoracaceae;Mogibacterium;diversum	species	593		0.037	0.037	0.0	0.105	0.094	46.667
Bacteria;Bacillota;Clostridia;Eubacteriales;Peptostreptococcaceae;Peptostreptococcaceae [G1 "Eubacterium"];infirmum	species	105		0.02	0.02	0.0	0.062	0.056	28.642
Bacteria;Bacillota;Clostridia;Eubacteriales;Peptostreptococcaceae;Peptostreptococcaceae [G7 "Eubacterium"];bacterium HMT-081	species	081		0.036	0.036	0.0	0.08	0.123	19.506
Bacteria;Bacillota;Clostridia;Eubacteriales;Peptostreptococcaceae;Peptostreptococcaceae [G9 "Eubacterium"];brachy	species	557		0.16	0.16	0.0	0.458	0.251	67.654
Bacteria;Bacillota;Clostridia;Eubacteriales;Peptostreptococcaceae;Peptostreptococcus;stomatis	species	112		0.07	0.07	0.0	0.213	0.167	41.235
Bacteria;Bacillota;Clostridia;Eubacteriales;Ruminococcaceae;Ruminococcaceae [G1];bacterium HMT-075	species	075		0.071	0.071	0.0	0.205	0.181	40.741
Bacteria;Bacillota;Clostridia;Eubacteriales;Ruminococcaceae;Ruminococcaceae [G2];bacterium HMT-085	species	085		0.019	0.019	0.0	0.034	0.124	21.235
Bacteria;Bacillota;Negativicutes;Selenomonadales;Selenomonadaceae;Centipeda;periodontii	species	726		0.042	0.042	0.0	0.104	0.133	33.827
Bacteria;Bacillota;Negativicutes;Selenomonadales;Selenomonadaceae;Mitsuokella;multacida	species	684		0.009	0.009	0.0	0.0	0.081	2.716
Bacteria;Bacillota;Negativicutes;Selenomonadales;Selenomonadaceae;Mitsuokella;sp. HMT-521	species	521		0.05	0.05	0.0	0.0	0.505	6.42
Bacteria;Bacillota;Negativicutes;Selenomonadales;Selenomonadaceae;Selenomonas;artemidis	species	124	Reads equidistant to HMT-124 and HMT-137 were assigned to each taxon in proportion to the abundance of HMT-124 and HMT-137 individually at this body site (SUBP).	0.089	0.089	0.0	0.234	0.229	63.21
Bacteria;Bacillota;Negativicutes;Selenomonadales;Selenomonadaceae;Selenomonas;flueggei	species	125		0.022	0.022	0.0	0.066	0.059	30.864
Bacteria;Bacillota;Negativicutes;Selenomonadales;Selenomonadaceae;Selenomonas;infelix	species	639	Some of the reads equidistant from these taxa (479-481-639) are included in HMT-639 because they are too close to differentiate at this site (SUBP).;Some of the reads equidistant from these taxa (479-481-639-919) are included in HMT-639 because they are too close to differentiate at this site (SUBP).	0.313	0.313	0.0	0.835	0.569	78.025
Bacteria;Bacillota;Negativicutes;Selenomonadales;Selenomonadaceae;Selenomonas;noxia	species	130	Reads equidistant to HMT-130 and HMT-920 were assigned to each taxon in proportion to the abundance of HMT-130 and HMT-920 individually at this body site (SUBP).	0.677	0.677	0.0	2.065	1.086	84.198
Bacteria;Bacillota;Negativicutes;Selenomonadales;Selenomonadaceae;Selenomonas;sp. HMT-133	species	133		0.012	0.012	0.0	0.005	0.065	10.123
Bacteria;Bacillota;Negativicutes;Selenomonadales;Selenomonadaceae;Selenomonas;sp. HMT-137	species	137	Reads equidistant to HMT-124 and HMT-137 were assigned to each taxon in proportion to the abundance of HMT-124 and HMT-137 individually at this body site (SUBP).	0.224	0.224	0.0	0.57	0.442	72.593
Bacteria;Bacillota;Negativicutes;Selenomonadales;Selenomonadaceae;Selenomonas;sp. HMT-146	species	146	Reads equidistant to HMT-146 and HMT-920 were assigned to each taxon in proportion to the abundance of HMT-146 and HMT-920 individually at this body site (SUBP).	0.073	0.073	0.0	0.178	0.184	61.728
Bacteria;Bacillota;Negativicutes;Selenomonadales;Selenomonadaceae;Selenomonas;sp. HMT-920	species	920	Reads equidistant to HMT-130 and HMT-920 were assigned to each taxon in proportion to the abundance of HMT-130 and HMT-920 individually at this body site (SUBP).	0.121	0.121	0.0	0.33	0.212	75.802
Bacteria;Bacillota;Negativicutes;Selenomonadales;Selenomonadaceae;Selenomonadaceae [G1];bacterium HMT-129	species	129		0.019	0.019	0.0	0.054	0.07	18.272
Bacteria;Bacillota;Negativicutes;Selenomonadales;Selenomonadaceae;Selenomonadaceae [G1];bacterium HMT-135	species	135		0.01	0.01	0.0	0.0	0.078	7.901
Bacteria;Bacillota;Negativicutes;Selenomonadales;Selenomonadaceae;Selenomonadaceae [G1];bacterium HMT-155	species	155		0.114	0.114	0.0	0.286	0.31	42.469
Bacteria;Bacillota;Negativicutes;Veillonellales;Veillonellaceae;Anaeroglobus;geminatus	species	121		0.042	0.042	0.0	0.074	0.173	21.235
Bacteria;Bacillota;Negativicutes;Veillonellales;Veillonellaceae;Dialister;invisus	species	118		0.439	0.439	0.0	1.19	0.771	79.753
Bacteria;Bacillota;Negativicutes;Veillonellales;Veillonellaceae;Megasphaera;micronuciformis	species	122		0.034	0.034	0.0	0.038	0.21	21.728
Bacteria;Bacillota;Negativicutes;Veillonellales;Veillonellaceae;Veillonella;atypica	species	524		0.126	0.126	0.0	0.077	1.084	40.0
Bacteria;Bacillota;Negativicutes;Veillonellales;Veillonellaceae;Veillonella;denticariosi	species	887	Reads equidistant to HMT-161 and HMT-887 were assigned to each taxon in proportion to the abundance of HMT-161 and HMT-887 individually at this body site (SUBP).	0.021	0.021	0.0	0.019	0.148	35.556
Bacteria;Bacillota;Negativicutes;Veillonellales;Veillonellaceae;Veillonella;dispar	species	160	Reads equidistant to HMT-160 and HMT-161 were assigned to each taxon in proportion to the abundance of HMT-160 and HMT-161 individually at this body site (SUBP).	0.392	0.392	0.02	0.869	1.048	98.519
Bacteria;Bacillota;Negativicutes;Veillonellales;Veillonellaceae;Veillonella;parvula	species	161	Reads equidistant to HMT-160 and HMT-161 were assigned to each taxon in proportion to the abundance of HMT-160 and HMT-161 individually at this body site (SUBP).	4.635	4.635	0.341	11.404	5.815	99.506
Bacteria;Bacillota;Negativicutes;Veillonellales;Veillonellaceae;Veillonella;sp. HMT-780	species	780		0.054	0.054	0.0	0.094	0.276	27.407
Bacteria;Bacillota;Clostridia;Eubacteriales;Peptoniphilaceae;Anaerococcus;octavius	species	017		0.009	0.009	0.0	0.0	0.125	1.728
Bacteria;Bacillota;Clostridia;Eubacteriales;Peptoniphilaceae;Finegoldia;magna	species	662		0.004	0.004	0.0	0.0	0.055	1.481
Bacteria;Bacillota;Clostridia;Eubacteriales;Peptoniphilaceae;Parvimonas;micra	species	111	Some of the reads equidistant from these taxa (110-111-393) are included in HMT-111 because they are too close to differentiate at this site (SUBP).	0.583	0.583	0.0	1.404	0.725	86.667
Bacteria;Fusobacteriota;Fusobacteriia;Fusobacteriales;Fusobacteriaceae;Fusobacterium;naviforme	species	689	Reads equidistant to HMT-200 and HMT-689 were assigned to each taxon in proportion to the abundance of HMT-200 and HMT-689 individually at this body site (SUBP).	0.77	0.77	0.006	1.741	1.551	92.84
Bacteria;Fusobacteriota;Fusobacteriia;Fusobacteriales;Fusobacteriaceae;Fusobacterium;animalis	species	420		3.033	3.033	0.067	7.484	4.702	96.296
Bacteria;Fusobacteriota;Fusobacteriia;Fusobacteriales;Fusobacteriaceae;Fusobacterium;polymorphum	species	202	Because HMT-953 is not present individually, all equidistant reads were assigned to HMT-202 at this body site (SUBP).;Some of the reads equidistant from these taxa (202-203-370-953) are included in HMT-202 because they are too close to differentiate at this site (SUBP).;Some of the reads equidistant from these taxa (202-370-953) are included in HMT-202 because they are too close to differentiate at this site (SUBP).;Some of the reads equidistant from these taxa (202-203-698) are included in HMT-202 because they are too close to differentiate at this site (SUBP).	2.364	2.364	0.343	5.046	2.027	98.519
Bacteria;Fusobacteriota;Fusobacteriia;Fusobacteriales;Fusobacteriaceae;Fusobacterium;vincentii	species	200	Reads equidistant to HMT-200 and HMT-689 were assigned to each taxon in proportion to the abundance of HMT-200 and HMT-689 individually at this body site (SUBP).	4.618	4.618	0.147	13.221	6.044	97.531
Bacteria;Fusobacteriota;Fusobacteriia;Fusobacteriales;Fusobacteriaceae;Fusobacterium;periodonticum	species	201		0.258	0.258	0.0	0.713	0.523	74.815
Bacteria;Fusobacteriota;Fusobacteriia;Fusobacteriales;Fusobacteriaceae;Fusobacterium;sp. HMT-203	species	203	Reads equidistant to HMT-202 and HMT-203 were assigned to each taxon in proportion to the abundance of HMT-202 and HMT-203 individually at this body site (SUBP).;Some of the reads equidistant from these taxa (202-203-370-953) are included in HMT-203 because they are too close to differentiate at this site (SUBP).;Some of the reads equidistant from these taxa (202-203-698) are included in HMT-203 because they are too close to differentiate at this site (SUBP).	1.937	1.937	0.155	4.471	2.508	98.272
Bacteria;Fusobacteriota;Fusobacteriia;Fusobacteriales;Fusobacteriaceae;Fusobacterium;sp. HMT-370	species	370	Some of the reads equidistant from these taxa (202-203-370-953) are included in HMT-370 because they are too close to differentiate at this site (SUBP).;Some of the reads equidistant from these taxa (202-370-953) are included in HMT-370 because they are too close to differentiate at this site (SUBP).	0.086	0.086	0.0	0.211	0.235	64.691
Bacteria;Fusobacteriota;Fusobacteriia;Fusobacteriales;Leptotrichiaceae;Leptotrichia;buccalis	species	563	Reads equidistant to HMT-225 and HMT-563 were assigned to each taxon in proportion to the abundance of HMT-225 and HMT-563 individually at this body site (SUBP).	0.423	0.423	0.0	1.15	0.997	59.012
Bacteria;Fusobacteriota;Fusobacteriia;Fusobacteriales;Leptotrichiaceae;Leptotrichia;hofstadii	species	224		0.291	0.291	0.0	0.829	0.711	54.815
Bacteria;Fusobacteriota;Fusobacteriia;Fusobacteriales;Leptotrichiaceae;Leptotrichia;hongkongensis	species	213		0.565	0.565	0.0	1.556	1.061	76.049
Bacteria;Fusobacteriota;Fusobacteriia;Fusobacteriales;Leptotrichiaceae;Leptotrichia;shahii	species	214		0.018	0.018	0.0	0.02	0.113	14.074
Bacteria;Fusobacteriota;Fusobacteriia;Fusobacteriales;Leptotrichiaceae;Pseudoleptotrichia;sp. HMT-212	species	212		0.685	0.685	0.0	1.695	0.931	89.63
Bacteria;Fusobacteriota;Fusobacteriia;Fusobacteriales;Leptotrichiaceae;Pseudoleptotrichia;sp. HMT-215	species	215		0.082	0.082	0.0	0.201	0.206	54.815
Bacteria;Fusobacteriota;Fusobacteriia;Fusobacteriales;Leptotrichiaceae;Leptotrichia;sp. HMT-218	species	218		0.025	0.025	0.0	0.0	0.48	3.704
Bacteria;Fusobacteriota;Fusobacteriia;Fusobacteriales;Leptotrichiaceae;Leptotrichia;sp. HMT-223	species	223		0.066	0.066	0.0	0.165	0.296	32.099
Bacteria;Fusobacteriota;Fusobacteriia;Fusobacteriales;Leptotrichiaceae;Leptotrichia;sp. HMT-225	species	225	Reads equidistant to HMT-225 and HMT-563 were assigned to each taxon in proportion to the abundance of HMT-225 and HMT-563 individually at this body site (SUBP).	0.276	0.276	0.0	0.649	0.891	52.099
Bacteria;Fusobacteriota;Fusobacteriia;Fusobacteriales;Leptotrichiaceae;Pseudoleptotrichia;sp. HMT-392	species	392		0.43	0.43	0.0	1.205	0.758	75.556
Bacteria;Fusobacteriota;Fusobacteriia;Fusobacteriales;Leptotrichiaceae;Leptotrichia;sp. HMT-417	species	417		0.172	0.172	0.0	0.208	0.674	39.753
Bacteria;Fusobacteriota;Fusobacteriia;Fusobacteriales;Leptotrichiaceae;Leptotrichia;sp. HMT-498	species	498		0.066	0.066	0.0	0.04	0.387	14.568
Bacteria;Fusobacteriota;Fusobacteriia;Fusobacteriales;Leptotrichiaceae;Leptotrichia;sp. HMT-879	species	879		0.015	0.015	0.0	0.0	0.114	7.901
Bacteria;Fusobacteriota;Fusobacteriia;Fusobacteriales;Leptotrichiaceae;Leptotrichia;sp. HMT-909	species	909		0.012	0.012	0.0	0.0	0.096	8.148
Bacteria;Fusobacteriota;Fusobacteriia;Fusobacteriales;Leptotrichiaceae;Leptotrichia;wadei	species	222		0.479	0.479	0.0	1.303	1.391	52.346
Bacteria;Fusobacteriota;Fusobacteriia;Fusobacteriales;Leptotrichiaceae;Pseudoleptotrichia;goodfellowii	species	845		0.183	0.183	0.0	0.607	0.457	50.37
Bacteria;Fusobacteriota;Fusobacteriia;Fusobacteriales;Leptotrichiaceae;Pseudoleptotrichia;sp. HMT-219	species	219		0.149	0.149	0.0	0.411	0.361	45.185
Bacteria;Fusobacteriota;Fusobacteriia;Fusobacteriales;Leptotrichiaceae;Leptotrichia;sp. HMT-221	species	221		0.029	0.029	0.0	0.045	0.147	23.457
Bacteria;Patescibacteria;Patescibacteria [C1];Patescibacteria [C1 O1];Patescibacteria [C1 O1 F1];Patescibacteria [C1 O1 F1 G1];bacterium HMT-871	species	871		0.019	0.019	0.0	0.022	0.08	11.605
Bacteria;Patescibacteria;Patescibacteria [C1];Patescibacteria [C1 O1];Patescibacteria [C1 O1 F1];Patescibacteria [C1 O1 F1 G1];bacterium HMT-872	species	872		0.095	0.095	0.0	0.299	0.274	38.519
Bacteria;Pseudomonadota;Alphaproteobacteria;Caulobacterales;Caulobacteraceae;Caulobacter;sp. HMT-002	species	002		0.007	0.007	0.0	0.0	0.14	1.235
Bacteria;Pseudomonadota;Alphaproteobacteria;Sphingomonadales;Sphingomonadaceae;Sphingomonas;sp. HMT-004	species	004		0.016	0.016	0.0	0.0	0.118	6.667
Bacteria;Pseudomonadota;Betaproteobacteria;Burkholderiales;Burkholderiaceae;Lautropia;mirabilis	species	022		2.979	2.979	0.031	7.794	4.504	93.58
Bacteria;Pseudomonadota;Betaproteobacteria;Burkholderiales;Burkholderiaceae;Ralstonia;sp. HMT-406	species	406		0.047	0.047	0.0	0.0	0.496	5.679
Bacteria;Pseudomonadota;Betaproteobacteria;Burkholderiales;Comamonadaceae;Ottowia;sp. HMT-894	species	894		0.242	0.242	0.0	0.753	0.647	41.481
Bacteria;Pseudomonadota;Betaproteobacteria;Neisseriales;Neisseriaceae;Eikenella;corrodens	species	577		0.561	0.561	0.083	1.159	0.531	97.284
Bacteria;Pseudomonadota;Betaproteobacteria;Neisseriales;Neisseriaceae;Kingella;denitrificans	species	582		0.361	0.361	0.0	0.724	1.093	69.136
Bacteria;Pseudomonadota;Betaproteobacteria;Neisseriales;Neisseriaceae;Kingella;oralis	species	706		1.386	1.386	0.076	3.286	2.241	96.79
Bacteria;Pseudomonadota;Betaproteobacteria;Neisseriales;Neisseriaceae;Neisseria;bacilliformis	species	013		0.107	0.107	0.0	0.365	0.325	28.395
Bacteria;Pseudomonadota;Betaproteobacteria;Neisseriales;Neisseriaceae;Neisseria;flavescens	species	610	Reads equidistant to HMT-476 and HMT-610 were assigned to each taxon in proportion to the abundance of HMT-476 and HMT-610 individually at this body site (SUBP).	0.013	0.013	0.0	0.026	0.053	41.481
Bacteria;Pseudomonadota;Betaproteobacteria;Neisseriales;Neisseriaceae;Neisseria;oralis	species	014		0.464	0.464	0.0	0.857	2.163	38.765
Bacteria;Pseudomonadota;Betaproteobacteria;Neisseriales;Neisseriaceae;Neisseria;sp. HMT-018	species	018		0.117	0.117	0.0	0.147	0.526	21.235
Bacteria;Pseudomonadota;Betaproteobacteria;Neisseriales;Neisseriaceae;Neisseria;sp. HMT-020	species	020		0.014	0.014	0.0	0.0	0.143	2.963
Bacteria;Pseudomonadota;Betaproteobacteria;Neisseriales;Neisseriaceae;Neisseria;subflava	species	476	Reads equidistant to HMT-476 and HMT-610 were assigned to each taxon in proportion to the abundance of HMT-476 and HMT-610 individually at this body site (SUBP).;Some of the reads equidistant from these taxa (101-476-682) are included in HMT-476 because they are too close to differentiate at this site (SUBP).	0.492	0.492	0.0	1.367	1.346	73.333
Bacteria;Pseudomonadota;Epsilonproteobacteria;Campylobacterales;Campylobacteraceae;Campylobacter;concisus	species	575		0.203	0.203	0.0	0.558	0.36	78.765
Bacteria;Pseudomonadota;Epsilonproteobacteria;Campylobacterales;Campylobacteraceae;Campylobacter;gracilis	species	623		0.638	0.638	0.033	1.504	0.682	92.346
Bacteria;Pseudomonadota;Gammaproteobacteria;Cardiobacteriales;Cardiobacteriaceae;Cardiobacterium;hominis	species	633		0.272	0.272	0.0	0.647	0.366	88.889
Bacteria;Pseudomonadota;Gammaproteobacteria;Cardiobacteriales;Cardiobacteriaceae;Cardiobacterium;valvarum	species	540		0.059	0.059	0.0	0.139	0.13	55.802
Bacteria;Pseudomonadota;Gammaproteobacteria;Enterobacterales;Enterobacteriaceae;Enterobacter;cancerogenus	species	565	Because HMT-634 is not present individually, all equidistant reads were assigned to HMT-565 at this body site (SUBP).	0.01	0.01	0.0	0.0	0.097	4.444
Bacteria;Pseudomonadota;Gammaproteobacteria;Enterobacterales;Yersiniaceae;Yersinia;pestis	species	827		0.003	0.003	0.0	0.0	0.047	1.481
Bacteria;Pseudomonadota;Gammaproteobacteria;Pasteurellales;Pasteurellaceae;Aggregatibacter;aphrophilus	species	545	Because HMT-720 is not present individually, all equidistant reads were assigned to HMT-545 at this body site (SUBP).	1.033	1.033	0.0	2.894	2.201	71.605
Bacteria;Pseudomonadota;Gammaproteobacteria;Pasteurellales;Pasteurellaceae;Aggregatibacter;sp. HMT-458	species	458		0.329	0.329	0.0	1.017	0.619	68.395
Bacteria;Pseudomonadota;Gammaproteobacteria;Pasteurellales;Pasteurellaceae;Aggregatibacter;sp. HMT-898	species	898		0.036	0.036	0.0	0.043	0.166	20.741
Bacteria;Pseudomonadota;Gammaproteobacteria;Pasteurellales;Pasteurellaceae;Aggregatibacter;sp. HMT-949	species	949		0.017	0.017	0.0	0.0	0.191	9.383
Bacteria;Pseudomonadota;Gammaproteobacteria;Pasteurellales;Pasteurellaceae;Haemophilus;parahaemolyticus	species	945	Reads equidistant to HMT-035 and HMT-945 were assigned to each taxon in proportion to the abundance of HMT-035 and HMT-945 individually at this body site (SUBP).	0.07	0.07	0.0	0.133	0.233	48.148
Bacteria;Pseudomonadota;Gammaproteobacteria;Pasteurellales;Pasteurellaceae;Haemophilus;parainfluenzae	species	718		4.882	4.882	0.213	13.094	6.249	99.012
Bacteria;Pseudomonadota;Gammaproteobacteria;Pasteurellales;Pasteurellaceae;Haemophilus;paraphrohaemolyticus	species	035	Reads equidistant to HMT-035 and HMT-945 were assigned to each taxon in proportion to the abundance of HMT-035 and HMT-945 individually at this body site (SUBP).	0.102	0.102	0.0	0.176	0.505	45.432
Bacteria;Pseudomonadota;Gammaproteobacteria;Pasteurellales;Pasteurellaceae;Haemophilus;pittmaniae	species	946		0.033	0.033	0.0	0.089	0.075	40.741
Bacteria;Pseudomonadota;Gammaproteobacteria;Pseudomonadales;Moraxellaceae;Acinetobacter;lwoffii	species	005		0.005	0.005	0.0	0.0	0.095	0.988
Bacteria;Pseudomonadota;Gammaproteobacteria;Pseudomonadales;Moraxellaceae;Moraxella;sp. HMT-276	species	276		0.022	0.022	0.0	0.0	0.33	1.481
Bacteria;Candidatus Saccharimonadota;Saccharimonadota [C1];Saccharimonadota [C1 O1];Saccharimonadota [C1 O1 F1];Saccharimonadota [C1 O1 F1 G1];bacterium HMT-346	species	346		0.026	0.026	0.0	0.062	0.073	39.259
Bacteria;Spirochaetota;Spirochaetia;Spirochaetales;Treponemataceae;Treponema;denticola	species	584		0.258	0.258	0.0	0.847	0.792	34.074
Bacteria;Spirochaetota;Spirochaetia;Spirochaetales;Treponemataceae;Treponema;lecithinolyticum	species	653		0.117	0.117	0.0	0.348	0.332	32.099
Bacteria;Spirochaetota;Spirochaetia;Spirochaetales;Treponemataceae;Treponema;maltophilum	species	664		0.121	0.121	0.0	0.328	0.299	44.691
Bacteria;Spirochaetota;Spirochaetia;Spirochaetales;Treponemataceae;Treponema;socranskii	species	769		0.666	0.666	0.0	1.862	1.082	74.321
Bacteria;Spirochaetota;Spirochaetia;Spirochaetales;Treponemataceae;Treponema;sp. HMT-230	species	230		0.048	0.048	0.0	0.106	0.21	23.704
Bacteria;Spirochaetota;Spirochaetia;Spirochaetales;Treponemataceae;Treponema;sp. HMT-234	species	234		0.036	0.036	0.0	0.014	0.175	10.617
Bacteria;Spirochaetota;Spirochaetia;Spirochaetales;Treponemataceae;Treponema;sp. HMT-237	species	237		0.297	0.297	0.0	0.814	0.85	40.741
Bacteria;Spirochaetota;Spirochaetia;Spirochaetales;Treponemataceae;Treponema;sp. HMT-253	species	253		0.058	0.058	0.0	0.121	0.231	16.79
Bacteria;Spirochaetota;Spirochaetia;Spirochaetales;Treponemataceae;Treponema;sp. HMT-257	species	257		0.064	0.064	0.0	0.062	0.37	16.049
Bacteria;Spirochaetota;Spirochaetia;Spirochaetales;Treponemataceae;Treponema;sp. HMT-262	species	262		0.032	0.032	0.0	0.044	0.158	15.309
Bacteria;Spirochaetota;Spirochaetia;Spirochaetales;Treponemataceae;Treponema;vincentii	species	029	Because HMT-231 is not present individually, all equidistant reads were assigned to HMT-029 at this body site (SUBP).	0.421	0.421	0.0	1.33	0.69	57.531
Bacteria;Synergistota;Synergistia;Synergistales;Synergistaceae;Fretibacterium;fastidiosum	species	363		0.065	0.065	0.0	0.222	0.17	32.593
Bacteria;Synergistota;Synergistia;Synergistales;Synergistaceae;Fretibacterium;sp. HMT-359	species	359		0.055	0.055	0.0	0.133	0.181	20.494
Bacteria;Synergistota;Synergistia;Synergistales;Synergistaceae;Fretibacterium;sp. HMT-360	species	360		0.167	0.167	0.0	0.478	0.455	39.012
Bacteria;Mycoplasmatota;Mollicutes;Mycoplasmoidales;Metamycoplasmataceae;Metamycoplasma;salivarium	species	754		0.02	0.02	0.0	0.055	0.065	22.716
Bacteria;Actinomycetota;Actinomycetes;Mycobacteriales;Corynebacteriaceae;Corynebacterium;afermentans	species	030	Neither HMT-030 nor HMT-835 were present singularly so these reads were split evenly at this site (SUBP).	0.021	0.021	0.0	0.0	0.384	0.988
Bacteria;Actinomycetota;Actinomycetes;Mycobacteriales;Corynebacteriaceae;Corynebacterium;mucifaciens	species	835	Neither HMT-030 nor HMT-835 were present singularly so these reads were split evenly at this site (SUBP).	0.021	0.021	0.0	0.0	0.384	0.988
Bacteria;Bacillota;Bacilli;Caryophanales;Gemellaceae;Gemella;haemolysans	species	626	Neither HMT-626 nor HMT-757 were present singularly so these reads were split evenly at this site (SUBP).	0.247	0.247	0.012	0.413	1.424	94.074
Bacteria;Bacillota;Bacilli;Caryophanales;Gemellaceae;Gemella;sanguinis	species	757	Neither HMT-626 nor HMT-757 were present singularly so these reads were split evenly at this site (SUBP).	0.247	0.247	0.012	0.413	1.424	94.074
Bacteria;Bacillota;Bacilli;Lactobacillales;Lactobacillaceae;Lactobacillus;acidophilus	species	529	Neither HMT-529 nor HMT-817 were present singularly so these reads were split evenly at this site (SUBP).	0.01	0.01	0.0	0.01	0.076	15.556
Bacteria;Bacillota;Bacilli;Lactobacillales;Lactobacillaceae;Lactobacillus;crispatus	species	817	Neither HMT-529 nor HMT-817 were present singularly so these reads were split evenly at this site (SUBP).	0.01	0.01	0.0	0.01	0.076	15.556
Bacteria;Bacillota;Bacilli;Lactobacillales;Lactobacillaceae;Lactobacillus;gasseri	species	615	Neither HMT-615 nor HMT-819 were present singularly so these reads were split evenly at this site (SUBP).	0.013	0.013	0.0	0.0	0.231	4.198
Bacteria;Bacillota;Bacilli;Lactobacillales;Lactobacillaceae;Lactobacillus;johnsonii	species	819	Neither HMT-615 nor HMT-819 were present singularly so these reads were split evenly at this site (SUBP).	0.013	0.013	0.0	0.0	0.231	4.198
Bacteria;Bacillota;Negativicutes;Selenomonadales;Selenomonadaceae;Selenomonas;sp. HMT-138	species	138	Neither HMT-138 nor HMT-892 were present singularly so these reads were split evenly at this site (SUBP).	0.131	0.131	0.0	0.356	0.186	76.296
Bacteria;Bacillota;Negativicutes;Selenomonadales;Selenomonadaceae;Selenomonas;sp. HMT-892	species	892	Neither HMT-138 nor HMT-892 were present singularly so these reads were split evenly at this site (SUBP).	0.131	0.131	0.0	0.356	0.186	76.296
Bacteria;Bacillota;Negativicutes;Selenomonadales;Selenomonadaceae;Selenomonas;sp. HMT-126	species	126	Neither HMT-126 nor HMT-936 were present singularly so these reads were split evenly at this site (SUBP).	0.007	0.007	0.0	0.009	0.044	14.321
Bacteria;Bacillota;Negativicutes;Selenomonadales;Selenomonadaceae;Selenomonas;sp. HMT-936	species	936	Neither HMT-126 nor HMT-936 were present singularly so these reads were split evenly at this site (SUBP).	0.007	0.007	0.0	0.009	0.044	14.321
Bacteria;Bacillota;Negativicutes;Selenomonadales;Selenomonadaceae;Selenomonas;sputigena	species	151	Neither HMT-151 nor HMT-442 were present singularly so these reads were split evenly at this site (SUBP).	0.103	0.103	0.0	0.296	0.207	66.914
Bacteria;Bacillota;Negativicutes;Selenomonadales;Selenomonadaceae;Selenomonas;sp. HMT-442	species	442	Neither HMT-151 nor HMT-442 were present singularly so these reads were split evenly at this site (SUBP).	0.103	0.103	0.0	0.296	0.207	66.914
Bacteria;Bacillota;Negativicutes;Selenomonadales;Selenomonadaceae;Selenomonadaceae [G1];bacterium HMT-132	species	132	Neither HMT-132 nor HMT-150 were present singularly so these reads were split evenly at this site (SUBP).	0.046	0.046	0.0	0.103	0.163	36.79
Bacteria;Bacillota;Negativicutes;Selenomonadales;Selenomonadaceae;Selenomonadaceae [G1];bacterium HMT-150	species	150	Neither HMT-132 nor HMT-150 were present singularly so these reads were split evenly at this site (SUBP).	0.046	0.046	0.0	0.103	0.163	36.79
Bacteria;Pseudomonadota;Betaproteobacteria;Neisseriales;Neisseriaceae;Neisseria;polysaccharea	species	737	Neither HMT-737 nor HMT-956 were present singularly so these reads were split evenly at this site (SUBP).	0.01	0.01	0.0	0.012	0.069	14.074
Bacteria;Pseudomonadota;Betaproteobacteria;Neisseriales;Neisseriaceae;Neisseria;cinerea	species	956	Neither HMT-737 nor HMT-956 were present singularly so these reads were split evenly at this site (SUBP).	0.01	0.01	0.0	0.012	0.069	14.074
Bacteria;Pseudomonadota;Epsilonproteobacteria;Campylobacterales;Campylobacteraceae;Campylobacter;rectus	species	748	Neither HMT-748 nor HMT-763 were present singularly so these reads were split evenly at this site (SUBP).	0.241	0.241	0.0	0.576	0.327	88.642
Bacteria;Pseudomonadota;Epsilonproteobacteria;Campylobacterales;Campylobacteraceae;Campylobacter;showae	species	763	Neither HMT-748 nor HMT-763 were present singularly so these reads were split evenly at this site (SUBP).	0.241	0.241	0.0	0.576	0.327	88.642
Bacteria;Pseudomonadota;Gammaproteobacteria;Pasteurellales;Pasteurellaceae;Aggregatibacter;sp. HMT-512	species	512	Neither HMT-512 nor HMT-762 were present singularly so these reads were split evenly at this site (SUBP).	0.27	0.27	0.0	0.751	0.611	68.395
Bacteria;Pseudomonadota;Gammaproteobacteria;Pasteurellales;Pasteurellaceae;Aggregatibacter;segnis	species	762	Because HMT-513 is not present individually, all equidistant reads were assigned to HMT-762 at this body site (SUBP).	0.488	0.488	0.0	1.247	1.076	75.309
Bacteria;Spirochaetota;Spirochaetia;Spirochaetales;Treponemataceae;Treponema;sp. HMT-246	species	246	Neither HMT-246 nor HMT-247 were present singularly so these reads were split evenly at this site (SUBP).	0.017	0.017	0.0	0.0	0.103	7.901
Bacteria;Spirochaetota;Spirochaetia;Spirochaetales;Treponemataceae;Treponema;sp. HMT-247	species	247	Neither HMT-246 nor HMT-247 were present singularly so these reads were split evenly at this site (SUBP).	0.017	0.017	0.0	0.0	0.103	7.901
Bacteria;Bacteroidota;Bacteroidia;Bacteroidales;Prevotellaceae;Prevotella;sp. HMT-292	species	292	HMTs292-293-300 were not present singularly so these reads were split evenly at this body site (SUBP)	0.073	0.073	0.0	0.195	0.169	61.975
Bacteria;Bacteroidota;Bacteroidia;Bacteroidales;Prevotellaceae;Prevotella;sp. HMT-293	species	293	HMTs292-293-300 were not present singularly so these reads were split evenly at this body site (SUBP)	0.073	0.073	0.0	0.195	0.169	61.975
Bacteria;Bacteroidota;Bacteroidia;Bacteroidales;Prevotellaceae;Segatella;sp. HMT-300	species	300	HMTs292-293-300 were not present singularly so these reads were split evenly at this body site (SUBP)	0.073	0.073	0.0	0.195	0.169	61.975
Bacteria;Bacillota;Negativicutes;Selenomonadales;Selenomonadaceae;Selenomonas;sp. HMT-136	species	136	HMTs136-149-478 were not present singularly so these reads were split evenly at this body site (SUBP)	0.023	0.023	0.0	0.057	0.07	38.272
Bacteria;Bacillota;Negativicutes;Selenomonadales;Selenomonadaceae;Selenomonas;sp. HMT-149	species	149	HMTs136-149-478 were not present singularly so these reads were split evenly at this body site (SUBP)	0.023	0.023	0.0	0.057	0.07	38.272
Bacteria;Bacillota;Negativicutes;Selenomonadales;Selenomonadaceae;Selenomonas;sp. HMT-478	species	478	HMTs136-149-478 were not present singularly so these reads were split evenly at this body site (SUBP)	0.023	0.023	0.0	0.057	0.07	38.272
Bacteria;Bacillota;Bacilli;Lactobacillales;Streptococcaceae;Streptococcus;cristatus;clade-578	subspecies	578		0.018	0.018	0.0	0.035	0.097	28.642
Bacteria;Bacillota;Bacilli;Lactobacillales;Streptococcaceae;Streptococcus;oralis;subsp. dentisani clade-398	subspecies	398		0.17	0.17	0.0	0.354	0.439	84.198
Bacteria;Bacillota;Clostridia;Eubacteriales;Peptostreptococcaceae;Peptostreptococcaceae [G7 "Eubacterium"];yurii;subsps. yurii&margaretiae	subspecies	377		0.332	0.332	0.0	0.885	0.42	80.0
Bacteria;Bacillota;Bacilli;Lactobacillales;Lactobacillaceae;Limosilactobacillus;reuteri;clade-818	subspecies	818	Neither HMT-818 nor HMT-938 were present singularly so these reads were split evenly at this site (SUBP).	0.003	0.003	0.0	0.0	0.032	2.716
Bacteria;Bacillota;Bacilli;Lactobacillales;Lactobacillaceae;Limosilactobacillus;reuteri;clade-938	subspecies	938	Neither HMT-818 nor HMT-938 were present singularly so these reads were split evenly at this site (SUBP).	0.003	0.003	0.0	0.0	0.032	2.716
UNMATCHED				1.304	1.304	0.066	2.975	2.978	98.025
Bacteria;Bacillota;Bacilli;Lactobacillales;Streptococcaceae;Streptococcus;cristatus	species		combined from subspecies	0.018	0.018	0.0	0.035	0.097	28.642
Bacteria;Bacillota;Bacilli;Lactobacillales;Streptococcaceae;Streptococcus;oralis	species		combined from subspecies	0.17	0.17	0.0	0.354	0.439	84.198
Bacteria;Bacillota;Clostridia;Eubacteriales;Peptostreptococcaceae;Peptostreptococcaceae [G7 "Eubacterium"];yurii	species		combined from subspecies	0.332	0.332	0.0	0.885	0.42	80.0
Bacteria;Bacillota;Bacilli;Lactobacillales;Lactobacillaceae;Limosilactobacillus;reuteri	species		combined from subspecies	0.006	0.006	0.0	0.0	0.063	2.716
