Taxonomy	Rank	HMT	Notes	Max	THR-mean	THR-10p	THR-90p	THR-sd	THR-prev
Bacteria	domain			99.114	99.114	98.695	100.0	3.094	100.0
Bacteria;Actinomycetota	phylum			12.423	12.423	2.48	24.905	11.031	100.0
Bacteria;Bacteroidota	phylum			16.477	16.477	6.158	29.023	9.106	100.0
Bacteria;Bacillota	phylum			32.073	32.073	15.957	49.291	12.857	100.0
Bacteria;Fusobacteriota	phylum			15.637	15.637	3.942	30.132	10.645	99.377
Bacteria;Pseudomonadota	phylum			22.217	22.217	5.223	45.858	18.368	100.0
Bacteria;Candidatus Saccharimonadota	phylum			0.035	0.035	0.0	0.096	0.076	42.991
Bacteria;Spirochaetota	phylum			0.233	0.233	0.0	0.499	0.731	50.467
Bacteria;Synergistota	phylum			0.02	0.02	0.0	0.038	0.086	14.019
Bacteria;Actinomycetota;Actinomycetes	klass			11.477	11.477	2.277	23.01	10.735	99.688
Bacteria;Actinomycetota;Coriobacteriia	klass			0.945	0.945	0.015	2.491	1.132	90.966
Bacteria;Bacteroidota;Bacteroidia	klass			14.823	14.823	5.173	26.905	8.43	100.0
Bacteria;Bacteroidota;Flavobacteriia	klass			1.653	1.653	0.025	3.99	2.991	91.589
Bacteria;Bacillota;Bacilli	klass			6.018	6.018	0.89	13.418	6.132	100.0
Bacteria;Bacillota;Clostridia	klass			9.948	9.948	2.646	17.79	6.174	99.377
Bacteria;Bacillota;Erysipelotrichia	klass			0.027	0.027	0.0	0.083	0.068	39.875
Bacteria;Bacillota;Negativicutes	klass			16.079	16.079	5.135	30.225	9.632	100.0
Bacteria;Fusobacteriota;Fusobacteriia	klass			15.637	15.637	3.942	30.132	10.645	99.377
Bacteria;Pseudomonadota;Alphaproteobacteria	klass			0.221	0.221	0.0	0.163	1.242	22.43
Bacteria;Pseudomonadota;Betaproteobacteria	klass			8.634	8.634	0.279	22.035	12.657	98.442
Bacteria;Pseudomonadota;Epsilonproteobacteria	klass			1.735	1.735	0.147	3.938	1.564	95.016
Bacteria;Pseudomonadota;Gammaproteobacteria	klass			11.626	11.626	1.0	24.343	13.249	99.688
Bacteria;Candidatus Saccharimonadota;Saccharimonadota [C1]	klass			0.035	0.035	0.0	0.096	0.076	42.991
Bacteria;Spirochaetota;Spirochaetia	klass			0.233	0.233	0.0	0.499	0.731	50.467
Bacteria;Synergistota;Synergistia	klass			0.02	0.02	0.0	0.038	0.086	14.019
Bacteria;Actinomycetota;Actinomycetes;Actinomycetales	order			8.356	8.356	1.531	18.602	6.948	99.688
Bacteria;Actinomycetota;Actinomycetes;Bifidobacteriales	order			0.016	0.016	0.0	0.031	0.066	14.642
Bacteria;Actinomycetota;Actinomycetes;Mycobacteriales	order			0.715	0.715	0.0	0.656	4.013	62.305
Bacteria;Actinomycetota;Actinomycetes;Micrococcales	order			1.367	1.367	0.044	3.24	2.099	93.458
Bacteria;Actinomycetota;Actinomycetes;Propionibacteriales	order			1.024	1.024	0.0	0.604	6.766	44.237
Bacteria;Actinomycetota;Coriobacteriia;Coriobacteriales	order			0.945	0.945	0.015	2.491	1.132	90.966
Bacteria;Bacteroidota;Bacteroidia;Bacteroidales	order			14.823	14.823	5.173	26.905	8.43	100.0
Bacteria;Bacteroidota;Flavobacteriia;Flavobacteriales	order			1.653	1.653	0.025	3.99	2.991	91.589
Bacteria;Bacillota;Bacilli;Caryophanales	order			3.111	3.111	0.225	7.766	4.938	97.819
Bacteria;Bacillota;Bacilli;Lactobacillales	order			2.908	2.908	0.506	6.141	2.721	99.688
Bacteria;Bacillota;Clostridia;Eubacteriales	order			9.948	9.948	2.646	17.79	6.174	99.377
Bacteria;Bacillota;Erysipelotrichia;Erysipelotrichales	order			0.027	0.027	0.0	0.083	0.068	39.875
Bacteria;Bacillota;Negativicutes;Selenomonadales	order			1.769	1.769	0.035	4.345	3.038	92.523
Bacteria;Bacillota;Negativicutes;Veillonellales	order			14.311	14.311	4.625	27.686	9.053	100.0
Bacteria;Fusobacteriota;Fusobacteriia;Fusobacteriales	order			15.637	15.637	3.942	30.132	10.645	99.377
Bacteria;Pseudomonadota;Alphaproteobacteria;Caulobacterales	order			0.045	0.045	0.0	0.0	0.287	9.969
Bacteria;Pseudomonadota;Alphaproteobacteria;Hyphomicrobiales	order			0.019	0.019	0.0	0.0	0.151	6.231
Bacteria;Pseudomonadota;Alphaproteobacteria;Sphingomonadales	order			0.157	0.157	0.0	0.075	1.036	16.511
Bacteria;Pseudomonadota;Betaproteobacteria;Burkholderiales	order			0.559	0.559	0.0	1.059	1.899	68.536
Bacteria;Pseudomonadota;Betaproteobacteria;Neisseriales	order			8.076	8.076	0.161	21.173	12.574	96.262
Bacteria;Pseudomonadota;Epsilonproteobacteria;Campylobacterales	order			1.735	1.735	0.147	3.938	1.564	95.016
Bacteria;Pseudomonadota;Gammaproteobacteria;Enterobacterales	order			0.371	0.371	0.0	0.044	4.596	15.265
Bacteria;Pseudomonadota;Gammaproteobacteria;Pasteurellales	order			10.066	10.066	0.905	22.677	10.401	99.688
Bacteria;Pseudomonadota;Gammaproteobacteria;Pseudomonadales	order			1.189	1.189	0.0	0.225	7.728	24.611
Bacteria;Candidatus Saccharimonadota;Saccharimonadota [C1];Saccharimonadota [C1 O1]	order			0.035	0.035	0.0	0.096	0.076	42.991
Bacteria;Spirochaetota;Spirochaetia;Spirochaetales	order			0.233	0.233	0.0	0.499	0.731	50.467
Bacteria;Synergistota;Synergistia;Synergistales	order			0.02	0.02	0.0	0.038	0.086	14.019
Bacteria;Actinomycetota;Actinomycetes;Actinomycetales;Actinomycetaceae	family			8.356	8.356	1.531	18.602	6.948	99.688
Bacteria;Actinomycetota;Actinomycetes;Bifidobacteriales;Bifidobacteriaceae	family			0.016	0.016	0.0	0.031	0.066	14.642
Bacteria;Actinomycetota;Actinomycetes;Mycobacteriales;Corynebacteriaceae	family			0.697	0.697	0.0	0.591	3.882	61.682
Bacteria;Actinomycetota;Actinomycetes;Mycobacteriales;Lawsonellaceae	family			0.017	0.017	0.0	0.0	0.208	4.361
Bacteria;Actinomycetota;Actinomycetes;Micrococcales;Micrococcaceae	family			1.367	1.367	0.044	3.24	2.099	93.458
Bacteria;Actinomycetota;Actinomycetes;Propionibacteriales;Propionibacteriaceae	family			1.024	1.024	0.0	0.604	6.766	44.237
Bacteria;Actinomycetota;Coriobacteriia;Coriobacteriales;Atopobiaceae	family			0.945	0.945	0.015	2.491	1.132	90.966
Bacteria;Bacteroidota;Bacteroidia;Bacteroidales;Odoribacteraceae	family			0.107	0.107	0.0	0.126	0.523	23.053
Bacteria;Bacteroidota;Bacteroidia;Bacteroidales;Porphyromonadaceae	family			4.074	4.074	0.128	11.359	4.781	94.081
Bacteria;Bacteroidota;Bacteroidia;Bacteroidales;Prevotellaceae	family			10.38	10.38	3.244	19.14	6.901	100.0
Bacteria;Bacteroidota;Bacteroidia;Bacteroidales;Tannerellaceae	family			0.262	0.262	0.0	0.803	0.53	57.321
Bacteria;Bacteroidota;Flavobacteriia;Flavobacteriales;Flavobacteriaceae	family			1.388	1.388	0.0	3.747	2.836	86.604
Bacteria;Bacteroidota;Flavobacteriia;Flavobacteriales;Weeksellaceae	family			0.265	0.265	0.0	0.672	0.45	76.324
Bacteria;Bacillota;Bacilli;Caryophanales;Gemellaceae	family			3.111	3.111	0.225	7.766	4.938	97.819
Bacteria;Bacillota;Bacilli;Lactobacillales;Aerococcaceae	family			0.05	0.05	0.0	0.104	0.187	30.218
Bacteria;Bacillota;Bacilli;Lactobacillales;Carnobacteriaceae	family			2.182	2.182	0.197	4.651	2.248	98.442
Bacteria;Bacillota;Bacilli;Lactobacillales;Lactobacillaceae	family			0.045	0.045	0.0	0.004	0.46	10.28
Bacteria;Bacillota;Bacilli;Lactobacillales;Streptococcaceae	family			0.63	0.63	0.031	1.631	1.268	93.458
Bacteria;Bacillota;Clostridia;Eubacteriales;Lachnospiraceae	family			7.896	7.896	1.823	15.042	5.557	98.754
Bacteria;Bacillota;Clostridia;Eubacteriales;Peptococcaceae	family			0.08	0.08	0.0	0.234	0.198	42.368
Bacteria;Bacillota;Clostridia;Eubacteriales;Anaerovoracaceae	family			0.259	0.259	0.0	0.613	0.283	80.374
Bacteria;Bacillota;Clostridia;Eubacteriales;Peptostreptococcaceae	family			0.817	0.817	0.0	1.89	0.872	88.162
Bacteria;Bacillota;Clostridia;Eubacteriales;Ruminococcaceae	family			0.456	0.456	0.0	1.297	0.718	73.832
Bacteria;Bacillota;Erysipelotrichia;Erysipelotrichales;Erysipelotrichaceae	family			0.027	0.027	0.0	0.083	0.068	39.875
Bacteria;Bacillota;Negativicutes;Selenomonadales;Selenomonadaceae	family			1.769	1.769	0.035	4.345	3.038	92.523
Bacteria;Bacillota;Negativicutes;Veillonellales;Veillonellaceae	family			14.311	14.311	4.625	27.686	9.053	100.0
Bacteria;Bacillota;Clostridia;Eubacteriales;Peptoniphilaceae	family			0.441	0.441	0.0	0.958	1.89	67.913
Bacteria;Fusobacteriota;Fusobacteriia;Fusobacteriales;Fusobacteriaceae	family			8.024	8.024	1.277	16.689	6.815	98.754
Bacteria;Fusobacteriota;Fusobacteriia;Fusobacteriales;Leptotrichiaceae	family			7.613	7.613	0.634	19.707	8.0	97.508
Bacteria;Pseudomonadota;Alphaproteobacteria;Caulobacterales;Caulobacteraceae	family			0.045	0.045	0.0	0.0	0.287	9.969
Bacteria;Pseudomonadota;Alphaproteobacteria;Hyphomicrobiales;Nitrobacteraceae	family			0.019	0.019	0.0	0.0	0.151	6.231
Bacteria;Pseudomonadota;Alphaproteobacteria;Sphingomonadales;Sphingomonadaceae	family			0.157	0.157	0.0	0.075	1.036	16.511
Bacteria;Pseudomonadota;Betaproteobacteria;Burkholderiales;Burkholderiaceae	family			0.429	0.429	0.0	0.968	1.32	63.24
Bacteria;Pseudomonadota;Betaproteobacteria;Burkholderiales;Comamonadaceae	family			0.129	0.129	0.0	0.075	1.339	17.445
Bacteria;Pseudomonadota;Betaproteobacteria;Neisseriales;Neisseriaceae	family			8.076	8.076	0.161	21.173	12.574	96.262
Bacteria;Pseudomonadota;Epsilonproteobacteria;Campylobacterales;Campylobacteraceae	family			1.735	1.735	0.147	3.938	1.564	95.016
Bacteria;Pseudomonadota;Gammaproteobacteria;Enterobacterales;Enterobacteriaceae	family			0.371	0.371	0.0	0.044	4.596	15.265
Bacteria;Pseudomonadota;Gammaproteobacteria;Pasteurellales;Pasteurellaceae	family			10.066	10.066	0.905	22.677	10.401	99.688
Bacteria;Pseudomonadota;Gammaproteobacteria;Pseudomonadales;Moraxellaceae	family			1.189	1.189	0.0	0.225	7.728	24.611
Bacteria;Candidatus Saccharimonadota;Saccharimonadota [C1];Saccharimonadota [C1 O1];Saccharimonadota [C1 O1 F1]	family			0.035	0.035	0.0	0.096	0.076	42.991
Bacteria;Spirochaetota;Spirochaetia;Spirochaetales;Treponemataceae	family			0.233	0.233	0.0	0.499	0.731	50.467
Bacteria;Synergistota;Synergistia;Synergistales;Synergistaceae	family			0.02	0.02	0.0	0.038	0.086	14.019
Bacteria;Actinomycetota;Actinomycetes;Actinomycetales;Actinomycetaceae;Actinomyces	genus			2.567	2.567	0.165	5.911	3.235	95.639
Bacteria;Actinomycetota;Actinomycetes;Actinomycetales;Actinomycetaceae;Schaalia	genus			5.788	5.788	1.139	13.391	5.022	99.688
Bacteria;Actinomycetota;Actinomycetes;Bifidobacteriales;Bifidobacteriaceae;Bifidobacterium	genus			0.016	0.016	0.0	0.031	0.066	14.642
Bacteria;Actinomycetota;Actinomycetes;Mycobacteriales;Corynebacteriaceae;Corynebacterium	genus			0.697	0.697	0.0	0.591	3.882	61.682
Bacteria;Actinomycetota;Actinomycetes;Mycobacteriales;Lawsonellaceae;Lawsonella	genus			0.017	0.017	0.0	0.0	0.208	4.361
Bacteria;Actinomycetota;Actinomycetes;Micrococcales;Micrococcaceae;Rothia	genus			1.367	1.367	0.044	3.24	2.099	93.458
Bacteria;Actinomycetota;Actinomycetes;Propionibacteriales;Propionibacteriaceae;Arachnia	genus			0.019	0.019	0.0	0.0	0.141	7.788
Bacteria;Actinomycetota;Actinomycetes;Propionibacteriales;Propionibacteriaceae;Cutibacterium	genus			1.006	1.006	0.0	0.49	6.756	40.498
Bacteria;Actinomycetota;Coriobacteriia;Coriobacteriales;Atopobiaceae;Lancefieldella	genus			0.945	0.945	0.015	2.491	1.132	90.966
Bacteria;Bacteroidota;Bacteroidia;Bacteroidales;Odoribacteraceae;Odoribacteraceae [G3]	genus			0.046	0.046	0.0	0.015	0.357	10.28
Bacteria;Bacteroidota;Bacteroidia;Bacteroidales;Odoribacteraceae;Odoribacteraceae [G5]	genus			0.061	0.061	0.0	0.052	0.32	16.511
Bacteria;Bacteroidota;Bacteroidia;Bacteroidales;Porphyromonadaceae;Porphyromonas	genus			4.074	4.074	0.128	11.359	4.781	94.081
Bacteria;Bacteroidota;Bacteroidia;Bacteroidales;Prevotellaceae;Alloprevotella	genus			4.398	4.398	0.651	9.69	4.051	99.377
Bacteria;Bacteroidota;Bacteroidia;Bacteroidales;Prevotellaceae;Hallella	genus			0.041	0.041	0.0	0.09	0.187	22.43
Bacteria;Bacteroidota;Bacteroidia;Bacteroidales;Prevotellaceae;Prevotella	genus			2.65	2.65	0.188	5.395	2.913	97.196
Bacteria;Bacteroidota;Bacteroidia;Bacteroidales;Prevotellaceae;Hoylesella	genus			1.27	1.27	0.023	3.138	1.444	91.9
Bacteria;Bacteroidota;Bacteroidia;Bacteroidales;Prevotellaceae;Segatella	genus			2.021	2.021	0.035	4.734	2.143	91.277
Bacteria;Bacteroidota;Bacteroidia;Bacteroidales;Tannerellaceae;Tannerella	genus			0.262	0.262	0.0	0.803	0.53	57.321
Bacteria;Bacteroidota;Flavobacteriia;Flavobacteriales;Flavobacteriaceae;Capnocytophaga	genus			1.388	1.388	0.0	3.747	2.836	86.604
Bacteria;Bacteroidota;Flavobacteriia;Flavobacteriales;Weeksellaceae;Riemerella	genus			0.265	0.265	0.0	0.672	0.45	76.324
Bacteria;Bacillota;Bacilli;Caryophanales;Gemellaceae;Gemella	genus			3.111	3.111	0.225	7.766	4.938	97.819
Bacteria;Bacillota;Bacilli;Lactobacillales;Aerococcaceae;Abiotrophia	genus			0.05	0.05	0.0	0.104	0.187	30.218
Bacteria;Bacillota;Bacilli;Lactobacillales;Carnobacteriaceae;Dolosigranulum	genus			0.031	0.031	0.0	0.0	0.532	1.869
Bacteria;Bacillota;Bacilli;Lactobacillales;Carnobacteriaceae;Granulicatella	genus			2.151	2.151	0.175	4.636	2.213	97.819
Bacteria;Bacillota;Bacilli;Lactobacillales;Lactobacillaceae;Lactobacillus	genus			0.027	0.027	0.0	0.0	0.329	9.346
Bacteria;Bacillota;Bacilli;Lactobacillales;Lactobacillaceae;Ligilactobacillus	genus			0.018	0.018	0.0	0.0	0.324	0.935
Bacteria;Bacillota;Bacilli;Lactobacillales;Streptococcaceae;Streptococcus	genus			0.63	0.63	0.031	1.631	1.268	93.458
Bacteria;Bacillota;Clostridia;Eubacteriales;Lachnospiraceae;Butyrivibrio	genus			0.138	0.138	0.0	0.348	0.306	56.075
Bacteria;Bacillota;Clostridia;Eubacteriales;Lachnospiraceae;Catonella	genus			0.45	0.45	0.0	0.977	0.466	89.097
Bacteria;Bacillota;Clostridia;Eubacteriales;Lachnospiraceae;Lachnoanaerobaculum	genus			1.852	1.852	0.222	4.065	1.771	94.704
Bacteria;Bacillota;Clostridia;Eubacteriales;Lachnospiraceae;Lachnospiraceae [G2]	genus			1.693	1.693	0.0	5.769	2.916	63.863
Bacteria;Bacillota;Clostridia;Eubacteriales;Lachnospiraceae;Lachnospiraceae [G3]	genus			0.102	0.102	0.0	0.262	0.347	24.922
Bacteria;Bacillota;Clostridia;Eubacteriales;Lachnospiraceae;Lachnospiraceae [G8]	genus			0.016	0.016	0.0	0.045	0.076	17.445
Bacteria;Bacillota;Clostridia;Eubacteriales;Lachnospiraceae;Oribacterium	genus			2.016	2.016	0.282	4.159	1.672	96.262
Bacteria;Bacillota;Clostridia;Eubacteriales;Lachnospiraceae;Shuttleworthia	genus			0.014	0.014	0.0	0.013	0.072	10.903
Bacteria;Bacillota;Clostridia;Eubacteriales;Lachnospiraceae;Stomatobaculum	genus			1.614	1.614	0.069	3.895	1.59	92.835
Bacteria;Bacillota;Clostridia;Eubacteriales;Peptococcaceae;Peptococcus	genus			0.08	0.08	0.0	0.234	0.198	42.368
Bacteria;Bacillota;Clostridia;Eubacteriales;Anaerovoracaceae;Mogibacterium	genus			0.259	0.259	0.0	0.613	0.283	80.374
Bacteria;Bacillota;Clostridia;Eubacteriales;Peptostreptococcaceae;Peptostreptococcaceae [G1 "Eubacterium"]	genus			0.28	0.28	0.0	0.696	0.385	71.963
Bacteria;Bacillota;Clostridia;Eubacteriales;Peptostreptococcaceae;Peptostreptococcaceae [G2]	genus			0.014	0.014	0.0	0.052	0.038	19.626
Bacteria;Bacillota;Clostridia;Eubacteriales;Peptostreptococcaceae;Peptostreptococcaceae [G9 "Eubacterium"]	genus			0.076	0.076	0.0	0.126	0.293	30.841
Bacteria;Bacillota;Clostridia;Eubacteriales;Peptostreptococcaceae;Peptostreptococcus	genus			0.402	0.402	0.0	1.014	0.557	78.193
Bacteria;Bacillota;Clostridia;Eubacteriales;Ruminococcaceae;Ruminococcaceae [G1]	genus			0.255	0.255	0.0	0.764	0.569	52.648
Bacteria;Bacillota;Clostridia;Eubacteriales;Ruminococcaceae;Ruminococcaceae [G2]	genus			0.201	0.201	0.0	0.583	0.326	62.617
Bacteria;Bacillota;Erysipelotrichia;Erysipelotrichales;Erysipelotrichaceae;Solobacterium	genus			0.027	0.027	0.0	0.083	0.068	39.875
Bacteria;Bacillota;Negativicutes;Selenomonadales;Selenomonadaceae;Mitsuokella	genus			0.351	0.351	0.0	0.183	2.325	20.872
Bacteria;Bacillota;Negativicutes;Selenomonadales;Selenomonadaceae;Selenomonas	genus			1.418	1.418	0.026	3.335	1.874	92.212
Bacteria;Bacillota;Negativicutes;Veillonellales;Veillonellaceae;Dialister	genus			0.118	0.118	0.0	0.229	0.53	42.368
Bacteria;Bacillota;Negativicutes;Veillonellales;Veillonellaceae;Megasphaera	genus			0.812	0.812	0.0	2.226	1.063	84.112
Bacteria;Bacillota;Negativicutes;Veillonellales;Veillonellaceae;Veillonella	genus			13.38	13.38	3.871	26.043	8.429	100.0
Bacteria;Bacillota;Clostridia;Eubacteriales;Peptoniphilaceae;Anaerococcus	genus			0.033	0.033	0.0	0.0	0.575	2.492
Bacteria;Bacillota;Clostridia;Eubacteriales;Peptoniphilaceae;Finegoldia	genus			0.05	0.05	0.0	0.0	0.896	0.623
Bacteria;Bacillota;Clostridia;Eubacteriales;Peptoniphilaceae;Parvimonas	genus			0.339	0.339	0.0	0.938	0.664	66.667
Bacteria;Bacillota;Clostridia;Eubacteriales;Peptoniphilaceae;Peptoniphilus	genus			0.018	0.018	0.0	0.0	0.315	1.558
Bacteria;Fusobacteriota;Fusobacteriia;Fusobacteriales;Fusobacteriaceae;Fusobacterium	genus			8.024	8.024	1.277	16.689	6.815	98.754
Bacteria;Fusobacteriota;Fusobacteriia;Fusobacteriales;Leptotrichiaceae;Leptotrichia	genus			6.487	6.487	0.113	17.514	7.916	94.704
Bacteria;Fusobacteriota;Fusobacteriia;Fusobacteriales;Leptotrichiaceae;Pseudoleptotrichia	genus			1.061	1.061	0.0	3.064	1.395	85.358
Bacteria;Fusobacteriota;Fusobacteriia;Fusobacteriales;Leptotrichiaceae;Sneathia	genus			0.065	0.065	0.0	0.0	1.151	0.935
Bacteria;Pseudomonadota;Alphaproteobacteria;Caulobacterales;Caulobacteraceae;Caulobacter	genus			0.045	0.045	0.0	0.0	0.287	9.969
Bacteria;Pseudomonadota;Alphaproteobacteria;Hyphomicrobiales;Nitrobacteraceae;Bradyrhizobium	genus			0.019	0.019	0.0	0.0	0.151	6.231
Bacteria;Pseudomonadota;Alphaproteobacteria;Sphingomonadales;Sphingomonadaceae;Sphingomonas	genus			0.157	0.157	0.0	0.075	1.036	16.511
Bacteria;Pseudomonadota;Betaproteobacteria;Burkholderiales;Burkholderiaceae;Lautropia	genus			0.314	0.314	0.0	0.604	1.177	54.517
Bacteria;Pseudomonadota;Betaproteobacteria;Burkholderiales;Burkholderiaceae;Ralstonia	genus			0.115	0.115	0.0	0.089	0.6	18.38
Bacteria;Pseudomonadota;Betaproteobacteria;Burkholderiales;Comamonadaceae;Delftia	genus			0.12	0.12	0.0	0.05	1.335	13.707
Bacteria;Pseudomonadota;Betaproteobacteria;Burkholderiales;Comamonadaceae;Ottowia	genus			0.01	0.01	0.0	0.0	0.119	4.05
Bacteria;Pseudomonadota;Betaproteobacteria;Neisseriales;Neisseriaceae;Eikenella	genus			0.116	0.116	0.0	0.316	0.31	45.483
Bacteria;Pseudomonadota;Betaproteobacteria;Neisseriales;Neisseriaceae;Kingella	genus			0.14	0.14	0.0	0.135	1.243	48.91
Bacteria;Pseudomonadota;Betaproteobacteria;Neisseriales;Neisseriaceae;Neisseria	genus			7.819	7.819	0.084	20.608	12.556	93.769
Bacteria;Pseudomonadota;Epsilonproteobacteria;Campylobacterales;Campylobacteraceae;Campylobacter	genus			1.735	1.735	0.147	3.938	1.564	95.016
Bacteria;Pseudomonadota;Gammaproteobacteria;Enterobacterales;Enterobacteriaceae;Cronobacter	genus			0.056	0.056	0.0	0.0	0.423	9.969
Bacteria;Pseudomonadota;Gammaproteobacteria;Enterobacterales;Enterobacteriaceae;Enterobacter	genus			0.047	0.047	0.0	0.0	0.356	9.034
Bacteria;Pseudomonadota;Gammaproteobacteria;Enterobacterales;Enterobacteriaceae;Klebsiella	genus			0.269	0.269	0.0	0.0	4.544	3.115
Bacteria;Pseudomonadota;Gammaproteobacteria;Pasteurellales;Pasteurellaceae;Aggregatibacter	genus			0.293	0.293	0.0	0.25	2.675	42.991
Bacteria;Pseudomonadota;Gammaproteobacteria;Pasteurellales;Pasteurellaceae;Haemophilus	genus			9.772	9.772	0.866	22.56	10.144	99.688
Bacteria;Pseudomonadota;Gammaproteobacteria;Pseudomonadales;Moraxellaceae;Acinetobacter	genus			0.148	0.148	0.0	0.044	1.192	16.511
Bacteria;Pseudomonadota;Gammaproteobacteria;Pseudomonadales;Moraxellaceae;Moraxella	genus			1.042	1.042	0.0	0.016	7.636	10.28
Bacteria;Candidatus Saccharimonadota;Saccharimonadota [C1];Saccharimonadota [C1 O1];Saccharimonadota [C1 O1 F1];Saccharimonadota [C1 O1 F1 G1]	genus			0.035	0.035	0.0	0.096	0.076	42.991
Bacteria;Spirochaetota;Spirochaetia;Spirochaetales;Treponemataceae;Treponema	genus			0.233	0.233	0.0	0.499	0.731	50.467
Bacteria;Synergistota;Synergistia;Synergistales;Synergistaceae;Fretibacterium	genus			0.02	0.02	0.0	0.038	0.086	14.019
Bacteria;Bacillota;Clostridia;Eubacteriales;Peptostreptococcaceae;Peptostreptococcaceae [G7 "Eubacterium"]	genus			0.045	0.045	0.0	0.095	0.179	26.48
Bacteria;Actinomycetota;Actinomycetes;Actinomycetales;Actinomycetaceae;Actinomyces;graevenitzii	species	866		2.202	2.202	0.082	5.57	2.737	91.589
Bacteria;Actinomycetota;Actinomycetes;Actinomycetales;Actinomycetaceae;Actinomyces;johnsonii	species	849		0.063	0.063	0.0	0.048	0.665	22.43
Bacteria;Actinomycetota;Actinomycetes;Actinomycetales;Actinomycetaceae;Actinomyces;sp. HMT-169	species	169		0.114	0.114	0.0	0.261	0.363	47.352
Bacteria;Actinomycetota;Actinomycetes;Actinomycetales;Actinomycetaceae;Actinomyces;sp. HMT-170	species	170		0.059	0.059	0.0	0.04	0.486	18.692
Bacteria;Actinomycetota;Actinomycetes;Actinomycetales;Actinomycetaceae;Actinomyces;sp. HMT-171	species	171		0.071	0.071	0.0	0.072	0.375	32.087
Bacteria;Actinomycetota;Actinomycetes;Actinomycetales;Actinomycetaceae;Schaalia;lingnae	species	181		0.422	0.422	0.0	1.037	0.481	88.785
Bacteria;Actinomycetota;Actinomycetes;Actinomycetales;Actinomycetaceae;Schaalia;odontolytica	species	701	Reads equidistant to HMT-172 and HMT-701 were assigned to each taxon in proportion to the abundance of HMT-172 and HMT-701 individually at this body site (THR).;Some of the reads equidistant from these taxa (172-180-701) are included in HMT-701 because they are too close to differentiate at this site (THR).	2.294	2.294	0.366	5.094	2.391	99.377
Bacteria;Actinomycetota;Actinomycetes;Actinomycetales;Actinomycetaceae;Schaalia;sp. HMT-172	species	172	Reads equidistant to HMT-172 and HMT-701 were assigned to each taxon in proportion to the abundance of HMT-172 and HMT-701 individually at this body site (THR).;Some of the reads equidistant from these taxa (172-180-701) are included in HMT-172 because they are too close to differentiate at this site (THR).	2.346	2.346	0.131	4.941	2.978	95.95
Bacteria;Actinomycetota;Actinomycetes;Actinomycetales;Actinomycetaceae;Schaalia;sp. HMT-180	species	180	Reads equidistant to HMT-180 and HMT-701 were assigned to each taxon in proportion to the abundance of HMT-180 and HMT-701 individually at this body site (THR).;Some of the reads equidistant from these taxa (172-180-701) are included in HMT-180 because they are too close to differentiate at this site (THR).	0.726	0.726	0.06	1.726	1.043	97.508
Bacteria;Actinomycetota;Actinomycetes;Bifidobacteriales;Bifidobacteriaceae;Bifidobacterium;dentium	species	588		0.007	0.007	0.0	0.0	0.044	8.411
Bacteria;Actinomycetota;Actinomycetes;Bifidobacteriales;Bifidobacteriaceae;Bifidobacterium;longum	species	862		0.008	0.008	0.0	0.0	0.05	7.165
Bacteria;Actinomycetota;Actinomycetes;Mycobacteriales;Corynebacteriaceae;Corynebacterium;durum	species	595		0.105	0.105	0.0	0.118	0.663	34.891
Bacteria;Actinomycetota;Actinomycetes;Mycobacteriales;Corynebacteriaceae;Corynebacterium;matruchotii	species	666		0.202	0.202	0.0	0.197	1.239	36.76
Bacteria;Actinomycetota;Actinomycetes;Mycobacteriales;Corynebacteriaceae;Corynebacterium;propinquum	species	059		0.146	0.146	0.0	0.0	2.274	5.607
Bacteria;Actinomycetota;Actinomycetes;Mycobacteriales;Corynebacteriaceae;Corynebacterium;tuberculostearicum	species	077		0.219	0.219	0.0	0.018	2.618	11.838
Bacteria;Actinomycetota;Actinomycetes;Mycobacteriales;Lawsonellaceae;Lawsonella;clevelandensis	species	173		0.017	0.017	0.0	0.0	0.208	4.361
Bacteria;Actinomycetota;Actinomycetes;Micrococcales;Micrococcaceae;Rothia;aeria	species	188		0.099	0.099	0.0	0.105	0.694	33.956
Bacteria;Actinomycetota;Actinomycetes;Micrococcales;Micrococcaceae;Rothia;dentocariosa	species	587		0.054	0.054	0.0	0.12	0.203	33.022
Bacteria;Actinomycetota;Actinomycetes;Micrococcales;Micrococcaceae;Rothia;mucilaginosa	species	681		1.213	1.213	0.015	2.999	1.926	90.966
Bacteria;Actinomycetota;Actinomycetes;Propionibacteriales;Propionibacteriaceae;Arachnia;rubra	species	194		0.019	0.019	0.0	0.0	0.141	7.788
Bacteria;Actinomycetota;Actinomycetes;Propionibacteriales;Propionibacteriaceae;Cutibacterium;acnes	species	530		1.004	1.004	0.0	0.49	6.746	40.498
Bacteria;Actinomycetota;Actinomycetes;Propionibacteriales;Propionibacteriaceae;Cutibacterium;avidum	species	552		0.001	0.001	0.0	0.0	0.021	0.312
Bacteria;Actinomycetota;Coriobacteriia;Coriobacteriales;Atopobiaceae;Lancefieldella;parvula	species	723		0.917	0.917	0.009	2.482	1.129	90.031
Bacteria;Actinomycetota;Coriobacteriia;Coriobacteriales;Atopobiaceae;Lancefieldella;rimae	species	750		0.028	0.028	0.0	0.038	0.144	16.822
Bacteria;Bacteroidota;Bacteroidia;Bacteroidales;Odoribacteraceae;Odoribacteraceae [G3];bacterium HMT-365	species	365		0.038	0.038	0.0	0.0	0.343	7.788
Bacteria;Bacteroidota;Bacteroidia;Bacteroidales;Odoribacteraceae;Odoribacteraceae [G3];bacterium HMT-503	species	503		0.008	0.008	0.0	0.0	0.1	3.738
Bacteria;Bacteroidota;Bacteroidia;Bacteroidales;Odoribacteraceae;Odoribacteraceae [G5];bacterium HMT-511	species	511		0.061	0.061	0.0	0.052	0.32	16.511
Bacteria;Bacteroidota;Bacteroidia;Bacteroidales;Porphyromonadaceae;Porphyromonas;endodontalis	species	273		0.291	0.291	0.0	0.565	0.918	46.106
Bacteria;Bacteroidota;Bacteroidia;Bacteroidales;Porphyromonadaceae;Porphyromonas;gingivalis	species	619		0.077	0.077	0.0	0.0	0.987	3.427
Bacteria;Bacteroidota;Bacteroidia;Bacteroidales;Porphyromonadaceae;Porphyromonas;pasteri	species	279		3.547	3.547	0.045	10.194	4.509	92.523
Bacteria;Bacteroidota;Bacteroidia;Bacteroidales;Porphyromonadaceae;Porphyromonas;sp. HMT-285	species	285		0.025	0.025	0.0	0.0	0.202	3.115
Bacteria;Bacteroidota;Bacteroidia;Bacteroidales;Porphyromonadaceae;Porphyromonas;sp. HMT-930	species	930		0.133	0.133	0.0	0.327	0.439	32.087
Bacteria;Bacteroidota;Bacteroidia;Bacteroidales;Prevotellaceae;Alloprevotella;rava	species	302		0.688	0.688	0.0	2.073	1.47	56.698
Bacteria;Bacteroidota;Bacteroidia;Bacteroidales;Prevotellaceae;Alloprevotella;sp. HMT-308	species	308		1.989	1.989	0.068	5.147	2.375	93.769
Bacteria;Bacteroidota;Bacteroidia;Bacteroidales;Prevotellaceae;Alloprevotella;sp. HMT-473	species	473		0.73	0.73	0.0	1.865	2.063	65.421
Bacteria;Bacteroidota;Bacteroidia;Bacteroidales;Prevotellaceae;Alloprevotella;sp. HMT-914	species	914		0.493	0.493	0.0	1.4	1.066	71.963
Bacteria;Bacteroidota;Bacteroidia;Bacteroidales;Prevotellaceae;Alloprevotella;tannerae	species	466		0.497	0.497	0.0	1.657	1.151	54.517
Bacteria;Bacteroidota;Bacteroidia;Bacteroidales;Prevotellaceae;Hallella;dentalis	species	583		0.011	0.011	0.0	0.0	0.102	3.738
Bacteria;Bacteroidota;Bacteroidia;Bacteroidales;Prevotellaceae;Prevotella;intermedia	species	643		0.339	0.339	0.0	0.459	1.504	26.168
Bacteria;Bacteroidota;Bacteroidia;Bacteroidales;Prevotellaceae;Hoylesella;nanceiensis	species	299		0.74	0.74	0.0	1.889	1.006	83.801
Bacteria;Bacteroidota;Bacteroidia;Bacteroidales;Prevotellaceae;Prevotella;nigrescens	species	693		0.321	0.321	0.0	0.442	1.821	48.287
Bacteria;Bacteroidota;Bacteroidia;Bacteroidales;Prevotellaceae;Segatella;oris	species	311		0.316	0.316	0.0	0.558	1.04	53.271
Bacteria;Bacteroidota;Bacteroidia;Bacteroidales;Prevotellaceae;Segatella;oulorum	species	288		0.039	0.039	0.0	0.068	0.145	24.922
Bacteria;Bacteroidota;Bacteroidia;Bacteroidales;Prevotellaceae;Prevotella;pallens	species	714		1.99	1.99	0.054	4.601	1.851	92.212
Bacteria;Bacteroidota;Bacteroidia;Bacteroidales;Prevotellaceae;Hoylesella;pleuritidis	species	303		0.108	0.108	0.0	0.13	0.589	25.545
Bacteria;Bacteroidota;Bacteroidia;Bacteroidales;Prevotellaceae;Segatella;salivae	species	307		1.465	1.465	0.0	3.442	1.758	87.227
Bacteria;Bacteroidota;Bacteroidia;Bacteroidales;Prevotellaceae;Hoylesella;shahii	species	795		0.386	0.386	0.0	1.318	0.815	47.352
Bacteria;Bacteroidota;Bacteroidia;Bacteroidales;Prevotellaceae;Segatella;sp. HMT-309	species	309		0.201	0.201	0.0	0.557	0.473	44.86
Bacteria;Bacteroidota;Bacteroidia;Bacteroidales;Prevotellaceae;Hallella;sp. HMT-315	species	315		0.03	0.03	0.0	0.072	0.123	20.249
Bacteria;Bacteroidota;Bacteroidia;Bacteroidales;Prevotellaceae;Hoylesella;sp. HMT-472	species	472		0.036	0.036	0.0	0.028	0.213	14.953
Bacteria;Bacteroidota;Bacteroidia;Bacteroidales;Tannerellaceae;Tannerella;forsythia	species	613		0.029	0.029	0.0	0.078	0.124	19.626
Bacteria;Bacteroidota;Bacteroidia;Bacteroidales;Tannerellaceae;Tannerella;serpentiformis	species	286		0.233	0.233	0.0	0.715	0.511	49.221
Bacteria;Bacteroidota;Flavobacteriia;Flavobacteriales;Flavobacteriaceae;Capnocytophaga;gingivalis	species	337		0.386	0.386	0.0	1.076	0.823	65.732
Bacteria;Bacteroidota;Flavobacteriia;Flavobacteriales;Flavobacteriaceae;Capnocytophaga;granulosa	species	325		0.171	0.171	0.0	0.357	0.657	46.417
Bacteria;Bacteroidota;Flavobacteriia;Flavobacteriales;Flavobacteriaceae;Capnocytophaga;leadbetteri	species	329		0.461	0.461	0.0	1.277	1.468	65.732
Bacteria;Bacteroidota;Flavobacteriia;Flavobacteriales;Flavobacteriaceae;Capnocytophaga;sp. HMT-332	species	332		0.03	0.03	0.0	0.029	0.306	12.773
Bacteria;Bacteroidota;Flavobacteriia;Flavobacteriales;Flavobacteriaceae;Capnocytophaga;sputigena	species	775		0.34	0.34	0.0	1.033	1.018	53.894
Bacteria;Bacteroidota;Flavobacteriia;Flavobacteriales;Weeksellaceae;Riemerella;sp. HMT-322	species	322		0.265	0.265	0.0	0.672	0.45	76.324
Bacteria;Bacillota;Bacilli;Caryophanales;Gemellaceae;Gemella;haemolysans	species	626	Reads equidistant to HMT-626 and HMT-757 were assigned to each taxon in proportion to the abundance of HMT-626 and HMT-757 individually at this body site (THR).	0.001	0.001	0.0	0.002	0.003	30.218
Bacteria;Bacillota;Bacilli;Caryophanales;Gemellaceae;Gemella;morbillorum	species	046		0.105	0.105	0.0	0.264	0.366	43.302
Bacteria;Bacillota;Bacilli;Caryophanales;Gemellaceae;Gemella;sanguinis	species	757	Reads equidistant to HMT-626 and HMT-757 were assigned to each taxon in proportion to the abundance of HMT-626 and HMT-757 individually at this body site (THR).	3.005	3.005	0.179	7.741	4.915	97.508
Bacteria;Bacillota;Bacilli;Lactobacillales;Aerococcaceae;Abiotrophia;defectiva	species	389		0.05	0.05	0.0	0.104	0.187	30.218
Bacteria;Bacillota;Bacilli;Lactobacillales;Carnobacteriaceae;Dolosigranulum;pigrum	species	813		0.031	0.031	0.0	0.0	0.532	1.869
Bacteria;Bacillota;Bacilli;Lactobacillales;Carnobacteriaceae;Granulicatella;adiacens	species	534		1.909	1.909	0.149	4.42	2.059	96.885
Bacteria;Bacillota;Bacilli;Lactobacillales;Carnobacteriaceae;Granulicatella;elegans	species	596		0.243	0.243	0.0	0.567	0.776	52.96
Bacteria;Bacillota;Bacilli;Lactobacillales;Lactobacillaceae;Lactobacillus;iners	species	838		0.027	0.027	0.0	0.0	0.329	9.346
Bacteria;Bacillota;Bacilli;Lactobacillales;Lactobacillaceae;Ligilactobacillus;salivarius	species	756		0.018	0.018	0.0	0.0	0.324	0.935
Bacteria;Bacillota;Bacilli;Lactobacillales;Streptococcaceae;Streptococcus;constellatus	species	576		0.055	0.055	0.0	0.117	0.224	24.922
Bacteria;Bacillota;Bacilli;Lactobacillales;Streptococcaceae;Streptococcus;intermedius	species	644		0.096	0.096	0.0	0.099	0.43	28.037
Bacteria;Bacillota;Bacilli;Lactobacillales;Streptococcaceae;Streptococcus;sanguinis	species	758		0.338	0.338	0.0	0.889	1.025	72.586
Bacteria;Bacillota;Clostridia;Eubacteriales;Lachnospiraceae;Butyrivibrio;sp. HMT-080	species	080		0.009	0.009	0.0	0.0	0.071	4.984
Bacteria;Bacillota;Clostridia;Eubacteriales;Lachnospiraceae;Butyrivibrio;sp. HMT-455	species	455		0.128	0.128	0.0	0.329	0.3	54.517
Bacteria;Bacillota;Clostridia;Eubacteriales;Lachnospiraceae;Catonella;morbi	species	165		0.45	0.45	0.0	0.977	0.466	89.097
Bacteria;Bacillota;Clostridia;Eubacteriales;Lachnospiraceae;Lachnoanaerobaculum;orale	species	082		1.248	1.248	0.0	3.558	1.507	82.866
Bacteria;Bacillota;Clostridia;Eubacteriales;Lachnospiraceae;Lachnoanaerobaculum;sp. HMT-083	species	083		0.508	0.508	0.0	1.145	0.606	83.801
Bacteria;Bacillota;Clostridia;Eubacteriales;Lachnospiraceae;Lachnoanaerobaculum;umeaense	species	107		0.096	0.096	0.0	0.173	0.303	46.106
Bacteria;Bacillota;Clostridia;Eubacteriales;Lachnospiraceae;Lachnospiraceae [G2];bacterium HMT-096	species	096		1.693	1.693	0.0	5.769	2.916	63.863
Bacteria;Bacillota;Clostridia;Eubacteriales;Lachnospiraceae;Lachnospiraceae [G3];bacterium HMT-100	species	100		0.102	0.102	0.0	0.262	0.347	24.922
Bacteria;Bacillota;Clostridia;Eubacteriales;Lachnospiraceae;Lachnospiraceae [G8];bacterium HMT-500	species	500		0.016	0.016	0.0	0.045	0.076	17.445
Bacteria;Bacillota;Clostridia;Eubacteriales;Lachnospiraceae;Oribacterium;asaccharolyticum	species	108	Reads equidistant to HMT-108 and HMT-934 were assigned to each taxon in proportion to the abundance of HMT-108 and HMT-934 individually at this body site (THR).	0.857	0.857	0.02	2.009	0.895	90.654
Bacteria;Bacillota;Clostridia;Eubacteriales;Lachnospiraceae;Oribacterium;parvum	species	934	Reads equidistant to HMT-108 and HMT-934 were assigned to each taxon in proportion to the abundance of HMT-108 and HMT-934 individually at this body site (THR).	0.158	0.158	0.0	0.498	0.241	62.928
Bacteria;Bacillota;Clostridia;Eubacteriales;Lachnospiraceae;Oribacterium;sinus	species	457		1.001	1.001	0.045	2.242	1.172	92.212
Bacteria;Bacillota;Clostridia;Eubacteriales;Lachnospiraceae;Shuttleworthia;satelles	species	095		0.014	0.014	0.0	0.013	0.072	10.903
Bacteria;Bacillota;Clostridia;Eubacteriales;Lachnospiraceae;Stomatobaculum;longum	species	419		0.847	0.847	0.0	2.645	1.393	66.978
Bacteria;Bacillota;Clostridia;Eubacteriales;Lachnospiraceae;Stomatobaculum;sp. HMT-097	species	097		0.767	0.767	0.0	2.04	1.025	80.997
Bacteria;Bacillota;Clostridia;Eubacteriales;Peptococcaceae;Peptococcus;sp. HMT-168	species	168		0.08	0.08	0.0	0.234	0.198	42.368
Bacteria;Bacillota;Clostridia;Eubacteriales;Anaerovoracaceae;Mogibacterium;diversum	species	593		0.252	0.252	0.0	0.608	0.281	80.374
Bacteria;Bacillota;Clostridia;Eubacteriales;Anaerovoracaceae;Mogibacterium;timidum	species	042		0.007	0.007	0.0	0.0	0.033	7.477
Bacteria;Bacillota;Clostridia;Eubacteriales;Peptostreptococcaceae;Peptostreptococcaceae [G1 "Eubacterium"];sulci	species	467		0.28	0.28	0.0	0.696	0.385	71.963
Bacteria;Bacillota;Clostridia;Eubacteriales;Peptostreptococcaceae;Peptostreptococcaceae [G2];bacterium HMT-091	species	091		0.014	0.014	0.0	0.052	0.038	19.626
Bacteria;Bacillota;Clostridia;Eubacteriales;Peptostreptococcaceae;Peptostreptococcaceae [G9 "Eubacterium"];brachy	species	557		0.076	0.076	0.0	0.126	0.293	30.841
Bacteria;Bacillota;Clostridia;Eubacteriales;Peptostreptococcaceae;Peptostreptococcus;stomatis	species	112		0.402	0.402	0.0	1.014	0.557	78.193
Bacteria;Bacillota;Clostridia;Eubacteriales;Ruminococcaceae;Ruminococcaceae [G1];bacterium HMT-075	species	075		0.255	0.255	0.0	0.764	0.569	52.648
Bacteria;Bacillota;Clostridia;Eubacteriales;Ruminococcaceae;Ruminococcaceae [G2];bacterium HMT-085	species	085		0.201	0.201	0.0	0.583	0.326	62.617
Bacteria;Bacillota;Erysipelotrichia;Erysipelotrichales;Erysipelotrichaceae;Solobacterium;moorei	species	678		0.027	0.027	0.0	0.083	0.068	39.875
Bacteria;Bacillota;Negativicutes;Selenomonadales;Selenomonadaceae;Mitsuokella;multacida	species	684		0.012	0.012	0.0	0.0	0.088	7.477
Bacteria;Bacillota;Negativicutes;Selenomonadales;Selenomonadaceae;Mitsuokella;sp. HMT-521	species	521		0.339	0.339	0.0	0.115	2.325	15.265
Bacteria;Bacillota;Negativicutes;Selenomonadales;Selenomonadaceae;Selenomonas;sp. HMT-136	species	136	Some of the reads equidistant from these taxa (136-149-478) are included in HMT-136 because they are too close to differentiate at this site (THR).	0.972	0.972	0.0	2.398	1.363	89.408
Bacteria;Bacillota;Negativicutes;Selenomonadales;Selenomonadaceae;Selenomonas;sp. HMT-478	species	478	Some of the reads equidistant from these taxa (136-149-478) are included in HMT-478 because they are too close to differentiate at this site (THR).	0.339	0.339	0.0	0.838	0.486	88.162
Bacteria;Bacillota;Negativicutes;Veillonellales;Veillonellaceae;Dialister;invisus	species	118		0.11	0.11	0.0	0.207	0.527	38.318
Bacteria;Bacillota;Negativicutes;Veillonellales;Veillonellaceae;Dialister;micraerophilus	species	843		0.008	0.008	0.0	0.0	0.049	7.788
Bacteria;Bacillota;Negativicutes;Veillonellales;Veillonellaceae;Megasphaera;micronuciformis	species	122		0.812	0.812	0.0	2.226	1.063	84.112
Bacteria;Bacillota;Negativicutes;Veillonellales;Veillonellaceae;Veillonella;atypica	species	524	Some of the reads equidistant from these taxa (160-161-524) are included in HMT-524 because they are too close to differentiate at this site (THR).	4.205	4.205	0.366	9.583	4.13	99.377
Bacteria;Bacillota;Negativicutes;Veillonellales;Veillonellaceae;Veillonella;dispar	species	160	Some of the reads equidistant from these taxa (160-161-524) are included in HMT-160 because they are too close to differentiate at this site (THR).	5.844	5.844	0.35	14.225	5.707	98.442
Bacteria;Bacillota;Negativicutes;Veillonellales;Veillonellaceae;Veillonella;parvula	species	161	Some of the reads equidistant from these taxa (160-161-524) are included in HMT-161 because they are too close to differentiate at this site (THR).	0.785	0.785	0.031	2.071	1.033	98.131
Bacteria;Bacillota;Negativicutes;Veillonellales;Veillonellaceae;Veillonella;rogosae	species	158		2.057	2.057	0.036	5.887	2.928	93.458
Bacteria;Bacillota;Negativicutes;Veillonellales;Veillonellaceae;Veillonella;sp. HMT-780	species	780		0.242	0.242	0.0	0.307	2.128	40.498
Bacteria;Bacillota;Negativicutes;Veillonellales;Veillonellaceae;Veillonella;sp. HMT-917	species	917		0.247	0.247	0.0	0.0	1.43	9.034
Bacteria;Bacillota;Clostridia;Eubacteriales;Peptoniphilaceae;Anaerococcus;octavius	species	017		0.016	0.016	0.0	0.0	0.271	1.246
Bacteria;Bacillota;Clostridia;Eubacteriales;Peptoniphilaceae;Anaerococcus;sp. HMT-290	species	290		0.003	0.003	0.0	0.0	0.053	1.246
Bacteria;Bacillota;Clostridia;Eubacteriales;Peptoniphilaceae;Finegoldia;magna	species	662		0.05	0.05	0.0	0.0	0.896	0.623
Bacteria;Bacillota;Clostridia;Eubacteriales;Peptoniphilaceae;Parvimonas;micra	species	111	Some of the reads equidistant from these taxa (110-111-393) are included in HMT-111 because they are too close to differentiate at this site (THR).	0.339	0.339	0.0	0.938	0.664	66.667
Bacteria;Bacillota;Clostridia;Eubacteriales;Peptoniphilaceae;Peptoniphilus;sp. HMT-187	species	187		0.018	0.018	0.0	0.0	0.315	1.558
Bacteria;Fusobacteriota;Fusobacteriia;Fusobacteriales;Fusobacteriaceae;Fusobacterium;necrophorum	species	690		0.235	0.235	0.0	0.014	2.766	10.28
Bacteria;Fusobacteriota;Fusobacteriia;Fusobacteriales;Fusobacteriaceae;Fusobacterium;animalis	species	420		0.186	0.186	0.0	0.409	0.598	60.125
Bacteria;Fusobacteriota;Fusobacteriia;Fusobacteriales;Fusobacteriaceae;Fusobacterium;polymorphum	species	202	Reads equidistant to HMT-202 and HMT-203 were assigned to each taxon in proportion to the abundance of HMT-202 and HMT-203 individually at this body site (THR).	0.234	0.234	0.0	0.503	0.529	78.816
Bacteria;Fusobacteriota;Fusobacteriia;Fusobacteriales;Fusobacteriaceae;Fusobacterium;vincentii	species	200		1.202	1.202	0.0	2.998	4.073	77.57
Bacteria;Fusobacteriota;Fusobacteriia;Fusobacteriales;Fusobacteriaceae;Fusobacterium;periodonticum	species	201		5.88	5.88	0.393	12.906	5.182	96.262
Bacteria;Fusobacteriota;Fusobacteriia;Fusobacteriales;Fusobacteriaceae;Fusobacterium;sp. HMT-203	species	203	Reads equidistant to HMT-202 and HMT-203 were assigned to each taxon in proportion to the abundance of HMT-202 and HMT-203 individually at this body site (THR).	0.223	0.223	0.0	0.383	0.956	69.47
Bacteria;Fusobacteriota;Fusobacteriia;Fusobacteriales;Fusobacteriaceae;Fusobacterium;sp. HMT-370	species	370		0.066	0.066	0.0	0.135	0.274	31.464
Bacteria;Fusobacteriota;Fusobacteriia;Fusobacteriales;Leptotrichiaceae;Leptotrichia;buccalis	species	563		0.037	0.037	0.0	0.126	0.1	34.891
Bacteria;Fusobacteriota;Fusobacteriia;Fusobacteriales;Leptotrichiaceae;Leptotrichia;hongkongensis	species	213		0.081	0.081	0.0	0.088	0.564	30.218
Bacteria;Fusobacteriota;Fusobacteriia;Fusobacteriales;Leptotrichiaceae;Pseudoleptotrichia;sp. HMT-212	species	212		0.055	0.055	0.0	0.109	0.206	37.695
Bacteria;Fusobacteriota;Fusobacteriia;Fusobacteriales;Leptotrichiaceae;Pseudoleptotrichia;sp. HMT-215	species	215		0.947	0.947	0.0	2.664	1.328	80.685
Bacteria;Fusobacteriota;Fusobacteriia;Fusobacteriales;Leptotrichiaceae;Leptotrichia;sp. HMT-218	species	218		0.597	0.597	0.0	1.073	2.438	22.118
Bacteria;Fusobacteriota;Fusobacteriia;Fusobacteriales;Leptotrichiaceae;Leptotrichia;sp. HMT-225	species	225		0.028	0.028	0.0	0.043	0.193	17.445
Bacteria;Fusobacteriota;Fusobacteriia;Fusobacteriales;Leptotrichiaceae;Pseudoleptotrichia;sp. HMT-392	species	392		0.049	0.049	0.0	0.082	0.172	30.53
Bacteria;Fusobacteriota;Fusobacteriia;Fusobacteriales;Leptotrichiaceae;Leptotrichia;sp. HMT-417	species	417	Because HMT-463 is not present individually, all equidistant reads were assigned to HMT-417 at this body site (THR).	4.129	4.129	0.006	11.398	6.031	90.031
Bacteria;Fusobacteriota;Fusobacteriia;Fusobacteriales;Leptotrichiaceae;Leptotrichia;wadei	species	222		0.029	0.029	0.0	0.082	0.089	28.037
Bacteria;Fusobacteriota;Fusobacteriia;Fusobacteriales;Leptotrichiaceae;Pseudoleptotrichia;sp. HMT-219	species	219		0.01	0.01	0.0	0.0	0.071	7.788
Bacteria;Fusobacteriota;Fusobacteriia;Fusobacteriales;Leptotrichiaceae;Leptotrichia;sp. HMT-221	species	221		1.586	1.586	0.0	5.389	3.107	66.355
Bacteria;Fusobacteriota;Fusobacteriia;Fusobacteriales;Leptotrichiaceae;Sneathia;vaginalis	species	844		0.065	0.065	0.0	0.0	1.151	0.935
Bacteria;Pseudomonadota;Alphaproteobacteria;Caulobacterales;Caulobacteraceae;Caulobacter;sp. HMT-002	species	002		0.045	0.045	0.0	0.0	0.287	9.969
Bacteria;Pseudomonadota;Alphaproteobacteria;Hyphomicrobiales;Nitrobacteraceae;Bradyrhizobium;elkanii	species	597		0.019	0.019	0.0	0.0	0.151	6.231
Bacteria;Pseudomonadota;Alphaproteobacteria;Sphingomonadales;Sphingomonadaceae;Sphingomonas;sp. HMT-004	species	004		0.157	0.157	0.0	0.075	1.036	16.511
Bacteria;Pseudomonadota;Betaproteobacteria;Burkholderiales;Burkholderiaceae;Lautropia;mirabilis	species	022		0.314	0.314	0.0	0.604	1.177	54.517
Bacteria;Pseudomonadota;Betaproteobacteria;Burkholderiales;Burkholderiaceae;Ralstonia;sp. HMT-406	species	406		0.115	0.115	0.0	0.089	0.6	18.38
Bacteria;Pseudomonadota;Betaproteobacteria;Burkholderiales;Comamonadaceae;Delftia;acidovorans	species	023		0.12	0.12	0.0	0.05	1.335	13.707
Bacteria;Pseudomonadota;Betaproteobacteria;Burkholderiales;Comamonadaceae;Ottowia;sp. HMT-894	species	894		0.01	0.01	0.0	0.0	0.119	4.05
Bacteria;Pseudomonadota;Betaproteobacteria;Neisseriales;Neisseriaceae;Eikenella;corrodens	species	577		0.116	0.116	0.0	0.316	0.31	45.483
Bacteria;Pseudomonadota;Betaproteobacteria;Neisseriales;Neisseriaceae;Kingella;oralis	species	706		0.047	0.047	0.0	0.078	0.209	31.464
Bacteria;Pseudomonadota;Betaproteobacteria;Neisseriales;Neisseriaceae;Kingella;sp. HMT-459	species	459		0.093	0.093	0.0	0.067	1.228	23.053
Bacteria;Pseudomonadota;Betaproteobacteria;Neisseriales;Neisseriaceae;Neisseria;bacilliformis	species	013		0.017	0.017	0.0	0.0	0.166	4.984
Bacteria;Pseudomonadota;Betaproteobacteria;Neisseriales;Neisseriaceae;Neisseria;flavescens	species	610	Reads equidistant to HMT-476 and HMT-610 were assigned to each taxon in proportion to the abundance of HMT-476 and HMT-610 individually at this body site (THR).	1.524	1.524	0.0	4.827	3.559	76.947
Bacteria;Pseudomonadota;Betaproteobacteria;Neisseriales;Neisseriaceae;Neisseria;meningitidis	species	669	Reads equidistant to HMT-669 and HMT-737 were assigned to each taxon in proportion to the abundance of HMT-669 and HMT-737 individually at this body site (THR).	1.14	1.14	0.0	0.031	9.392	12.15
Bacteria;Pseudomonadota;Betaproteobacteria;Neisseriales;Neisseriaceae;Neisseria;subflava	species	476	Reads equidistant to HMT-476 and HMT-610 were assigned to each taxon in proportion to the abundance of HMT-476 and HMT-610 individually at this body site (THR).;Some of the reads equidistant from these taxa (101-476-682) are included in HMT-476 because they are too close to differentiate at this site (THR).	5.045	5.045	0.063	15.043	7.175	93.458
Bacteria;Pseudomonadota;Epsilonproteobacteria;Campylobacterales;Campylobacteraceae;Campylobacter;concisus	species	575		1.507	1.507	0.095	3.691	1.514	94.081
Bacteria;Pseudomonadota;Epsilonproteobacteria;Campylobacterales;Campylobacteraceae;Campylobacter;showae	species	763	Because HMT-748 is not present individually, all equidistant reads were assigned to HMT-763 at this body site (THR).	0.142	0.142	0.0	0.458	0.347	51.402
Bacteria;Pseudomonadota;Epsilonproteobacteria;Campylobacterales;Campylobacteraceae;Campylobacter;sp. HMT-044	species	044		0.059	0.059	0.0	0.223	0.117	40.187
Bacteria;Pseudomonadota;Epsilonproteobacteria;Campylobacterales;Campylobacteraceae;Campylobacter;ureolyticus	species	842		0.027	0.027	0.0	0.0	0.423	0.935
Bacteria;Pseudomonadota;Gammaproteobacteria;Enterobacterales;Enterobacteriaceae;Cronobacter;sakazakii	species	753		0.056	0.056	0.0	0.0	0.423	9.969
Bacteria;Pseudomonadota;Gammaproteobacteria;Enterobacterales;Enterobacteriaceae;Enterobacter;cancerogenus	species	565		0.047	0.047	0.0	0.0	0.356	9.034
Bacteria;Pseudomonadota;Gammaproteobacteria;Enterobacterales;Enterobacteriaceae;Klebsiella;pneumoniae	species	731		0.269	0.269	0.0	0.0	4.544	3.115
Bacteria;Pseudomonadota;Gammaproteobacteria;Pasteurellales;Pasteurellaceae;Aggregatibacter;segnis	species	762	Because HMT-512 is not present individually, all equidistant reads were assigned to HMT-762 at this body site (THR).	0.293	0.293	0.0	0.25	2.675	42.991
Bacteria;Pseudomonadota;Gammaproteobacteria;Pasteurellales;Pasteurellaceae;Haemophilus;parahaemolyticus	species	945	Because HMT-035 is not present individually, all equidistant reads were assigned to HMT-945 at this body site (THR).	1.699	1.699	0.0	3.081	5.979	65.732
Bacteria;Pseudomonadota;Gammaproteobacteria;Pasteurellales;Pasteurellaceae;Haemophilus;parainfluenzae	species	718		7.782	7.782	0.746	19.641	8.016	99.377
Bacteria;Pseudomonadota;Gammaproteobacteria;Pasteurellales;Pasteurellaceae;Haemophilus;sputorum	species	944		0.292	0.292	0.0	0.573	0.951	56.075
Bacteria;Pseudomonadota;Gammaproteobacteria;Pseudomonadales;Moraxellaceae;Acinetobacter;junii	species	282		0.148	0.148	0.0	0.044	1.192	16.511
Bacteria;Pseudomonadota;Gammaproteobacteria;Pseudomonadales;Moraxellaceae;Moraxella;catarrhalis	species	833	Because HMT-098 is not present individually, all equidistant reads were assigned to HMT-833 at this body site (THR).	1.042	1.042	0.0	0.016	7.636	10.28
Bacteria;Candidatus Saccharimonadota;Saccharimonadota [C1];Saccharimonadota [C1 O1];Saccharimonadota [C1 O1 F1];Saccharimonadota [C1 O1 F1 G1];bacterium HMT-352	species	352		0.035	0.035	0.0	0.096	0.076	42.991
Bacteria;Spirochaetota;Spirochaetia;Spirochaetales;Treponemataceae;Treponema;denticola	species	584		0.067	0.067	0.0	0.094	0.313	20.249
Bacteria;Spirochaetota;Spirochaetia;Spirochaetales;Treponemataceae;Treponema;vincentii	species	029	Because HMT-231 is not present individually, all equidistant reads were assigned to HMT-029 at this body site (THR).	0.166	0.166	0.0	0.426	0.486	46.106
Bacteria;Synergistota;Synergistia;Synergistales;Synergistaceae;Fretibacterium;sp. HMT-359	species	359		0.02	0.02	0.0	0.038	0.086	14.019
Bacteria;Actinomycetota;Actinomycetes;Actinomycetales;Actinomycetaceae;Actinomyces;sp. HMT-175	species	175	Neither HMT-175 nor HMT-688 were present singularly so these reads were split evenly at this site (THR).	0.029	0.029	0.0	0.043	0.167	26.168
Bacteria;Actinomycetota;Actinomycetes;Actinomycetales;Actinomycetaceae;Actinomyces;viscosus	species	688	Neither HMT-175 nor HMT-688 were present singularly so these reads were split evenly at this site (THR).	0.029	0.029	0.0	0.043	0.167	26.168
Bacteria;Actinomycetota;Actinomycetes;Mycobacteriales;Corynebacteriaceae;Corynebacterium;minutissimum	species	053	Neither HMT-053 nor HMT-063 were present singularly so these reads were split evenly at this site (THR).	0.013	0.013	0.0	0.0	0.108	5.919
Bacteria;Actinomycetota;Actinomycetes;Mycobacteriales;Corynebacteriaceae;Corynebacterium;singulare	species	063	Neither HMT-053 nor HMT-063 were present singularly so these reads were split evenly at this site (THR).	0.013	0.013	0.0	0.0	0.108	5.919
Bacteria;Bacillota;Clostridia;Eubacteriales;Peptostreptococcaceae;Peptostreptococcaceae [G7 "Eubacterium"];bacterium HMT-922	species	922	Neither HMT-377 nor HMT-922 were present singularly so these reads were split evenly at this site (THR).	0.023	0.023	0.0	0.047	0.09	26.48
Bacteria;Bacillota;Clostridia;Eubacteriales;Peptoniphilaceae;Anaerococcus;prevotii	species	738	Neither HMT-738 nor HMT-788 were present singularly so these reads were split evenly at this site (THR).	0.007	0.007	0.0	0.0	0.126	0.623
Bacteria;Bacillota;Clostridia;Eubacteriales;Peptoniphilaceae;Anaerococcus;tetradius	species	788	Neither HMT-738 nor HMT-788 were present singularly so these reads were split evenly at this site (THR).	0.007	0.007	0.0	0.0	0.126	0.623
Bacteria;Pseudomonadota;Betaproteobacteria;Neisseriales;Neisseriaceae;Neisseria;polysaccharea	species	737	Reads equidistant to HMT-669 and HMT-737 were assigned to each taxon in proportion to the abundance of HMT-669 and HMT-737 individually at this body site (THR).	0.047	0.047	0.0	0.025	0.347	18.692
Bacteria;Pseudomonadota;Betaproteobacteria;Neisseriales;Neisseriaceae;Neisseria;cinerea	species	956	Neither HMT-737 nor HMT-956 were present singularly so these reads were split evenly at this site (THR).	0.047	0.047	0.0	0.025	0.347	18.692
Bacteria;Bacillota;Negativicutes;Selenomonadales;Selenomonadaceae;Selenomonas;sp. HMT-479	species	479	HMTs479-481-639 were not present singularly so these reads were split evenly at this body site (THR)	0.035	0.035	0.0	0.054	0.161	42.679
Bacteria;Bacillota;Negativicutes;Selenomonadales;Selenomonadaceae;Selenomonas;sp. HMT-481	species	481	HMTs479-481-639 were not present singularly so these reads were split evenly at this body site (THR)	0.035	0.035	0.0	0.054	0.161	42.679
Bacteria;Bacillota;Negativicutes;Selenomonadales;Selenomonadaceae;Selenomonas;infelix	species	639	HMTs479-481-639 were not present singularly so these reads were split evenly at this body site (THR)	0.035	0.035	0.0	0.054	0.161	42.679
Bacteria;Bacillota;Bacilli;Lactobacillales;Streptococcaceae;Streptococcus;oralis;subsp. dentisani clade-398	subspecies	398		0.141	0.141	0.0	0.362	0.359	66.044
Bacteria;Bacillota;Clostridia;Eubacteriales;Peptostreptococcaceae;Peptostreptococcaceae [G7 "Eubacterium"];yurii;subsps. yurii&margaretiae	subspecies	377	Neither HMT-377 nor HMT-922 were present singularly so these reads were split evenly at this site (THR).	0.023	0.023	0.0	0.047	0.09	26.48
UNMATCHED				0.886	0.886	0.0	1.305	3.094	89.097
Bacteria;Bacillota;Bacilli;Lactobacillales;Streptococcaceae;Streptococcus;oralis	species		combined from subspecies	0.141	0.141	0.0	0.362	0.359	66.044
Bacteria;Bacillota;Clostridia;Eubacteriales;Peptostreptococcaceae;Peptostreptococcaceae [G7 "Eubacterium"];yurii	species		combined from subspecies	0.023	0.023	0.0	0.047	0.09	26.48
